Warp CUDA error 999: unknown error (in function init_cuda_driver, /builds/omniverse/warp/warp/native/cuda_util.cpp:294)
[INFO] Training with: device=cpu, seed=42, rank=0
[INFO] Logging experiment in directory: logs/rsl_rl/g1_box_transport/2026-04-30_13-11-36
Setting seed: 42
Warp 1.12.1 initialized:
   CUDA Toolkit 12.9, CUDA driver not available (NVRTC compilation available)
   Devices:
     "cpu"      : "x86_64"
   Kernel cache:
     /home/drake/.cache/warp/1.12.1

+--------------------------------+
|        Base Environment        |
+------------------------+-------+
| Property               | Value |
+------------------------+-------+
| Number of environments | 16    |
| Environment device     | cpu   |
| Environment seed       | 42    |
| Physics step-size      | 0.005 |
| Environment step-size  | 0.02  |
+------------------------+-------+

[INFO] <EventManager> contains 2 active terms.
+-------------------------------------+
| Active Event Terms in Mode: 'reset' |
+--------+----------------------------+
| Index  | Name                       |
+--------+----------------------------+
|   0    | reset_base                 |
|   1    | reset_robot_joints         |
|   2    | reset_box                  |
+--------+----------------------------+
+---------------------------------------+
| Active Event Terms in Mode: 'startup' |
+-----------+---------------------------+
|   Index   | Name                      |
+-----------+---------------------------+
|     0     | foot_friction             |
|     1     | encoder_bias              |
|     2     | base_com                  |
+-----------+---------------------------+
+-----------------------------+
| Domain Randomization Fields |
+-------+---------------------+
| Index | Field Name          |
+-------+---------------------+
|   0   | geom_friction       |
|   1   | body_ipos           |
|   2   | body_subtreemass    |
|   3   | dof_invweight0      |
|   4   | body_invweight0     |
|   5   | tendon_length0      |
|   6   | tendon_invweight0   |
+-------+---------------------+

Module repeat_array_kernel_39317a34 8b94c13 load on device 'cpu' took 1.67 ms  (cached)
Module repeat_array_kernel_39317a34 ce20eda load on device 'cpu' took 0.15 ms  (cached)
Module repeat_array_kernel_39317a34 9f9ef38 load on device 'cpu' took 0.11 ms  (cached)
[INFO] <CommandManager> contains 1 active terms.
+---------------------------------------------+
|             Active Command Terms            |
+-------+---------------+---------------------+
| Index | Name          |         Type        |
+-------+---------------+---------------------+
|   0   | box_transport | BoxTransportCommand |
+-------+---------------+---------------------+

[INFO] <ActionManager> contains 1 active terms.
+---------------------------------+
| Active Action Terms (shape: 29) |
+-------+-----------+-------------+
| Index | Name      |   Dimension |
+-------+-----------+-------------+
|   0   | joint_pos |          29 |
+-------+-----------+-------------+

[INFO] <ObservationManager> contains 2 groups.
+------------------------------------------------------------+
| Active Observation Terms in Group: 'actor' (shape: (113,)) |
+--------+-------------------------+-------------------------+
| Index  | Name                    |          Shape          |
+--------+-------------------------+-------------------------+
|   0    | base_ang_vel            |      (3,)  ← 1×(3,)     |
|   1    | projected_gravity       |      (3,)  ← 1×(3,)     |
|   2    | joint_pos               |     (29,)  ← 1×(29,)    |
|   3    | joint_vel               |     (29,)  ← 1×(29,)    |
|   4    | actions                 |     (29,)  ← 1×(29,)    |
|   5    | box_pos                 |      (3,)  ← 1×(3,)     |
|   6    | shelf_pos               |      (3,)  ← 1×(3,)     |
|   7    | box_to_shelf            |      (3,)  ← 1×(3,)     |
|   8    | hand_to_box             |      (6,)  ← 1×(6,)     |
|   9    | box_vel                 |      (3,)  ← 1×(3,)     |
|   10   | box_lifted              |      (1,)  ← 1×(1,)     |
|   11   | task_stage              |      (1,)  ← 1×(1,)     |
+--------+-------------------------+-------------------------+
+-------------------------------------------------------------+
| Active Observation Terms in Group: 'critic' (shape: (128,)) |
+--------+---------------------------+------------------------+
| Index  | Name                      |         Shape          |
+--------+---------------------------+------------------------+
|   0    | base_ang_vel              |     (3,)  ← 1×(3,)     |
|   1    | projected_gravity         |     (3,)  ← 1×(3,)     |
|   2    | joint_pos                 |    (29,)  ← 1×(29,)    |
|   3    | joint_vel                 |    (29,)  ← 1×(29,)    |
|   4    | actions                   |    (29,)  ← 1×(29,)    |
|   5    | base_lin_vel              |     (3,)  ← 1×(3,)     |
|   6    | foot_height               |     (2,)  ← 1×(2,)     |
|   7    | foot_air_time             |     (2,)  ← 1×(2,)     |
|   8    | foot_contact              |     (2,)  ← 1×(2,)     |
|   9    | foot_contact_forces       |     (6,)  ← 1×(6,)     |
|   10   | box_pos                   |     (3,)  ← 1×(3,)     |
|   11   | shelf_pos                 |     (3,)  ← 1×(3,)     |
|   12   | box_to_shelf              |     (3,)  ← 1×(3,)     |
|   13   | hand_to_box               |     (6,)  ← 1×(6,)     |
|   14   | box_vel                   |     (3,)  ← 1×(3,)     |
|   15   | box_lifted                |     (1,)  ← 1×(1,)     |
|   16   | task_stage                |     (1,)  ← 1×(1,)     |
+--------+---------------------------+------------------------+

[INFO] <TerminationManager> contains 5 active terms.
+------------------------------------------+
|         Active Termination Terms         |
+-------+-----------------------+----------+
| Index | Name                  | Time Out |
+-------+-----------------------+----------+
|   0   | time_out              |   True   |
|   1   | fell_over             |  False   |
|   2   | box_dropped           |  False   |
|   3   | box_too_far           |  False   |
|   4   | bad_torso_orientation |  False   |
+-------+-----------------------+----------+

[INFO] <RewardManager> contains 20 active terms.
+-----------------------------------------+
|           Active Reward Terms           |
+-------+----------------------+----------+
| Index | Name                 |   Weight |
+-------+----------------------+----------+
|   0   | body_orientation_l2  |     -1.0 |
|   1   | body_ang_vel         |    -0.05 |
|   2   | angular_momentum     |   -0.025 |
|   3   | is_terminated        |   -200.0 |
|   4   | joint_acc_l2         | -2.5e-07 |
|   5   | joint_pos_limits     |    -10.0 |
|   6   | action_rate_l2       |    -0.05 |
|   7   | foot_clearance       |     -1.0 |
|   8   | foot_slip            |    -0.25 |
|   9   | soft_landing         |   -0.001 |
|   10  | self_collisions      |     -1.0 |
|   11  | base_distance_to_box |      0.5 |
|   12  | reach_box            |      1.0 |
|   13  | lift_box             |      1.5 |
|   14  | keep_box_in_hands    |     0.75 |
|   15  | carry_box_to_shelf   |      2.0 |
|   16  | place_box_on_shelf   |      4.0 |
|   17  | box_upright          |      0.2 |
|   18  | foot_contact_balance |      0.5 |
|   19  | object_drop          |     -2.0 |
+-------+----------------------+----------+

[INFO] <CurriculumManager> contains 1 active terms.
+-----------------------------+
|   Active Curriculum Terms   |
+-------+---------------------+
| Index | Name                |
+-------+---------------------+
|   0   | box_transport_stage |
+-------+---------------------+

[INFO] <MetricsManager> contains 1 active terms.
+-------------------------+
|   Active Metrics Terms  |
+-------+-----------------+
| Index | Name            |
+-------+-----------------+
|   0   | mean_action_acc |
+-------+-----------------+

Module mujoco_warp._src.io 0374352 load on device 'cpu' took 0.52 ms  (cached)
Module mujoco_warp._src.smooth acf48cd load on device 'cpu' took 0.49 ms  (cached)
Module _solve_LD_sparse_fused__locals__kernel_5ee66aa0 919a192 load on device 'cpu' took 0.46 ms  (cached)
/home/drake/unitree_rl_mjlab/.venv/lib/python3.12/site-packages/torch/cuda/__init__.py:180: UserWarning: CUDA initialization: CUDA unknown error - this may be due to an incorrectly set up environment, e.g. changing env variable CUDA_VISIBLE_DEVICES after program start. Setting the available devices to be zero. (Triggered internally at /pytorch/c10/cuda/CUDAFunctions.cpp:119.)
  return torch._C._cuda_getDeviceCount() > 0
wandb: WARNING `start_method` is deprecated and will be removed in a future version of wandb. This setting is currently non-functional and safely ignored.
wandb: Loading settings from /home/drake/.config/wandb/settings
Module reset_data__locals__reset_xfrc_applied_e7898c5c 1f5e12c load on device 'cpu' took 0.31 ms  (cached)
Module reset_data__locals__reset_qM_10d3c793 f59ca3c load on device 'cpu' took 0.19 ms  (cached)
Module reset_data__locals__reset_mocap_ff71f630 d0e4e7e load on device 'cpu' took 0.10 ms  (cached)
Module reset_data__locals__reset_contact_df686d47 3af0a2f load on device 'cpu' took 0.15 ms  (cached)
Module reset_data__locals__reset_nworld_6e0d904e aef9a67 load on device 'cpu' took 0.21 ms  (cached)
Module mujoco_warp._src.collision_driver eed4cf3 load on device 'cpu' took 0.26 ms  (cached)
Module _nxn_broadphase__locals__kernel_e73b1315 157cf89 load on device 'cpu' took 0.30 ms  (cached)
Module ccd_kernel_builder__locals__ccd_kernel_c9a289e6 5f9ef4f load on device 'cpu' took 0.23 ms  (cached)
Module _primitive_narrowphase__locals__primitive_narrowphase_9e9fc2be 98ede77 load on device 'cpu' took 0.38 ms  (cached)
Module mujoco_warp._src.constraint 1e18f25 load on device 'cpu' took 0.42 ms  (cached)
Module mujoco_warp._src.forward 5dcb54e load on device 'cpu' took 0.43 ms  (cached)
Module mujoco_warp._src.passive db38d75 load on device 'cpu' took 0.28 ms  (cached)
Module mujoco_warp._src.sensor 65e135a load on device 'cpu' took 0.49 ms  (cached)
Module mujoco_warp._src.support fda47c6 load on device 'cpu' took 0.17 ms  (cached)
Module mujoco_warp._src.solver 2f1f5c6 load on device 'cpu' took 0.44 ms  (cached)
Module solve_init_jaref__locals__kernel_24f9f203 3edc059 load on device 'cpu' took 0.17 ms  (cached)
Module mul_m_sparse__locals___mul_m_sparse_0e88d329 43cf822 load on device 'cpu' took 0.28 ms  (cached)
Module update_constraint_efc__locals__kernel_32935e9d 7127a83 load on device 'cpu' took 0.19 ms  (cached)
Module update_constraint_gauss_cost__locals__kernel_9d555ae4 3d8e95c load on device 'cpu' took 0.26 ms  (cached)
Module update_gradient_cholesky_blocked__locals__kernel_3f89bed4 0aef8fe load on device 'cpu' took 0.22 ms  (cached)
Module linesearch_jv_fused__locals__kernel_e35111ce 52e6859 load on device 'cpu' took 0.18 ms  (cached)
Module linesearch_prepare_gauss__locals__kernel_bbe2837b 7587d8c load on device 'cpu' took 0.19 ms  (cached)
Module update_constraint_efc__locals__kernel_3c1a9816 0242ddf load on device 'cpu' took 0.32 ms  (cached)
Module update_gradient_cholesky_blocked_skip_unchanged__locals__kernel_b35f4e9a 1ee56aa load on device 'cpu' took 0.49 ms  (cached)
Module _contact_sort__locals__contact_sort_304c86df 71fdfff load on device 'cpu' took 0.19 ms  (cached)
--------------------------------------------------------------------------------
Resolved observation sets: 
	 actor :  ('actor',)
	 critic :  ('critic',)
--------------------------------------------------------------------------------
Actor Model: MLPModel(
  (obs_normalizer): EmpiricalNormalization()
  (distribution): GaussianDistribution()
  (mlp): MLP(
    (0): Linear(in_features=113, out_features=512, bias=True)
    (1): ELU(alpha=1.0)
    (2): Linear(in_features=512, out_features=256, bias=True)
    (3): ELU(alpha=1.0)
    (4): Linear(in_features=256, out_features=128, bias=True)
    (5): ELU(alpha=1.0)
    (6): Linear(in_features=128, out_features=29, bias=True)
  )
)
Critic Model: MLPModel(
  (obs_normalizer): EmpiricalNormalization()
  (mlp): MLP(
    (0): Linear(in_features=128, out_features=512, bias=True)
    (1): ELU(alpha=1.0)
    (2): Linear(in_features=512, out_features=256, bias=True)
    (3): ELU(alpha=1.0)
    (4): Linear(in_features=256, out_features=128, bias=True)
    (5): ELU(alpha=1.0)
    (6): Linear(in_features=128, out_features=1, bias=True)
  )
)
Storing git diff for 'unitree_rl_mjlab' in: logs/rsl_rl/g1_box_transport/2026-04-30_13-11-36/git/unitree_rl_mjlab.diff
Module mujoco_warp._src.derivative ae48e32 load on device 'cpu' took 0.22 ms  (cached)
################################################################################
[1m                            Learning iteration 0/200                            [0m 

                            Total steps: 384 
                       Steps per second: 22 
                        Collection time: 16.585s 
                          Learning time: 0.235s 
                        Mean value loss: 0.5584
                    Mean surrogate loss: -0.0498
                      Mean entropy loss: 34.6925
                            Mean reward: -4.02
                    Mean episode length: 1.00
                        Mean action std: 0.80
     Episode_Reward/body_orientation_l2: -0.0000
            Episode_Reward/body_ang_vel: -0.0000
        Episode_Reward/angular_momentum: -0.0000
           Episode_Reward/is_terminated: -0.3333
            Episode_Reward/joint_acc_l2: -0.0001
        Episode_Reward/joint_pos_limits: 0.0000
          Episode_Reward/action_rate_l2: -0.0014
          Episode_Reward/foot_clearance: -0.0001
               Episode_Reward/foot_slip: 0.0000
            Episode_Reward/soft_landing: 0.0000
         Episode_Reward/self_collisions: -0.0001
    Episode_Reward/base_distance_to_box: 0.0000
               Episode_Reward/reach_box: 0.0000
                Episode_Reward/lift_box: 0.0000
       Episode_Reward/keep_box_in_hands: 0.0000
      Episode_Reward/carry_box_to_shelf: 0.0000
      Episode_Reward/place_box_on_shelf: 0.0000
             Episode_Reward/box_upright: 0.0003
    Episode_Reward/foot_contact_balance: 0.0000
             Episode_Reward/object_drop: 0.0000
        Episode_Metrics/mean_action_acc: 0.6293
         Curriculum/box_transport_stage: 0.0000
     Metrics/box_transport/box_to_shelf: 0.0000
           Episode_Termination/time_out: 0.0000
          Episode_Termination/fell_over: 0.0000
        Episode_Termination/box_dropped: 0.0000
        Episode_Termination/box_too_far: 12.0000
Episode_Termination/bad_torso_orientation: 0.0000
          Metrics/angular_momentum_mean: 1.4558
             Metrics/slip_velocity_mean: 0.3371
             Metrics/landing_force_mean: 235.4715
--------------------------------------------------------------------------------
                         Iteration time: 16.82s
                           Time elapsed: 00:00:16
                                    ETA: 00:55:47

################################################################################
[1m                            Learning iteration 1/200                            [0m 

                            Total steps: 768 
                       Steps per second: 30 
                        Collection time: 12.421s 
                          Learning time: 0.132s 
                        Mean value loss: 0.7907
                    Mean surrogate loss: -0.0625
                      Mean entropy loss: 34.6967
                            Mean reward: -4.17
                    Mean episode length: 7.29
                        Mean action std: 0.80
     Episode_Reward/body_orientation_l2: -0.0010
            Episode_Reward/body_ang_vel: -0.0026
        Episode_Reward/angular_momentum: -0.0075
           Episode_Reward/is_terminated: -0.3194
            Episode_Reward/joint_acc_l2: -0.0032
        Episode_Reward/joint_pos_limits: -0.0034
          Episode_Reward/action_rate_l2: -0.0242
          Episode_Reward/foot_clearance: -0.0010
               Episode_Reward/foot_slip: -0.0009
            Episode_Reward/soft_landing: -0.0013
         Episode_Reward/self_collisions: -0.0128
    Episode_Reward/base_distance_to_box: 0.0025
               Episode_Reward/reach_box: 0.0003
                Episode_Reward/lift_box: 0.0000
       Episode_Reward/keep_box_in_hands: 0.0000
      Episode_Reward/carry_box_to_shelf: 0.0000
      Episode_Reward/place_box_on_shelf: 0.0000
             Episode_Reward/box_upright: 0.0028
    Episode_Reward/foot_contact_balance: 0.0048
             Episode_Reward/object_drop: 0.0000
        Episode_Metrics/mean_action_acc: 0.7844
         Curriculum/box_transport_stage: 0.0000
     Metrics/box_transport/box_to_shelf: 0.1907
           Episode_Termination/time_out: 0.0417
          Episode_Termination/fell_over: 0.0000
        Episode_Termination/box_dropped: 0.0000
        Episode_Termination/box_too_far: 10.0000
Episode_Termination/bad_torso_orientation: 0.1250
          Metrics/angular_momentum_mean: 4.7889
             Metrics/slip_velocity_mean: 0.3010
             Metrics/landing_force_mean: 192.9358
--------------------------------------------------------------------------------
                         Iteration time: 12.55s
                           Time elapsed: 00:00:29
                                    ETA: 00:48:27

################################################################################
[1m                            Learning iteration 2/200                            [0m 

                            Total steps: 1152 
                       Steps per second: 35 
                        Collection time: 10.592s 
                          Learning time: 0.139s 
                        Mean value loss: 4.1618
                    Mean surrogate loss: -0.1019
                      Mean entropy loss: 34.6987
                            Mean reward: -6.11
                    Mean episode length: 34.50
                        Mean action std: 0.80
     Episode_Reward/body_orientation_l2: -0.0144
            Episode_Reward/body_ang_vel: -0.0291
        Episode_Reward/angular_momentum: -0.0530
           Episode_Reward/is_terminated: -0.3333
            Episode_Reward/joint_acc_l2: -0.0276
        Episode_Reward/joint_pos_limits: -0.0126
          Episode_Reward/action_rate_l2: -0.1825
          Episode_Reward/foot_clearance: -0.0072
               Episode_Reward/foot_slip: -0.0070
            Episode_Reward/soft_landing: -0.0106
         Episode_Reward/self_collisions: -0.0807
    Episode_Reward/base_distance_to_box: 0.0246
               Episode_Reward/reach_box: 0.0051
                Episode_Reward/lift_box: 0.0000
       Episode_Reward/keep_box_in_hands: 0.0000
      Episode_Reward/carry_box_to_shelf: 0.0000
      Episode_Reward/place_box_on_shelf: 0.0000
             Episode_Reward/box_upright: 0.0190
    Episode_Reward/foot_contact_balance: 0.0413
             Episode_Reward/object_drop: 0.0000
        Episode_Metrics/mean_action_acc: 1.5550
         Curriculum/box_transport_stage: 0.0000
     Metrics/box_transport/box_to_shelf: 1.3244
           Episode_Termination/time_out: 0.0000
          Episode_Termination/fell_over: 0.0000
        Episode_Termination/box_dropped: 0.0000
        Episode_Termination/box_too_far: 0.0000
Episode_Termination/bad_torso_orientation: 1.0417
          Metrics/angular_momentum_mean: 4.7108
             Metrics/slip_velocity_mean: 0.3623
             Metrics/landing_force_mean: 215.6012
--------------------------------------------------------------------------------
                         Iteration time: 10.73s
                           Time elapsed: 00:00:40
                                    ETA: 00:43:53

################################################################################
[1m                            Learning iteration 3/200                            [0m 

                            Total steps: 1536 
                       Steps per second: 34 
                        Collection time: 11.147s 
                          Learning time: 0.138s 
                        Mean value loss: 0.3956
                    Mean surrogate loss: -0.0808
                      Mean entropy loss: 34.6946
                            Mean reward: -6.11
                    Mean episode length: 34.50
                        Mean action std: 0.80
     Episode_Reward/body_orientation_l2: -0.0282
            Episode_Reward/body_ang_vel: -0.0361
        Episode_Reward/angular_momentum: -0.0435
           Episode_Reward/is_terminated: -0.3333
            Episode_Reward/joint_acc_l2: -0.0281
        Episode_Reward/joint_pos_limits: -0.0221
          Episode_Reward/action_rate_l2: -0.2158
          Episode_Reward/foot_clearance: -0.0076
               Episode_Reward/foot_slip: -0.0079
            Episode_Reward/soft_landing: -0.0122
         Episode_Reward/self_collisions: -0.0992
    Episode_Reward/base_distance_to_box: 0.0455
               Episode_Reward/reach_box: 0.0053
                Episode_Reward/lift_box: 0.0000
       Episode_Reward/keep_box_in_hands: 0.0000
      Episode_Reward/carry_box_to_shelf: 0.0000
      Episode_Reward/place_box_on_shelf: 0.0000
             Episode_Reward/box_upright: 0.0237
    Episode_Reward/foot_contact_balance: 0.0546
             Episode_Reward/object_drop: 0.0000
        Episode_Metrics/mean_action_acc: 1.5453
         Curriculum/box_transport_stage: 0.0000
     Metrics/box_transport/box_to_shelf: 1.1357
           Episode_Termination/time_out: 0.0000
          Episode_Termination/fell_over: 0.0000
        Episode_Termination/box_dropped: 0.0000
        Episode_Termination/box_too_far: 0.0000
Episode_Termination/bad_torso_orientation: 2.0000
          Metrics/angular_momentum_mean: 3.2999
             Metrics/slip_velocity_mean: 0.3393
             Metrics/landing_force_mean: 216.4980
--------------------------------------------------------------------------------
                         Iteration time: 11.28s
                           Time elapsed: 00:00:51
                                    ETA: 00:41:58

################################################################################
[1m                            Learning iteration 4/200                            [0m 

                            Total steps: 1920 
                       Steps per second: 35 
                        Collection time: 10.613s 
                          Learning time: 0.133s 
                        Mean value loss: 1.1187
                    Mean surrogate loss: -0.0880
                      Mean entropy loss: 34.6934
                            Mean reward: -6.43
                    Mean episode length: 38.68
                        Mean action std: 0.80
     Episode_Reward/body_orientation_l2: -0.0144
            Episode_Reward/body_ang_vel: -0.0208
        Episode_Reward/angular_momentum: -0.0472
           Episode_Reward/is_terminated: -0.3333
            Episode_Reward/joint_acc_l2: -0.0259
        Episode_Reward/joint_pos_limits: -0.0065
          Episode_Reward/action_rate_l2: -0.1665
          Episode_Reward/foot_clearance: -0.0070
               Episode_Reward/foot_slip: -0.0062
            Episode_Reward/soft_landing: -0.0122
         Episode_Reward/self_collisions: -0.0372
    Episode_Reward/base_distance_to_box: 0.0065
               Episode_Reward/reach_box: 0.0011
                Episode_Reward/lift_box: 0.0000
       Episode_Reward/keep_box_in_hands: 0.0000
      Episode_Reward/carry_box_to_shelf: 0.0000
      Episode_Reward/place_box_on_shelf: 0.0000
             Episode_Reward/box_upright: 0.0175
    Episode_Reward/foot_contact_balance: 0.0338
             Episode_Reward/object_drop: 0.0000
        Episode_Metrics/mean_action_acc: 1.5736
         Curriculum/box_transport_stage: 0.0000
     Metrics/box_transport/box_to_shelf: 1.0907
           Episode_Termination/time_out: 0.0000
          Episode_Termination/fell_over: 0.0000
        Episode_Termination/box_dropped: 0.0000
        Episode_Termination/box_too_far: 0.0000
Episode_Termination/bad_torso_orientation: 1.9583
          Metrics/angular_momentum_mean: 6.2784
             Metrics/slip_velocity_mean: 0.3049
             Metrics/landing_force_mean: 159.2229
--------------------------------------------------------------------------------
                         Iteration time: 10.75s
                           Time elapsed: 00:01:02
                                    ETA: 00:40:23

################################################################################
[1m                            Learning iteration 5/200                            [0m 

                            Total steps: 2304 
                       Steps per second: 32 
                        Collection time: 11.580s 
                          Learning time: 0.177s 
                        Mean value loss: 0.5730
                    Mean surrogate loss: -0.0898
                      Mean entropy loss: 34.6853
                            Mean reward: -6.76
                    Mean episode length: 43.51
                        Mean action std: 0.80
     Episode_Reward/body_orientation_l2: -0.0236
            Episode_Reward/body_ang_vel: -0.0272
        Episode_Reward/angular_momentum: -0.0443
           Episode_Reward/is_terminated: -0.3333
            Episode_Reward/joint_acc_l2: -0.0249
        Episode_Reward/joint_pos_limits: -0.0157
          Episode_Reward/action_rate_l2: -0.1902
          Episode_Reward/foot_clearance: -0.0067
               Episode_Reward/foot_slip: -0.0055
            Episode_Reward/soft_landing: -0.0123
         Episode_Reward/self_collisions: -0.0673
    Episode_Reward/base_distance_to_box: 0.0174
               Episode_Reward/reach_box: 0.0030
                Episode_Reward/lift_box: 0.0000
       Episode_Reward/keep_box_in_hands: 0.0000
      Episode_Reward/carry_box_to_shelf: 0.0000
      Episode_Reward/place_box_on_shelf: 0.0000
             Episode_Reward/box_upright: 0.0205
    Episode_Reward/foot_contact_balance: 0.0437
             Episode_Reward/object_drop: 0.0000
        Episode_Metrics/mean_action_acc: 1.5565
         Curriculum/box_transport_stage: 0.0000
     Metrics/box_transport/box_to_shelf: 1.1411
           Episode_Termination/time_out: 0.0000
          Episode_Termination/fell_over: 0.0000
        Episode_Termination/box_dropped: 0.0000
        Episode_Termination/box_too_far: 0.0000
Episode_Termination/bad_torso_orientation: 1.1667
          Metrics/angular_momentum_mean: 3.0476
             Metrics/slip_velocity_mean: 0.2824
             Metrics/landing_force_mean: 266.8383
--------------------------------------------------------------------------------
                         Iteration time: 11.76s
                           Time elapsed: 00:01:13
                                    ETA: 00:39:49

################################################################################
[1m                            Learning iteration 6/200                            [0m 

                            Total steps: 2688 
                       Steps per second: 32 
                        Collection time: 11.607s 
                          Learning time: 0.127s 
                        Mean value loss: 0.4636
                    Mean surrogate loss: -0.0818
                      Mean entropy loss: 34.6720
                            Mean reward: -6.87
                    Mean episode length: 45.04
                        Mean action std: 0.80
     Episode_Reward/body_orientation_l2: -0.0145
            Episode_Reward/body_ang_vel: -0.0206
        Episode_Reward/angular_momentum: -0.0545
           Episode_Reward/is_terminated: -0.3333
            Episode_Reward/joint_acc_l2: -0.0239
        Episode_Reward/joint_pos_limits: -0.0053
          Episode_Reward/action_rate_l2: -0.1723
          Episode_Reward/foot_clearance: -0.0076
               Episode_Reward/foot_slip: -0.0069
            Episode_Reward/soft_landing: -0.0106
         Episode_Reward/self_collisions: -0.0854
    Episode_Reward/base_distance_to_box: 0.0201
               Episode_Reward/reach_box: 0.0026
                Episode_Reward/lift_box: 0.0000
       Episode_Reward/keep_box_in_hands: 0.0000
      Episode_Reward/carry_box_to_shelf: 0.0000
      Episode_Reward/place_box_on_shelf: 0.0000
             Episode_Reward/box_upright: 0.0191
    Episode_Reward/foot_contact_balance: 0.0372
             Episode_Reward/object_drop: 0.0000
        Episode_Metrics/mean_action_acc: 1.5199
         Curriculum/box_transport_stage: 0.0000
     Metrics/box_transport/box_to_shelf: 1.0981
           Episode_Termination/time_out: 0.0000
          Episode_Termination/fell_over: 0.0000
        Episode_Termination/box_dropped: 0.0000
        Episode_Termination/box_too_far: 0.0000
Episode_Termination/bad_torso_orientation: 1.0000
          Metrics/angular_momentum_mean: 3.2267
             Metrics/slip_velocity_mean: 0.2862
             Metrics/landing_force_mean: 240.1543
--------------------------------------------------------------------------------
                         Iteration time: 11.73s
                           Time elapsed: 00:01:25
                                    ETA: 00:39:20

################################################################################
[1m                            Learning iteration 7/200                            [0m 

                            Total steps: 3072 
                       Steps per second: 33 
                        Collection time: 11.288s 
                          Learning time: 0.123s 
                        Mean value loss: 0.6537
                    Mean surrogate loss: -0.0867
                      Mean entropy loss: 34.6661
                            Mean reward: -7.03
                    Mean episode length: 47.58
                        Mean action std: 0.80
     Episode_Reward/body_orientation_l2: -0.0196
            Episode_Reward/body_ang_vel: -0.0267
        Episode_Reward/angular_momentum: -0.0554
           Episode_Reward/is_terminated: -0.3333
            Episode_Reward/joint_acc_l2: -0.0253
        Episode_Reward/joint_pos_limits: -0.0155
          Episode_Reward/action_rate_l2: -0.1874
          Episode_Reward/foot_clearance: -0.0070
               Episode_Reward/foot_slip: -0.0067
            Episode_Reward/soft_landing: -0.0115
         Episode_Reward/self_collisions: -0.0699
    Episode_Reward/base_distance_to_box: 0.0334
               Episode_Reward/reach_box: 0.0056
                Episode_Reward/lift_box: 0.0000
       Episode_Reward/keep_box_in_hands: 0.0000
      Episode_Reward/carry_box_to_shelf: 0.0000
      Episode_Reward/place_box_on_shelf: 0.0000
             Episode_Reward/box_upright: 0.0193
    Episode_Reward/foot_contact_balance: 0.0414
             Episode_Reward/object_drop: 0.0000
        Episode_Metrics/mean_action_acc: 1.5568
         Curriculum/box_transport_stage: 0.0000
     Metrics/box_transport/box_to_shelf: 1.1911
           Episode_Termination/time_out: 0.0000
          Episode_Termination/fell_over: 0.0000
        Episode_Termination/box_dropped: 0.0000
        Episode_Termination/box_too_far: 0.0000
Episode_Termination/bad_torso_orientation: 1.1250
          Metrics/angular_momentum_mean: 4.5712
             Metrics/slip_velocity_mean: 0.3291
             Metrics/landing_force_mean: 263.0833
--------------------------------------------------------------------------------
                         Iteration time: 11.41s
                           Time elapsed: 00:01:37
                                    ETA: 00:38:48

################################################################################
[1m                            Learning iteration 8/200                            [0m 

                            Total steps: 3456 
                       Steps per second: 32 
                        Collection time: 11.729s 
                          Learning time: 0.129s 
                        Mean value loss: 0.6390
                    Mean surrogate loss: -0.0828
                      Mean entropy loss: 34.6648
                            Mean reward: -7.13
                    Mean episode length: 49.34
                        Mean action std: 0.80
     Episode_Reward/body_orientation_l2: -0.0166
            Episode_Reward/body_ang_vel: -0.0273
        Episode_Reward/angular_momentum: -0.0542
           Episode_Reward/is_terminated: -0.3333
            Episode_Reward/joint_acc_l2: -0.0299
        Episode_Reward/joint_pos_limits: -0.0148
          Episode_Reward/action_rate_l2: -0.2031
          Episode_Reward/foot_clearance: -0.0073
               Episode_Reward/foot_slip: -0.0066
            Episode_Reward/soft_landing: -0.0127
         Episode_Reward/self_collisions: -0.0710
    Episode_Reward/base_distance_to_box: 0.0312
               Episode_Reward/reach_box: 0.0048
                Episode_Reward/lift_box: 0.0000
       Episode_Reward/keep_box_in_hands: 0.0000
      Episode_Reward/carry_box_to_shelf: 0.0000
      Episode_Reward/place_box_on_shelf: 0.0000
             Episode_Reward/box_upright: 0.0203
    Episode_Reward/foot_contact_balance: 0.0477
             Episode_Reward/object_drop: 0.0000
        Episode_Metrics/mean_action_acc: 1.5478
         Curriculum/box_transport_stage: 0.0000
     Metrics/box_transport/box_to_shelf: 1.1275
           Episode_Termination/time_out: 0.0000
          Episode_Termination/fell_over: 0.0000
        Episode_Termination/box_dropped: 0.0000
        Episode_Termination/box_too_far: 0.0000
Episode_Termination/bad_torso_orientation: 1.2500
          Metrics/angular_momentum_mean: 3.0257
             Metrics/slip_velocity_mean: 0.3194
             Metrics/landing_force_mean: 225.7877
--------------------------------------------------------------------------------
                         Iteration time: 11.86s
                           Time elapsed: 00:01:48
                                    ETA: 00:38:30

################################################################################
[1m                            Learning iteration 9/200                            [0m 

                            Total steps: 3840 
                       Steps per second: 33 
                        Collection time: 11.191s 
                          Learning time: 0.129s 
                        Mean value loss: 0.4243
                    Mean surrogate loss: -0.0773
                      Mean entropy loss: 34.6610
                            Mean reward: -7.18
                    Mean episode length: 50.03
                        Mean action std: 0.80
     Episode_Reward/body_orientation_l2: -0.0159
            Episode_Reward/body_ang_vel: -0.0329
        Episode_Reward/angular_momentum: -0.0506
           Episode_Reward/is_terminated: -0.3333
            Episode_Reward/joint_acc_l2: -0.0310
        Episode_Reward/joint_pos_limits: -0.0181
          Episode_Reward/action_rate_l2: -0.2015
          Episode_Reward/foot_clearance: -0.0070
               Episode_Reward/foot_slip: -0.0067
            Episode_Reward/soft_landing: -0.0107
         Episode_Reward/self_collisions: -0.0662
    Episode_Reward/base_distance_to_box: 0.0241
               Episode_Reward/reach_box: 0.0040
                Episode_Reward/lift_box: 0.0000
       Episode_Reward/keep_box_in_hands: 0.0000
      Episode_Reward/carry_box_to_shelf: 0.0000
      Episode_Reward/place_box_on_shelf: 0.0000
             Episode_Reward/box_upright: 0.0208
    Episode_Reward/foot_contact_balance: 0.0453
             Episode_Reward/object_drop: 0.0000
        Episode_Metrics/mean_action_acc: 1.5827
         Curriculum/box_transport_stage: 0.0000
     Metrics/box_transport/box_to_shelf: 1.1711
           Episode_Termination/time_out: 0.0000
          Episode_Termination/fell_over: 0.0000
        Episode_Termination/box_dropped: 0.0000
        Episode_Termination/box_too_far: 0.0000
Episode_Termination/bad_torso_orientation: 1.0417
          Metrics/angular_momentum_mean: 3.9468
             Metrics/slip_velocity_mean: 0.3785
             Metrics/landing_force_mean: 217.8644
--------------------------------------------------------------------------------
                         Iteration time: 11.32s
                           Time elapsed: 00:02:00
                                    ETA: 00:38:04

################################################################################
[1m                           Learning iteration 10/200                            [0m 

                            Total steps: 4224 
                       Steps per second: 35 
                        Collection time: 10.586s 
                          Learning time: 0.129s 
                        Mean value loss: 0.3962
                    Mean surrogate loss: -0.0884
                      Mean entropy loss: 34.6589
                            Mean reward: -7.25
                    Mean episode length: 51.17
                        Mean action std: 0.80
     Episode_Reward/body_orientation_l2: -0.0229
            Episode_Reward/body_ang_vel: -0.0331
        Episode_Reward/angular_momentum: -0.0517
           Episode_Reward/is_terminated: -0.3333
            Episode_Reward/joint_acc_l2: -0.0306
        Episode_Reward/joint_pos_limits: -0.0155
          Episode_Reward/action_rate_l2: -0.1866
          Episode_Reward/foot_clearance: -0.0072
               Episode_Reward/foot_slip: -0.0065
            Episode_Reward/soft_landing: -0.0109
         Episode_Reward/self_collisions: -0.0572
    Episode_Reward/base_distance_to_box: 0.0292
               Episode_Reward/reach_box: 0.0040
                Episode_Reward/lift_box: 0.0000
       Episode_Reward/keep_box_in_hands: 0.0000
      Episode_Reward/carry_box_to_shelf: 0.0000
      Episode_Reward/place_box_on_shelf: 0.0000
             Episode_Reward/box_upright: 0.0204
    Episode_Reward/foot_contact_balance: 0.0433
             Episode_Reward/object_drop: 0.0000
        Episode_Metrics/mean_action_acc: 1.5359
         Curriculum/box_transport_stage: 0.0000
     Metrics/box_transport/box_to_shelf: 1.1602
           Episode_Termination/time_out: 0.0000
          Episode_Termination/fell_over: 0.0000
        Episode_Termination/box_dropped: 0.0000
        Episode_Termination/box_too_far: 0.0000
Episode_Termination/bad_torso_orientation: 1.0000
          Metrics/angular_momentum_mean: 3.8847
             Metrics/slip_velocity_mean: 0.3206
             Metrics/landing_force_mean: 217.9846
--------------------------------------------------------------------------------
                         Iteration time: 10.72s
                           Time elapsed: 00:02:10
                                    ETA: 00:37:29

################################################################################
[1m                           Learning iteration 11/200                            [0m 

                            Total steps: 4608 
                       Steps per second: 31 
                        Collection time: 11.996s 
                          Learning time: 0.132s 
                        Mean value loss: 0.2863
                    Mean surrogate loss: -0.0876
                      Mean entropy loss: 34.6587
                            Mean reward: -7.35
                    Mean episode length: 52.84
                        Mean action std: 0.80
     Episode_Reward/body_orientation_l2: -0.0117
            Episode_Reward/body_ang_vel: -0.0264
        Episode_Reward/angular_momentum: -0.0548
           Episode_Reward/is_terminated: -0.3333
            Episode_Reward/joint_acc_l2: -0.0257
        Episode_Reward/joint_pos_limits: -0.0163
          Episode_Reward/action_rate_l2: -0.2013
          Episode_Reward/foot_clearance: -0.0070
               Episode_Reward/foot_slip: -0.0068
            Episode_Reward/soft_landing: -0.0125
         Episode_Reward/self_collisions: -0.0712
    Episode_Reward/base_distance_to_box: 0.0384
               Episode_Reward/reach_box: 0.0052
                Episode_Reward/lift_box: 0.0000
       Episode_Reward/keep_box_in_hands: 0.0000
      Episode_Reward/carry_box_to_shelf: 0.0000
      Episode_Reward/place_box_on_shelf: 0.0000
             Episode_Reward/box_upright: 0.0215
    Episode_Reward/foot_contact_balance: 0.0453
             Episode_Reward/object_drop: 0.0000
        Episode_Metrics/mean_action_acc: 1.5276
         Curriculum/box_transport_stage: 0.0000
     Metrics/box_transport/box_to_shelf: 1.1439
           Episode_Termination/time_out: 0.0000
          Episode_Termination/fell_over: 0.0000
        Episode_Termination/box_dropped: 0.0000
        Episode_Termination/box_too_far: 0.0000
Episode_Termination/bad_torso_orientation: 1.0000
          Metrics/angular_momentum_mean: 2.7363
             Metrics/slip_velocity_mean: 0.2894
             Metrics/landing_force_mean: 214.4633
--------------------------------------------------------------------------------
                         Iteration time: 12.13s
                           Time elapsed: 00:02:23
                                    ETA: 00:37:21

################################################################################
[1m                           Learning iteration 12/200                            [0m 

                            Total steps: 4992 
                       Steps per second: 32 
                        Collection time: 11.813s 
                          Learning time: 0.167s 
                        Mean value loss: 0.2126
                    Mean surrogate loss: -0.0827
                      Mean entropy loss: 34.6596
                            Mean reward: -7.38
                    Mean episode length: 53.33
                        Mean action std: 0.80
     Episode_Reward/body_orientation_l2: -0.0118
            Episode_Reward/body_ang_vel: -0.0204
        Episode_Reward/angular_momentum: -0.0520
           Episode_Reward/is_terminated: -0.3333
            Episode_Reward/joint_acc_l2: -0.0233
        Episode_Reward/joint_pos_limits: -0.0087
          Episode_Reward/action_rate_l2: -0.1706
          Episode_Reward/foot_clearance: -0.0064
               Episode_Reward/foot_slip: -0.0053
            Episode_Reward/soft_landing: -0.0105
         Episode_Reward/self_collisions: -0.0576
    Episode_Reward/base_distance_to_box: 0.0218
               Episode_Reward/reach_box: 0.0033
                Episode_Reward/lift_box: 0.0000
       Episode_Reward/keep_box_in_hands: 0.0000
      Episode_Reward/carry_box_to_shelf: 0.0000
      Episode_Reward/place_box_on_shelf: 0.0000
             Episode_Reward/box_upright: 0.0192
    Episode_Reward/foot_contact_balance: 0.0382
             Episode_Reward/object_drop: 0.0000
        Episode_Metrics/mean_action_acc: 1.5007
         Curriculum/box_transport_stage: 0.0000
     Metrics/box_transport/box_to_shelf: 1.1644
           Episode_Termination/time_out: 0.0000
          Episode_Termination/fell_over: 0.0000
        Episode_Termination/box_dropped: 0.0000
        Episode_Termination/box_too_far: 0.0000
Episode_Termination/bad_torso_orientation: 1.1250
          Metrics/angular_momentum_mean: 4.2490
             Metrics/slip_velocity_mean: 0.4183
             Metrics/landing_force_mean: 209.0558
--------------------------------------------------------------------------------
                         Iteration time: 11.98s
                           Time elapsed: 00:02:35
                                    ETA: 00:37:10

################################################################################
[1m                           Learning iteration 13/200                            [0m 

                            Total steps: 5376 
                       Steps per second: 33 
                        Collection time: 11.225s 
                          Learning time: 0.122s 
                        Mean value loss: 0.2677
                    Mean surrogate loss: -0.0833
                      Mean entropy loss: 34.6606
                            Mean reward: -7.48
                    Mean episode length: 54.39
                        Mean action std: 0.80
     Episode_Reward/body_orientation_l2: -0.0283
            Episode_Reward/body_ang_vel: -0.0319
        Episode_Reward/angular_momentum: -0.0584
           Episode_Reward/is_terminated: -0.3333
            Episode_Reward/joint_acc_l2: -0.0324
        Episode_Reward/joint_pos_limits: -0.0279
          Episode_Reward/action_rate_l2: -0.2061
          Episode_Reward/foot_clearance: -0.0069
               Episode_Reward/foot_slip: -0.0065
            Episode_Reward/soft_landing: -0.0127
         Episode_Reward/self_collisions: -0.0712
    Episode_Reward/base_distance_to_box: 0.0186
               Episode_Reward/reach_box: 0.0033
                Episode_Reward/lift_box: 0.0000
       Episode_Reward/keep_box_in_hands: 0.0000
      Episode_Reward/carry_box_to_shelf: 0.0000
      Episode_Reward/place_box_on_shelf: 0.0000
             Episode_Reward/box_upright: 0.0217
    Episode_Reward/foot_contact_balance: 0.0476
             Episode_Reward/object_drop: 0.0000
        Episode_Metrics/mean_action_acc: 1.5626
         Curriculum/box_transport_stage: 0.0000
     Metrics/box_transport/box_to_shelf: 1.0974
           Episode_Termination/time_out: 0.0000
          Episode_Termination/fell_over: 0.0000
        Episode_Termination/box_dropped: 0.0000
        Episode_Termination/box_too_far: 0.0000
Episode_Termination/bad_torso_orientation: 1.0000
          Metrics/angular_momentum_mean: 3.8731
             Metrics/slip_velocity_mean: 0.3193
             Metrics/landing_force_mean: 203.3433
--------------------------------------------------------------------------------
                         Iteration time: 11.35s
                           Time elapsed: 00:02:46
                                    ETA: 00:36:50

################################################################################
[1m                           Learning iteration 14/200                            [0m 

                            Total steps: 5760 
                       Steps per second: 32 
                        Collection time: 11.722s 
                          Learning time: 0.120s 
                        Mean value loss: 0.2330
                    Mean surrogate loss: -0.0851
                      Mean entropy loss: 34.6585
                            Mean reward: -7.54
                    Mean episode length: 55.08
                        Mean action std: 0.80
     Episode_Reward/body_orientation_l2: -0.0192
            Episode_Reward/body_ang_vel: -0.0290
        Episode_Reward/angular_momentum: -0.0474
           Episode_Reward/is_terminated: -0.3333
            Episode_Reward/joint_acc_l2: -0.0293
        Episode_Reward/joint_pos_limits: -0.0184
          Episode_Reward/action_rate_l2: -0.2175
          Episode_Reward/foot_clearance: -0.0079
               Episode_Reward/foot_slip: -0.0079
            Episode_Reward/soft_landing: -0.0133
         Episode_Reward/self_collisions: -0.0696
    Episode_Reward/base_distance_to_box: 0.0112
               Episode_Reward/reach_box: 0.0016
                Episode_Reward/lift_box: 0.0000
       Episode_Reward/keep_box_in_hands: 0.0000
      Episode_Reward/carry_box_to_shelf: 0.0000
      Episode_Reward/place_box_on_shelf: 0.0000
             Episode_Reward/box_upright: 0.0226
    Episode_Reward/foot_contact_balance: 0.0489
             Episode_Reward/object_drop: 0.0000
        Episode_Metrics/mean_action_acc: 1.5827
         Curriculum/box_transport_stage: 0.0000
     Metrics/box_transport/box_to_shelf: 1.1530
           Episode_Termination/time_out: 0.0000
          Episode_Termination/fell_over: 0.0000
        Episode_Termination/box_dropped: 0.0000
        Episode_Termination/box_too_far: 0.0000
Episode_Termination/bad_torso_orientation: 1.0000
          Metrics/angular_momentum_mean: 3.3374
             Metrics/slip_velocity_mean: 0.3322
             Metrics/landing_force_mean: 241.7324
--------------------------------------------------------------------------------
                         Iteration time: 11.84s
                           Time elapsed: 00:02:58
                                    ETA: 00:36:38

################################################################################
[1m                           Learning iteration 15/200                            [0m 

                            Total steps: 6144 
                       Steps per second: 32 
                        Collection time: 11.586s 
                          Learning time: 0.120s 
                        Mean value loss: 0.2271
                    Mean surrogate loss: -0.0851
                      Mean entropy loss: 34.6527
                            Mean reward: -7.58
                    Mean episode length: 55.52
                        Mean action std: 0.80
     Episode_Reward/body_orientation_l2: -0.0191
            Episode_Reward/body_ang_vel: -0.0251
        Episode_Reward/angular_momentum: -0.0468
           Episode_Reward/is_terminated: -0.3333
            Episode_Reward/joint_acc_l2: -0.0256
        Episode_Reward/joint_pos_limits: -0.0138
          Episode_Reward/action_rate_l2: -0.1753
          Episode_Reward/foot_clearance: -0.0067
               Episode_Reward/foot_slip: -0.0061
            Episode_Reward/soft_landing: -0.0099
         Episode_Reward/self_collisions: -0.0558
    Episode_Reward/base_distance_to_box: 0.0195
               Episode_Reward/reach_box: 0.0054
                Episode_Reward/lift_box: 0.0000
       Episode_Reward/keep_box_in_hands: 0.0000
      Episode_Reward/carry_box_to_shelf: 0.0000
      Episode_Reward/place_box_on_shelf: 0.0000
             Episode_Reward/box_upright: 0.0158
    Episode_Reward/foot_contact_balance: 0.0387
             Episode_Reward/object_drop: 0.0000
        Episode_Metrics/mean_action_acc: 1.5571
         Curriculum/box_transport_stage: 0.0000
     Metrics/box_transport/box_to_shelf: 1.1346
           Episode_Termination/time_out: 0.0000
          Episode_Termination/fell_over: 0.0000
        Episode_Termination/box_dropped: 0.0000
        Episode_Termination/box_too_far: 0.0000
Episode_Termination/bad_torso_orientation: 1.2917
          Metrics/angular_momentum_mean: 3.3028
             Metrics/slip_velocity_mean: 0.3642
             Metrics/landing_force_mean: 245.7966
--------------------------------------------------------------------------------
                         Iteration time: 11.71s
                           Time elapsed: 00:03:09
                                    ETA: 00:36:24

################################################################################
[1m                           Learning iteration 16/200                            [0m 

                            Total steps: 6528 
                       Steps per second: 34 
                        Collection time: 10.967s 
                          Learning time: 0.290s 
                        Mean value loss: 0.2134
                    Mean surrogate loss: -0.0858
                      Mean entropy loss: 34.6462
                            Mean reward: -7.92
                    Mean episode length: 60.71
                        Mean action std: 0.80
     Episode_Reward/body_orientation_l2: -0.0321
            Episode_Reward/body_ang_vel: -0.0307
        Episode_Reward/angular_momentum: -0.0419
           Episode_Reward/is_terminated: -0.3333
            Episode_Reward/joint_acc_l2: -0.0297
        Episode_Reward/joint_pos_limits: -0.0181
          Episode_Reward/action_rate_l2: -0.2093
          Episode_Reward/foot_clearance: -0.0081
               Episode_Reward/foot_slip: -0.0083
            Episode_Reward/soft_landing: -0.0149
         Episode_Reward/self_collisions: -0.0710
    Episode_Reward/base_distance_to_box: 0.0299
               Episode_Reward/reach_box: 0.0041
                Episode_Reward/lift_box: 0.0000
       Episode_Reward/keep_box_in_hands: 0.0000
      Episode_Reward/carry_box_to_shelf: 0.0000
      Episode_Reward/place_box_on_shelf: 0.0000
             Episode_Reward/box_upright: 0.0222
    Episode_Reward/foot_contact_balance: 0.0466
             Episode_Reward/object_drop: 0.0000
        Episode_Metrics/mean_action_acc: 1.5572
         Curriculum/box_transport_stage: 0.0000
     Metrics/box_transport/box_to_shelf: 1.1628
           Episode_Termination/time_out: 0.0000
          Episode_Termination/fell_over: 0.0000
        Episode_Termination/box_dropped: 0.0000
        Episode_Termination/box_too_far: 0.0000
Episode_Termination/bad_torso_orientation: 1.1250
          Metrics/angular_momentum_mean: 3.7450
             Metrics/slip_velocity_mean: 0.3401
             Metrics/landing_force_mean: 249.6367
--------------------------------------------------------------------------------
                         Iteration time: 11.26s
                           Time elapsed: 00:03:21
                                    ETA: 00:36:05

################################################################################
[1m                           Learning iteration 17/200                            [0m 

                            Total steps: 6912 
                       Steps per second: 31 
                        Collection time: 11.886s 
                          Learning time: 0.135s 
                        Mean value loss: 0.1838
                    Mean surrogate loss: -0.0851
                      Mean entropy loss: 34.6402
                            Mean reward: -8.11
                    Mean episode length: 62.80
                        Mean action std: 0.80
     Episode_Reward/body_orientation_l2: -0.0126
            Episode_Reward/body_ang_vel: -0.0197
        Episode_Reward/angular_momentum: -0.0483
           Episode_Reward/is_terminated: -0.3333
            Episode_Reward/joint_acc_l2: -0.0238
        Episode_Reward/joint_pos_limits: -0.0109
          Episode_Reward/action_rate_l2: -0.1884
          Episode_Reward/foot_clearance: -0.0064
               Episode_Reward/foot_slip: -0.0051
            Episode_Reward/soft_landing: -0.0115
         Episode_Reward/self_collisions: -0.0873
    Episode_Reward/base_distance_to_box: 0.0225
               Episode_Reward/reach_box: 0.0046
                Episode_Reward/lift_box: 0.0000
       Episode_Reward/keep_box_in_hands: 0.0000
      Episode_Reward/carry_box_to_shelf: 0.0000
      Episode_Reward/place_box_on_shelf: 0.0000
             Episode_Reward/box_upright: 0.0165
    Episode_Reward/foot_contact_balance: 0.0402
             Episode_Reward/object_drop: 0.0000
        Episode_Metrics/mean_action_acc: 1.6154
         Curriculum/box_transport_stage: 0.0000
     Metrics/box_transport/box_to_shelf: 1.1904
           Episode_Termination/time_out: 0.0000
          Episode_Termination/fell_over: 0.0000
        Episode_Termination/box_dropped: 0.0000
        Episode_Termination/box_too_far: 0.0000
Episode_Termination/bad_torso_orientation: 1.0417
          Metrics/angular_momentum_mean: 3.9673
             Metrics/slip_velocity_mean: 0.3329
             Metrics/landing_force_mean: 259.9497
--------------------------------------------------------------------------------
                         Iteration time: 12.02s
                           Time elapsed: 00:03:33
                                    ETA: 00:35:55

################################################################################
[1m                           Learning iteration 18/200                            [0m 

                            Total steps: 7296 
                       Steps per second: 33 
                        Collection time: 11.337s 
                          Learning time: 0.191s 
                        Mean value loss: 0.2483
                    Mean surrogate loss: -0.0817
                      Mean entropy loss: 34.6393
                            Mean reward: -8.13
                    Mean episode length: 63.00
                        Mean action std: 0.80
     Episode_Reward/body_orientation_l2: -0.0300
            Episode_Reward/body_ang_vel: -0.0210
        Episode_Reward/angular_momentum: -0.0428
           Episode_Reward/is_terminated: -0.3333
            Episode_Reward/joint_acc_l2: -0.0243
        Episode_Reward/joint_pos_limits: -0.0161
          Episode_Reward/action_rate_l2: -0.2021
          Episode_Reward/foot_clearance: -0.0066
               Episode_Reward/foot_slip: -0.0069
            Episode_Reward/soft_landing: -0.0110
         Episode_Reward/self_collisions: -0.0799
    Episode_Reward/base_distance_to_box: 0.0087
               Episode_Reward/reach_box: 0.0020
                Episode_Reward/lift_box: 0.0000
       Episode_Reward/keep_box_in_hands: 0.0000
      Episode_Reward/carry_box_to_shelf: 0.0000
      Episode_Reward/place_box_on_shelf: 0.0000
             Episode_Reward/box_upright: 0.0209
    Episode_Reward/foot_contact_balance: 0.0465
             Episode_Reward/object_drop: 0.0000
        Episode_Metrics/mean_action_acc: 1.5634
         Curriculum/box_transport_stage: 0.0000
     Metrics/box_transport/box_to_shelf: 1.1927
           Episode_Termination/time_out: 0.0000
          Episode_Termination/fell_over: 0.0000
        Episode_Termination/box_dropped: 0.0000
        Episode_Termination/box_too_far: 0.0000
Episode_Termination/bad_torso_orientation: 1.1250
          Metrics/angular_momentum_mean: 3.3345
             Metrics/slip_velocity_mean: 0.3212
             Metrics/landing_force_mean: 256.3845
--------------------------------------------------------------------------------
                         Iteration time: 11.53s
                           Time elapsed: 00:03:44
                                    ETA: 00:35:40

################################################################################
[1m                           Learning iteration 19/200                            [0m 

                            Total steps: 7680 
                       Steps per second: 33 
                        Collection time: 11.367s 
                          Learning time: 0.141s 
                        Mean value loss: 0.1754
                    Mean surrogate loss: -0.0814
                      Mean entropy loss: 34.6401
                            Mean reward: -8.16
                    Mean episode length: 63.17
                        Mean action std: 0.80
     Episode_Reward/body_orientation_l2: -0.0328
            Episode_Reward/body_ang_vel: -0.0263
        Episode_Reward/angular_momentum: -0.0441
           Episode_Reward/is_terminated: -0.3333
            Episode_Reward/joint_acc_l2: -0.0273
        Episode_Reward/joint_pos_limits: -0.0245
          Episode_Reward/action_rate_l2: -0.2085
          Episode_Reward/foot_clearance: -0.0078
               Episode_Reward/foot_slip: -0.0066
            Episode_Reward/soft_landing: -0.0111
         Episode_Reward/self_collisions: -0.0776
    Episode_Reward/base_distance_to_box: 0.0232
               Episode_Reward/reach_box: 0.0036
                Episode_Reward/lift_box: 0.0000
       Episode_Reward/keep_box_in_hands: 0.0000
      Episode_Reward/carry_box_to_shelf: 0.0000
      Episode_Reward/place_box_on_shelf: 0.0000
             Episode_Reward/box_upright: 0.0216
    Episode_Reward/foot_contact_balance: 0.0434
             Episode_Reward/object_drop: 0.0000
        Episode_Metrics/mean_action_acc: 1.5819
         Curriculum/box_transport_stage: 0.0000
     Metrics/box_transport/box_to_shelf: 1.1268
           Episode_Termination/time_out: 0.0000
          Episode_Termination/fell_over: 0.0000
        Episode_Termination/box_dropped: 0.0000
        Episode_Termination/box_too_far: 0.0000
Episode_Termination/bad_torso_orientation: 1.2500
          Metrics/angular_momentum_mean: 3.5219
             Metrics/slip_velocity_mean: 0.4405
             Metrics/landing_force_mean: 195.5341
--------------------------------------------------------------------------------
                         Iteration time: 11.51s
                           Time elapsed: 00:03:56
                                    ETA: 00:35:26

################################################################################
[1m                           Learning iteration 20/200                            [0m 

                            Total steps: 8064 
                       Steps per second: 33 
                        Collection time: 11.516s 
                          Learning time: 0.119s 
                        Mean value loss: 0.1180
                    Mean surrogate loss: -0.0860
                      Mean entropy loss: 34.6385
                            Mean reward: -8.15
                    Mean episode length: 63.32
                        Mean action std: 0.80
     Episode_Reward/body_orientation_l2: -0.0169
            Episode_Reward/body_ang_vel: -0.0269
        Episode_Reward/angular_momentum: -0.0455
           Episode_Reward/is_terminated: -0.3333
            Episode_Reward/joint_acc_l2: -0.0266
        Episode_Reward/joint_pos_limits: -0.0194
          Episode_Reward/action_rate_l2: -0.1975
          Episode_Reward/foot_clearance: -0.0079
               Episode_Reward/foot_slip: -0.0080
            Episode_Reward/soft_landing: -0.0142
         Episode_Reward/self_collisions: -0.0678
    Episode_Reward/base_distance_to_box: 0.0317
               Episode_Reward/reach_box: 0.0040
                Episode_Reward/lift_box: 0.0000
       Episode_Reward/keep_box_in_hands: 0.0000
      Episode_Reward/carry_box_to_shelf: 0.0000
      Episode_Reward/place_box_on_shelf: 0.0000
             Episode_Reward/box_upright: 0.0205
    Episode_Reward/foot_contact_balance: 0.0461
             Episode_Reward/object_drop: 0.0000
        Episode_Metrics/mean_action_acc: 1.5805
         Curriculum/box_transport_stage: 0.0000
     Metrics/box_transport/box_to_shelf: 1.1567
           Episode_Termination/time_out: 0.0000
          Episode_Termination/fell_over: 0.0000
        Episode_Termination/box_dropped: 0.0000
        Episode_Termination/box_too_far: 0.0000
Episode_Termination/bad_torso_orientation: 1.2500
          Metrics/angular_momentum_mean: 3.5154
             Metrics/slip_velocity_mean: 0.3018
             Metrics/landing_force_mean: 199.4641
--------------------------------------------------------------------------------
                         Iteration time: 11.63s
                           Time elapsed: 00:04:07
                                    ETA: 00:35:12

################################################################################
[1m                           Learning iteration 21/200                            [0m 

                            Total steps: 8448 
                       Steps per second: 31 
                        Collection time: 12.061s 
                          Learning time: 0.153s 
                        Mean value loss: 0.1078
                    Mean surrogate loss: -0.0866
                      Mean entropy loss: 34.6322
                            Mean reward: -8.15
                    Mean episode length: 63.46
                        Mean action std: 0.80
     Episode_Reward/body_orientation_l2: -0.0329
            Episode_Reward/body_ang_vel: -0.0253
        Episode_Reward/angular_momentum: -0.0487
           Episode_Reward/is_terminated: -0.3333
            Episode_Reward/joint_acc_l2: -0.0264
        Episode_Reward/joint_pos_limits: -0.0207
          Episode_Reward/action_rate_l2: -0.2077
          Episode_Reward/foot_clearance: -0.0084
               Episode_Reward/foot_slip: -0.0078
            Episode_Reward/soft_landing: -0.0141
         Episode_Reward/self_collisions: -0.0732
    Episode_Reward/base_distance_to_box: 0.0243
               Episode_Reward/reach_box: 0.0037
                Episode_Reward/lift_box: 0.0000
       Episode_Reward/keep_box_in_hands: 0.0000
      Episode_Reward/carry_box_to_shelf: 0.0000
      Episode_Reward/place_box_on_shelf: 0.0000
             Episode_Reward/box_upright: 0.0227
    Episode_Reward/foot_contact_balance: 0.0465
             Episode_Reward/object_drop: 0.0000
        Episode_Metrics/mean_action_acc: 1.5478
         Curriculum/box_transport_stage: 0.0000
     Metrics/box_transport/box_to_shelf: 1.1100
           Episode_Termination/time_out: 0.0000
          Episode_Termination/fell_over: 0.0000
        Episode_Termination/box_dropped: 0.0000
        Episode_Termination/box_too_far: 0.0000
Episode_Termination/bad_torso_orientation: 1.0000
          Metrics/angular_momentum_mean: 2.6323
             Metrics/slip_velocity_mean: 0.3158
             Metrics/landing_force_mean: 179.3005
--------------------------------------------------------------------------------
                         Iteration time: 12.21s
                           Time elapsed: 00:04:20
                                    ETA: 00:35:04

################################################################################
[1m                           Learning iteration 22/200                            [0m 

                            Total steps: 8832 
                       Steps per second: 34 
                        Collection time: 10.861s 
                          Learning time: 0.116s 
                        Mean value loss: 0.1246
                    Mean surrogate loss: -0.0877
                      Mean entropy loss: 34.6266
                            Mean reward: -8.18
                    Mean episode length: 63.82
                        Mean action std: 0.80
     Episode_Reward/body_orientation_l2: -0.0291
            Episode_Reward/body_ang_vel: -0.0246
        Episode_Reward/angular_momentum: -0.0472
           Episode_Reward/is_terminated: -0.3333
            Episode_Reward/joint_acc_l2: -0.0283
        Episode_Reward/joint_pos_limits: -0.0270
          Episode_Reward/action_rate_l2: -0.2073
          Episode_Reward/foot_clearance: -0.0090
               Episode_Reward/foot_slip: -0.0098
            Episode_Reward/soft_landing: -0.0154
         Episode_Reward/self_collisions: -0.0723
    Episode_Reward/base_distance_to_box: 0.0261
               Episode_Reward/reach_box: 0.0035
                Episode_Reward/lift_box: 0.0000
       Episode_Reward/keep_box_in_hands: 0.0000
      Episode_Reward/carry_box_to_shelf: 0.0000
      Episode_Reward/place_box_on_shelf: 0.0000
             Episode_Reward/box_upright: 0.0219
    Episode_Reward/foot_contact_balance: 0.0459
             Episode_Reward/object_drop: 0.0000
        Episode_Metrics/mean_action_acc: 1.5518
         Curriculum/box_transport_stage: 0.0000
     Metrics/box_transport/box_to_shelf: 1.1254
           Episode_Termination/time_out: 0.0000
          Episode_Termination/fell_over: 0.0000
        Episode_Termination/box_dropped: 0.0000
        Episode_Termination/box_too_far: 0.0000
Episode_Termination/bad_torso_orientation: 1.2083
          Metrics/angular_momentum_mean: 4.3972
             Metrics/slip_velocity_mean: 0.3422
             Metrics/landing_force_mean: 199.9222
--------------------------------------------------------------------------------
                         Iteration time: 10.98s
                           Time elapsed: 00:04:31
                                    ETA: 00:34:46

################################################################################
[1m                           Learning iteration 23/200                            [0m 

                            Total steps: 9216 
                       Steps per second: 35 
                        Collection time: 10.790s 
                          Learning time: 0.114s 
                        Mean value loss: 0.1283
                    Mean surrogate loss: -0.0780
                      Mean entropy loss: 34.6219
                            Mean reward: -8.20
                    Mean episode length: 64.46
                        Mean action std: 0.80
     Episode_Reward/body_orientation_l2: -0.0293
            Episode_Reward/body_ang_vel: -0.0272
        Episode_Reward/angular_momentum: -0.0416
           Episode_Reward/is_terminated: -0.3333
            Episode_Reward/joint_acc_l2: -0.0300
        Episode_Reward/joint_pos_limits: -0.0200
          Episode_Reward/action_rate_l2: -0.2204
          Episode_Reward/foot_clearance: -0.0089
               Episode_Reward/foot_slip: -0.0087
            Episode_Reward/soft_landing: -0.0155
         Episode_Reward/self_collisions: -0.0702
    Episode_Reward/base_distance_to_box: 0.0269
               Episode_Reward/reach_box: 0.0056
                Episode_Reward/lift_box: 0.0000
       Episode_Reward/keep_box_in_hands: 0.0000
      Episode_Reward/carry_box_to_shelf: 0.0000
      Episode_Reward/place_box_on_shelf: 0.0000
             Episode_Reward/box_upright: 0.0210
    Episode_Reward/foot_contact_balance: 0.0494
             Episode_Reward/object_drop: 0.0000
        Episode_Metrics/mean_action_acc: 1.5628
         Curriculum/box_transport_stage: 0.0000
     Metrics/box_transport/box_to_shelf: 1.1056
           Episode_Termination/time_out: 0.0000
          Episode_Termination/fell_over: 0.0000
        Episode_Termination/box_dropped: 0.0000
        Episode_Termination/box_too_far: 0.0000
Episode_Termination/bad_torso_orientation: 1.0417
          Metrics/angular_momentum_mean: 3.1244
             Metrics/slip_velocity_mean: 0.3136
             Metrics/landing_force_mean: 228.7599
--------------------------------------------------------------------------------
                         Iteration time: 10.90s
                           Time elapsed: 00:04:41
                                    ETA: 00:34:27

################################################################################
[1m                           Learning iteration 24/200                            [0m 

                            Total steps: 9600 
                       Steps per second: 31 
                        Collection time: 11.932s 
                          Learning time: 0.228s 
                        Mean value loss: 0.1283
                    Mean surrogate loss: -0.0807
                      Mean entropy loss: 34.6132
                            Mean reward: -8.22
                    Mean episode length: 65.01
                        Mean action std: 0.80
     Episode_Reward/body_orientation_l2: -0.0235
            Episode_Reward/body_ang_vel: -0.0287
        Episode_Reward/angular_momentum: -0.0556
           Episode_Reward/is_terminated: -0.3333
            Episode_Reward/joint_acc_l2: -0.0338
        Episode_Reward/joint_pos_limits: -0.0187
          Episode_Reward/action_rate_l2: -0.2536
          Episode_Reward/foot_clearance: -0.0086
               Episode_Reward/foot_slip: -0.0064
            Episode_Reward/soft_landing: -0.0156
         Episode_Reward/self_collisions: -0.1132
    Episode_Reward/base_distance_to_box: 0.0355
               Episode_Reward/reach_box: 0.0039
                Episode_Reward/lift_box: 0.0000
       Episode_Reward/keep_box_in_hands: 0.0000
      Episode_Reward/carry_box_to_shelf: 0.0000
      Episode_Reward/place_box_on_shelf: 0.0000
             Episode_Reward/box_upright: 0.0271
    Episode_Reward/foot_contact_balance: 0.0567
             Episode_Reward/object_drop: 0.0000
        Episode_Metrics/mean_action_acc: 1.5568
         Curriculum/box_transport_stage: 0.0000
     Metrics/box_transport/box_to_shelf: 1.0965
           Episode_Termination/time_out: 0.0000
          Episode_Termination/fell_over: 0.0000
        Episode_Termination/box_dropped: 0.0000
        Episode_Termination/box_too_far: 0.0000
Episode_Termination/bad_torso_orientation: 1.0000
          Metrics/angular_momentum_mean: 3.5751
             Metrics/slip_velocity_mean: 0.3413
             Metrics/landing_force_mean: 173.3788
--------------------------------------------------------------------------------
                         Iteration time: 12.16s
                           Time elapsed: 00:04:54
                                    ETA: 00:34:18

################################################################################
[1m                           Learning iteration 25/200                            [0m 

                            Total steps: 9984 
                       Steps per second: 31 
                        Collection time: 11.981s 
                          Learning time: 0.182s 
                        Mean value loss: 0.0976
                    Mean surrogate loss: -0.0896
                      Mean entropy loss: 34.6080
                            Mean reward: -8.22
                    Mean episode length: 64.45
                        Mean action std: 0.80
     Episode_Reward/body_orientation_l2: -0.0140
            Episode_Reward/body_ang_vel: -0.0301
        Episode_Reward/angular_momentum: -0.0526
           Episode_Reward/is_terminated: -0.3333
            Episode_Reward/joint_acc_l2: -0.0271
        Episode_Reward/joint_pos_limits: -0.0126
          Episode_Reward/action_rate_l2: -0.1889
          Episode_Reward/foot_clearance: -0.0067
               Episode_Reward/foot_slip: -0.0061
            Episode_Reward/soft_landing: -0.0112
         Episode_Reward/self_collisions: -0.0695
    Episode_Reward/base_distance_to_box: 0.0249
               Episode_Reward/reach_box: 0.0127
                Episode_Reward/lift_box: 0.0000
       Episode_Reward/keep_box_in_hands: 0.0000
      Episode_Reward/carry_box_to_shelf: 0.0000
      Episode_Reward/place_box_on_shelf: 0.0000
             Episode_Reward/box_upright: 0.0141
    Episode_Reward/foot_contact_balance: 0.0399
             Episode_Reward/object_drop: 0.0000
        Episode_Metrics/mean_action_acc: 1.5900
         Curriculum/box_transport_stage: 0.0000
     Metrics/box_transport/box_to_shelf: 1.1903
           Episode_Termination/time_out: 0.0000
          Episode_Termination/fell_over: 0.0000
        Episode_Termination/box_dropped: 0.0000
        Episode_Termination/box_too_far: 0.0000
Episode_Termination/bad_torso_orientation: 1.2083
          Metrics/angular_momentum_mean: 4.1005
             Metrics/slip_velocity_mean: 0.2914
             Metrics/landing_force_mean: 210.3856
--------------------------------------------------------------------------------
                         Iteration time: 12.16s
                           Time elapsed: 00:05:06
                                    ETA: 00:34:09

################################################################################
[1m                           Learning iteration 26/200                            [0m 

                            Total steps: 10368 
                       Steps per second: 32 
                        Collection time: 11.795s 
                          Learning time: 0.112s 
                        Mean value loss: 0.1104
                    Mean surrogate loss: -0.0839
                      Mean entropy loss: 34.6069
                            Mean reward: -8.23
                    Mean episode length: 64.84
                        Mean action std: 0.80
     Episode_Reward/body_orientation_l2: -0.0209
            Episode_Reward/body_ang_vel: -0.0291
        Episode_Reward/angular_momentum: -0.0489
           Episode_Reward/is_terminated: -0.3333
            Episode_Reward/joint_acc_l2: -0.0269
        Episode_Reward/joint_pos_limits: -0.0121
          Episode_Reward/action_rate_l2: -0.1955
          Episode_Reward/foot_clearance: -0.0078
               Episode_Reward/foot_slip: -0.0075
            Episode_Reward/soft_landing: -0.0117
         Episode_Reward/self_collisions: -0.0687
    Episode_Reward/base_distance_to_box: 0.0259
               Episode_Reward/reach_box: 0.0071
                Episode_Reward/lift_box: 0.0000
       Episode_Reward/keep_box_in_hands: 0.0000
      Episode_Reward/carry_box_to_shelf: 0.0000
      Episode_Reward/place_box_on_shelf: 0.0000
             Episode_Reward/box_upright: 0.0161
    Episode_Reward/foot_contact_balance: 0.0410
             Episode_Reward/object_drop: 0.0000
        Episode_Metrics/mean_action_acc: 1.5527
         Curriculum/box_transport_stage: 0.0000
     Metrics/box_transport/box_to_shelf: 1.0557
           Episode_Termination/time_out: 0.0000
          Episode_Termination/fell_over: 0.0000
        Episode_Termination/box_dropped: 0.0000
        Episode_Termination/box_too_far: 0.0000
Episode_Termination/bad_torso_orientation: 1.0000
          Metrics/angular_momentum_mean: 3.3351
             Metrics/slip_velocity_mean: 0.3095
             Metrics/landing_force_mean: 207.3816
--------------------------------------------------------------------------------
                         Iteration time: 11.91s
                           Time elapsed: 00:05:18
                                    ETA: 00:33:58

################################################################################
[1m                           Learning iteration 27/200                            [0m 

                            Total steps: 10752 
                       Steps per second: 31 
                        Collection time: 11.873s 
                          Learning time: 0.139s 
                        Mean value loss: 0.0839
                    Mean surrogate loss: -0.0811
                      Mean entropy loss: 34.6057
                            Mean reward: -8.25
                    Mean episode length: 64.81
                        Mean action std: 0.80
     Episode_Reward/body_orientation_l2: -0.0163
            Episode_Reward/body_ang_vel: -0.0304
        Episode_Reward/angular_momentum: -0.0551
           Episode_Reward/is_terminated: -0.3333
            Episode_Reward/joint_acc_l2: -0.0304
        Episode_Reward/joint_pos_limits: -0.0122
          Episode_Reward/action_rate_l2: -0.2102
          Episode_Reward/foot_clearance: -0.0073
               Episode_Reward/foot_slip: -0.0076
            Episode_Reward/soft_landing: -0.0143
         Episode_Reward/self_collisions: -0.0776
    Episode_Reward/base_distance_to_box: 0.0209
               Episode_Reward/reach_box: 0.0031
                Episode_Reward/lift_box: 0.0000
       Episode_Reward/keep_box_in_hands: 0.0000
      Episode_Reward/carry_box_to_shelf: 0.0000
      Episode_Reward/place_box_on_shelf: 0.0000
             Episode_Reward/box_upright: 0.0222
    Episode_Reward/foot_contact_balance: 0.0492
             Episode_Reward/object_drop: 0.0000
        Episode_Metrics/mean_action_acc: 1.5673
         Curriculum/box_transport_stage: 0.0000
     Metrics/box_transport/box_to_shelf: 1.1989
           Episode_Termination/time_out: 0.0000
          Episode_Termination/fell_over: 0.0000
        Episode_Termination/box_dropped: 0.0000
        Episode_Termination/box_too_far: 0.0000
Episode_Termination/bad_torso_orientation: 1.0000
          Metrics/angular_momentum_mean: 3.6221
             Metrics/slip_velocity_mean: 0.3220
             Metrics/landing_force_mean: 217.7344
--------------------------------------------------------------------------------
                         Iteration time: 12.01s
                           Time elapsed: 00:05:30
                                    ETA: 00:33:48

################################################################################
[1m                           Learning iteration 28/200                            [0m 

                            Total steps: 11136 
                       Steps per second: 32 
                        Collection time: 11.535s 
                          Learning time: 0.117s 
                        Mean value loss: 0.0693
                    Mean surrogate loss: -0.0847
                      Mean entropy loss: 34.6008
                            Mean reward: -8.21
                    Mean episode length: 64.49
                        Mean action std: 0.80
     Episode_Reward/body_orientation_l2: -0.0182
            Episode_Reward/body_ang_vel: -0.0295
        Episode_Reward/angular_momentum: -0.0573
           Episode_Reward/is_terminated: -0.3333
            Episode_Reward/joint_acc_l2: -0.0265
        Episode_Reward/joint_pos_limits: -0.0101
          Episode_Reward/action_rate_l2: -0.1936
          Episode_Reward/foot_clearance: -0.0069
               Episode_Reward/foot_slip: -0.0065
            Episode_Reward/soft_landing: -0.0125
         Episode_Reward/self_collisions: -0.0603
    Episode_Reward/base_distance_to_box: 0.0249
               Episode_Reward/reach_box: 0.0042
                Episode_Reward/lift_box: 0.0000
       Episode_Reward/keep_box_in_hands: 0.0000
      Episode_Reward/carry_box_to_shelf: 0.0000
      Episode_Reward/place_box_on_shelf: 0.0000
             Episode_Reward/box_upright: 0.0189
    Episode_Reward/foot_contact_balance: 0.0429
             Episode_Reward/object_drop: 0.0000
        Episode_Metrics/mean_action_acc: 1.5922
         Curriculum/box_transport_stage: 0.0000
     Metrics/box_transport/box_to_shelf: 1.0925
           Episode_Termination/time_out: 0.0000
          Episode_Termination/fell_over: 0.0000
        Episode_Termination/box_dropped: 0.0000
        Episode_Termination/box_too_far: 0.0000
Episode_Termination/bad_torso_orientation: 1.0000
          Metrics/angular_momentum_mean: 2.9187
             Metrics/slip_velocity_mean: 0.3241
             Metrics/landing_force_mean: 248.4392
--------------------------------------------------------------------------------
                         Iteration time: 11.65s
                           Time elapsed: 00:05:41
                                    ETA: 00:33:35

################################################################################
[1m                           Learning iteration 29/200                            [0m 

                            Total steps: 11520 
                       Steps per second: 32 
                        Collection time: 11.831s 
                          Learning time: 0.118s 
                        Mean value loss: 0.0629
                    Mean surrogate loss: -0.0866
                      Mean entropy loss: 34.5948
                            Mean reward: -8.22
                    Mean episode length: 64.71
                        Mean action std: 0.80
     Episode_Reward/body_orientation_l2: -0.0337
            Episode_Reward/body_ang_vel: -0.0213
        Episode_Reward/angular_momentum: -0.0452
           Episode_Reward/is_terminated: -0.3333
            Episode_Reward/joint_acc_l2: -0.0263
        Episode_Reward/joint_pos_limits: -0.0160
          Episode_Reward/action_rate_l2: -0.2100
          Episode_Reward/foot_clearance: -0.0063
               Episode_Reward/foot_slip: -0.0040
            Episode_Reward/soft_landing: -0.0105
         Episode_Reward/self_collisions: -0.0922
    Episode_Reward/base_distance_to_box: 0.0226
               Episode_Reward/reach_box: 0.0035
                Episode_Reward/lift_box: 0.0000
       Episode_Reward/keep_box_in_hands: 0.0000
      Episode_Reward/carry_box_to_shelf: 0.0000
      Episode_Reward/place_box_on_shelf: 0.0000
             Episode_Reward/box_upright: 0.0232
    Episode_Reward/foot_contact_balance: 0.0461
             Episode_Reward/object_drop: 0.0000
        Episode_Metrics/mean_action_acc: 1.5252
         Curriculum/box_transport_stage: 0.0000
     Metrics/box_transport/box_to_shelf: 1.1292
           Episode_Termination/time_out: 0.0000
          Episode_Termination/fell_over: 0.0000
        Episode_Termination/box_dropped: 0.0000
        Episode_Termination/box_too_far: 0.0000
Episode_Termination/bad_torso_orientation: 1.0000
          Metrics/angular_momentum_mean: 4.4014
             Metrics/slip_velocity_mean: 0.3241
             Metrics/landing_force_mean: 216.8666
--------------------------------------------------------------------------------
                         Iteration time: 11.95s
                           Time elapsed: 00:05:53
                                    ETA: 00:33:24

################################################################################
[1m                           Learning iteration 30/200                            [0m 

                            Total steps: 11904 
                       Steps per second: 33 
                        Collection time: 11.318s 
                          Learning time: 0.114s 
                        Mean value loss: 0.0870
                    Mean surrogate loss: -0.0838
                      Mean entropy loss: 34.5898
                            Mean reward: -8.21
                    Mean episode length: 65.01
                        Mean action std: 0.80
     Episode_Reward/body_orientation_l2: -0.0107
            Episode_Reward/body_ang_vel: -0.0218
        Episode_Reward/angular_momentum: -0.0516
           Episode_Reward/is_terminated: -0.3333
            Episode_Reward/joint_acc_l2: -0.0326
        Episode_Reward/joint_pos_limits: -0.0110
          Episode_Reward/action_rate_l2: -0.2029
          Episode_Reward/foot_clearance: -0.0069
               Episode_Reward/foot_slip: -0.0066
            Episode_Reward/soft_landing: -0.0121
         Episode_Reward/self_collisions: -0.0603
    Episode_Reward/base_distance_to_box: 0.0237
               Episode_Reward/reach_box: 0.0032
                Episode_Reward/lift_box: 0.0000
       Episode_Reward/keep_box_in_hands: 0.0000
      Episode_Reward/carry_box_to_shelf: 0.0000
      Episode_Reward/place_box_on_shelf: 0.0000
             Episode_Reward/box_upright: 0.0203
    Episode_Reward/foot_contact_balance: 0.0436
             Episode_Reward/object_drop: 0.0000
        Episode_Metrics/mean_action_acc: 1.5897
         Curriculum/box_transport_stage: 0.0000
     Metrics/box_transport/box_to_shelf: 1.1638
           Episode_Termination/time_out: 0.0000
          Episode_Termination/fell_over: 0.0000
        Episode_Termination/box_dropped: 0.0000
        Episode_Termination/box_too_far: 0.0000
Episode_Termination/bad_torso_orientation: 1.0000
          Metrics/angular_momentum_mean: 3.4466
             Metrics/slip_velocity_mean: 0.3290
             Metrics/landing_force_mean: 208.3903
--------------------------------------------------------------------------------
                         Iteration time: 11.43s
                           Time elapsed: 00:06:05
                                    ETA: 00:33:11

################################################################################
[1m                           Learning iteration 31/200                            [0m 

                            Total steps: 12288 
                       Steps per second: 30 
                        Collection time: 12.426s 
                          Learning time: 0.121s 
                        Mean value loss: 0.0923
                    Mean surrogate loss: -0.0832
                      Mean entropy loss: 34.5881
                            Mean reward: -8.25
                    Mean episode length: 65.42
                        Mean action std: 0.80
     Episode_Reward/body_orientation_l2: -0.0193
            Episode_Reward/body_ang_vel: -0.0260
        Episode_Reward/angular_momentum: -0.0522
           Episode_Reward/is_terminated: -0.3333
            Episode_Reward/joint_acc_l2: -0.0286
        Episode_Reward/joint_pos_limits: -0.0167
          Episode_Reward/action_rate_l2: -0.2084
          Episode_Reward/foot_clearance: -0.0072
               Episode_Reward/foot_slip: -0.0060
            Episode_Reward/soft_landing: -0.0109
         Episode_Reward/self_collisions: -0.0688
    Episode_Reward/base_distance_to_box: 0.0136
               Episode_Reward/reach_box: 0.0034
                Episode_Reward/lift_box: 0.0000
       Episode_Reward/keep_box_in_hands: 0.0000
      Episode_Reward/carry_box_to_shelf: 0.0000
      Episode_Reward/place_box_on_shelf: 0.0000
             Episode_Reward/box_upright: 0.0212
    Episode_Reward/foot_contact_balance: 0.0450
             Episode_Reward/object_drop: 0.0000
        Episode_Metrics/mean_action_acc: 1.5926
         Curriculum/box_transport_stage: 0.0000
     Metrics/box_transport/box_to_shelf: 1.1529
           Episode_Termination/time_out: 0.0000
          Episode_Termination/fell_over: 0.0000
        Episode_Termination/box_dropped: 0.0000
        Episode_Termination/box_too_far: 0.0000
Episode_Termination/bad_torso_orientation: 1.0000
          Metrics/angular_momentum_mean: 2.9285
             Metrics/slip_velocity_mean: 0.3193
             Metrics/landing_force_mean: 241.2749
--------------------------------------------------------------------------------
                         Iteration time: 12.55s
                           Time elapsed: 00:06:17
                                    ETA: 00:33:03

################################################################################
[1m                           Learning iteration 32/200                            [0m 

                            Total steps: 12672 
                       Steps per second: 34 
                        Collection time: 10.983s 
                          Learning time: 0.118s 
                        Mean value loss: 0.0921
                    Mean surrogate loss: -0.0852
                      Mean entropy loss: 34.5879
                            Mean reward: -8.25
                    Mean episode length: 65.80
                        Mean action std: 0.80
     Episode_Reward/body_orientation_l2: -0.0283
            Episode_Reward/body_ang_vel: -0.0258
        Episode_Reward/angular_momentum: -0.0417
           Episode_Reward/is_terminated: -0.3333
            Episode_Reward/joint_acc_l2: -0.0294
        Episode_Reward/joint_pos_limits: -0.0178
          Episode_Reward/action_rate_l2: -0.2229
          Episode_Reward/foot_clearance: -0.0075
               Episode_Reward/foot_slip: -0.0068
            Episode_Reward/soft_landing: -0.0123
         Episode_Reward/self_collisions: -0.0791
    Episode_Reward/base_distance_to_box: 0.0294
               Episode_Reward/reach_box: 0.0037
                Episode_Reward/lift_box: 0.0000
       Episode_Reward/keep_box_in_hands: 0.0000
      Episode_Reward/carry_box_to_shelf: 0.0000
      Episode_Reward/place_box_on_shelf: 0.0000
             Episode_Reward/box_upright: 0.0227
    Episode_Reward/foot_contact_balance: 0.0515
             Episode_Reward/object_drop: 0.0000
        Episode_Metrics/mean_action_acc: 1.5772
         Curriculum/box_transport_stage: 0.0000
     Metrics/box_transport/box_to_shelf: 1.0912
           Episode_Termination/time_out: 0.0000
          Episode_Termination/fell_over: 0.0000
        Episode_Termination/box_dropped: 0.0000
        Episode_Termination/box_too_far: 0.0000
Episode_Termination/bad_torso_orientation: 1.6250
          Metrics/angular_momentum_mean: 3.9145
             Metrics/slip_velocity_mean: 0.3381
             Metrics/landing_force_mean: 231.7206
--------------------------------------------------------------------------------
                         Iteration time: 11.10s
                           Time elapsed: 00:06:28
                                    ETA: 00:32:48

################################################################################
[1m                           Learning iteration 33/200                            [0m 

                            Total steps: 13056 
                       Steps per second: 35 
                        Collection time: 10.775s 
                          Learning time: 0.122s 
                        Mean value loss: 0.0979
                    Mean surrogate loss: -0.0800
                      Mean entropy loss: 34.5866
                            Mean reward: -8.30
                    Mean episode length: 66.08
                        Mean action std: 0.80
     Episode_Reward/body_orientation_l2: -0.0194
            Episode_Reward/body_ang_vel: -0.0266
        Episode_Reward/angular_momentum: -0.0526
           Episode_Reward/is_terminated: -0.3333
            Episode_Reward/joint_acc_l2: -0.0310
        Episode_Reward/joint_pos_limits: -0.0165
          Episode_Reward/action_rate_l2: -0.2299
          Episode_Reward/foot_clearance: -0.0088
               Episode_Reward/foot_slip: -0.0086
            Episode_Reward/soft_landing: -0.0151
         Episode_Reward/self_collisions: -0.0731
    Episode_Reward/base_distance_to_box: 0.0174
               Episode_Reward/reach_box: 0.0032
                Episode_Reward/lift_box: 0.0000
       Episode_Reward/keep_box_in_hands: 0.0000
      Episode_Reward/carry_box_to_shelf: 0.0000
      Episode_Reward/place_box_on_shelf: 0.0000
             Episode_Reward/box_upright: 0.0227
    Episode_Reward/foot_contact_balance: 0.0497
             Episode_Reward/object_drop: 0.0000
        Episode_Metrics/mean_action_acc: 1.6065
         Curriculum/box_transport_stage: 0.0000
     Metrics/box_transport/box_to_shelf: 1.1638
           Episode_Termination/time_out: 0.0000
          Episode_Termination/fell_over: 0.0000
        Episode_Termination/box_dropped: 0.0000
        Episode_Termination/box_too_far: 0.0000
Episode_Termination/bad_torso_orientation: 1.0833
          Metrics/angular_momentum_mean: 3.3855
             Metrics/slip_velocity_mean: 0.3287
             Metrics/landing_force_mean: 196.3223
--------------------------------------------------------------------------------
                         Iteration time: 10.90s
                           Time elapsed: 00:06:39
                                    ETA: 00:32:31

################################################################################
[1m                           Learning iteration 34/200                            [0m 

                            Total steps: 13440 
                       Steps per second: 25 
                        Collection time: 14.594s 
                          Learning time: 0.283s 
                        Mean value loss: 0.0757
                    Mean surrogate loss: -0.0835
                      Mean entropy loss: 34.5820
                            Mean reward: -8.30
                    Mean episode length: 66.89
                        Mean action std: 0.80
     Episode_Reward/body_orientation_l2: -0.0233
            Episode_Reward/body_ang_vel: -0.0289
        Episode_Reward/angular_momentum: -0.0503
           Episode_Reward/is_terminated: -0.3333
            Episode_Reward/joint_acc_l2: -0.0314
        Episode_Reward/joint_pos_limits: -0.0169
          Episode_Reward/action_rate_l2: -0.2429
          Episode_Reward/foot_clearance: -0.0089
               Episode_Reward/foot_slip: -0.0085
            Episode_Reward/soft_landing: -0.0150
         Episode_Reward/self_collisions: -0.0669
    Episode_Reward/base_distance_to_box: 0.0231
               Episode_Reward/reach_box: 0.0038
                Episode_Reward/lift_box: 0.0000
       Episode_Reward/keep_box_in_hands: 0.0000
      Episode_Reward/carry_box_to_shelf: 0.0000
      Episode_Reward/place_box_on_shelf: 0.0000
             Episode_Reward/box_upright: 0.0249
    Episode_Reward/foot_contact_balance: 0.0524
             Episode_Reward/object_drop: 0.0000
        Episode_Metrics/mean_action_acc: 1.5984
         Curriculum/box_transport_stage: 0.0000
     Metrics/box_transport/box_to_shelf: 1.1347
           Episode_Termination/time_out: 0.0000
          Episode_Termination/fell_over: 0.0000
        Episode_Termination/box_dropped: 0.0000
        Episode_Termination/box_too_far: 0.0000
Episode_Termination/bad_torso_orientation: 1.0000
          Metrics/angular_momentum_mean: 3.7313
             Metrics/slip_velocity_mean: 0.3356
             Metrics/landing_force_mean: 214.9470
--------------------------------------------------------------------------------
                         Iteration time: 14.88s
                           Time elapsed: 00:06:54
                                    ETA: 00:32:34

################################################################################
[1m                           Learning iteration 35/200                            [0m 

                            Total steps: 13824 
                       Steps per second: 30 
                        Collection time: 12.575s 
                          Learning time: 0.131s 
                        Mean value loss: 0.0646
                    Mean surrogate loss: -0.0865
                      Mean entropy loss: 34.5733
                            Mean reward: -8.29
                    Mean episode length: 66.88
                        Mean action std: 0.80
     Episode_Reward/body_orientation_l2: -0.0124
            Episode_Reward/body_ang_vel: -0.0166
        Episode_Reward/angular_momentum: -0.0449
           Episode_Reward/is_terminated: -0.3333
            Episode_Reward/joint_acc_l2: -0.0264
        Episode_Reward/joint_pos_limits: -0.0086
          Episode_Reward/action_rate_l2: -0.1659
          Episode_Reward/foot_clearance: -0.0074
               Episode_Reward/foot_slip: -0.0073
            Episode_Reward/soft_landing: -0.0113
         Episode_Reward/self_collisions: -0.0369
    Episode_Reward/base_distance_to_box: 0.0193
               Episode_Reward/reach_box: 0.0025
                Episode_Reward/lift_box: 0.0000
       Episode_Reward/keep_box_in_hands: 0.0000
      Episode_Reward/carry_box_to_shelf: 0.0000
      Episode_Reward/place_box_on_shelf: 0.0000
             Episode_Reward/box_upright: 0.0176
    Episode_Reward/foot_contact_balance: 0.0355
             Episode_Reward/object_drop: 0.0000
        Episode_Metrics/mean_action_acc: 1.5582
         Curriculum/box_transport_stage: 0.0000
     Metrics/box_transport/box_to_shelf: 1.1075
           Episode_Termination/time_out: 0.0000
          Episode_Termination/fell_over: 0.0000
        Episode_Termination/box_dropped: 0.0000
        Episode_Termination/box_too_far: 0.0000
Episode_Termination/bad_torso_orientation: 1.0000
          Metrics/angular_momentum_mean: 3.4506
             Metrics/slip_velocity_mean: 0.3009
             Metrics/landing_force_mean: 132.7036
--------------------------------------------------------------------------------
                         Iteration time: 12.71s
                           Time elapsed: 00:07:07
                                    ETA: 00:32:26

################################################################################
[1m                           Learning iteration 36/200                            [0m 

                            Total steps: 14208 
                       Steps per second: 33 
                        Collection time: 11.245s 
                          Learning time: 0.209s 
                        Mean value loss: 0.0571
                    Mean surrogate loss: -0.0817
                      Mean entropy loss: 34.5666
                            Mean reward: -8.27
                    Mean episode length: 67.04
                        Mean action std: 0.80
     Episode_Reward/body_orientation_l2: -0.0265
            Episode_Reward/body_ang_vel: -0.0230
        Episode_Reward/angular_momentum: -0.0416
           Episode_Reward/is_terminated: -0.3333
            Episode_Reward/joint_acc_l2: -0.0305
        Episode_Reward/joint_pos_limits: -0.0205
          Episode_Reward/action_rate_l2: -0.2009
          Episode_Reward/foot_clearance: -0.0078
               Episode_Reward/foot_slip: -0.0070
            Episode_Reward/soft_landing: -0.0121
         Episode_Reward/self_collisions: -0.0484
    Episode_Reward/base_distance_to_box: 0.0283
               Episode_Reward/reach_box: 0.0041
                Episode_Reward/lift_box: 0.0000
       Episode_Reward/keep_box_in_hands: 0.0000
      Episode_Reward/carry_box_to_shelf: 0.0000
      Episode_Reward/place_box_on_shelf: 0.0000
             Episode_Reward/box_upright: 0.0204
    Episode_Reward/foot_contact_balance: 0.0436
             Episode_Reward/object_drop: 0.0000
        Episode_Metrics/mean_action_acc: 1.5780
         Curriculum/box_transport_stage: 0.0000
     Metrics/box_transport/box_to_shelf: 1.1354
           Episode_Termination/time_out: 0.0000
          Episode_Termination/fell_over: 0.0000
        Episode_Termination/box_dropped: 0.0000
        Episode_Termination/box_too_far: 0.0000
Episode_Termination/bad_torso_orientation: 1.1250
          Metrics/angular_momentum_mean: 3.7021
             Metrics/slip_velocity_mean: 0.3305
             Metrics/landing_force_mean: 204.9331
--------------------------------------------------------------------------------
                         Iteration time: 11.45s
                           Time elapsed: 00:07:18
                                    ETA: 00:32:13

################################################################################
[1m                           Learning iteration 37/200                            [0m 

                            Total steps: 14592 
                       Steps per second: 32 
                        Collection time: 11.671s 
                          Learning time: 0.131s 
                        Mean value loss: 0.0423
                    Mean surrogate loss: -0.0824
                      Mean entropy loss: 34.5616
                            Mean reward: -8.28
                    Mean episode length: 67.25
                        Mean action std: 0.80
     Episode_Reward/body_orientation_l2: -0.0193
            Episode_Reward/body_ang_vel: -0.0335
        Episode_Reward/angular_momentum: -0.0553
           Episode_Reward/is_terminated: -0.3333
            Episode_Reward/joint_acc_l2: -0.0351
        Episode_Reward/joint_pos_limits: -0.0209
          Episode_Reward/action_rate_l2: -0.2241
          Episode_Reward/foot_clearance: -0.0075
               Episode_Reward/foot_slip: -0.0076
            Episode_Reward/soft_landing: -0.0129
         Episode_Reward/self_collisions: -0.0631
    Episode_Reward/base_distance_to_box: 0.0279
               Episode_Reward/reach_box: 0.0040
                Episode_Reward/lift_box: 0.0000
       Episode_Reward/keep_box_in_hands: 0.0000
      Episode_Reward/carry_box_to_shelf: 0.0000
      Episode_Reward/place_box_on_shelf: 0.0000
             Episode_Reward/box_upright: 0.0209
    Episode_Reward/foot_contact_balance: 0.0491
             Episode_Reward/object_drop: 0.0000
        Episode_Metrics/mean_action_acc: 1.5995
         Curriculum/box_transport_stage: 0.0000
     Metrics/box_transport/box_to_shelf: 1.1570
           Episode_Termination/time_out: 0.0000
          Episode_Termination/fell_over: 0.0000
        Episode_Termination/box_dropped: 0.0000
        Episode_Termination/box_too_far: 0.0000
Episode_Termination/bad_torso_orientation: 1.4167
          Metrics/angular_momentum_mean: 3.0641
             Metrics/slip_velocity_mean: 0.3361
             Metrics/landing_force_mean: 217.3673
--------------------------------------------------------------------------------
                         Iteration time: 11.80s
                           Time elapsed: 00:07:30
                                    ETA: 00:32:01

################################################################################
[1m                           Learning iteration 38/200                            [0m 

                            Total steps: 14976 
                       Steps per second: 32 
                        Collection time: 11.639s 
                          Learning time: 0.129s 
                        Mean value loss: 0.0492
                    Mean surrogate loss: -0.0839
                      Mean entropy loss: 34.5508
                            Mean reward: -8.25
                    Mean episode length: 66.63
                        Mean action std: 0.80
     Episode_Reward/body_orientation_l2: -0.0192
            Episode_Reward/body_ang_vel: -0.0284
        Episode_Reward/angular_momentum: -0.0481
           Episode_Reward/is_terminated: -0.3333
            Episode_Reward/joint_acc_l2: -0.0287
        Episode_Reward/joint_pos_limits: -0.0180
          Episode_Reward/action_rate_l2: -0.1894
          Episode_Reward/foot_clearance: -0.0072
               Episode_Reward/foot_slip: -0.0071
            Episode_Reward/soft_landing: -0.0119
         Episode_Reward/self_collisions: -0.0527
    Episode_Reward/base_distance_to_box: 0.0304
               Episode_Reward/reach_box: 0.0044
                Episode_Reward/lift_box: 0.0000
       Episode_Reward/keep_box_in_hands: 0.0000
      Episode_Reward/carry_box_to_shelf: 0.0000
      Episode_Reward/place_box_on_shelf: 0.0000
             Episode_Reward/box_upright: 0.0164
    Episode_Reward/foot_contact_balance: 0.0421
             Episode_Reward/object_drop: 0.0000
        Episode_Metrics/mean_action_acc: 1.5748
         Curriculum/box_transport_stage: 0.0000
     Metrics/box_transport/box_to_shelf: 1.1291
           Episode_Termination/time_out: 0.0000
          Episode_Termination/fell_over: 0.0000
        Episode_Termination/box_dropped: 0.0000
        Episode_Termination/box_too_far: 0.0000
Episode_Termination/bad_torso_orientation: 1.0000
          Metrics/angular_momentum_mean: 3.7444
             Metrics/slip_velocity_mean: 0.3350
             Metrics/landing_force_mean: 232.7934
--------------------------------------------------------------------------------
                         Iteration time: 11.77s
                           Time elapsed: 00:07:42
                                    ETA: 00:31:48

################################################################################
[1m                           Learning iteration 39/200                            [0m 

                            Total steps: 15360 
                       Steps per second: 33 
                        Collection time: 11.254s 
                          Learning time: 0.128s 
                        Mean value loss: 0.0531
                    Mean surrogate loss: -0.0828
                      Mean entropy loss: 34.5412
                            Mean reward: -8.22
                    Mean episode length: 66.89
                        Mean action std: 0.80
     Episode_Reward/body_orientation_l2: -0.0224
            Episode_Reward/body_ang_vel: -0.0230
        Episode_Reward/angular_momentum: -0.0481
           Episode_Reward/is_terminated: -0.3333
            Episode_Reward/joint_acc_l2: -0.0305
        Episode_Reward/joint_pos_limits: -0.0129
          Episode_Reward/action_rate_l2: -0.2316
          Episode_Reward/foot_clearance: -0.0081
               Episode_Reward/foot_slip: -0.0070
            Episode_Reward/soft_landing: -0.0129
         Episode_Reward/self_collisions: -0.0504
    Episode_Reward/base_distance_to_box: 0.0341
               Episode_Reward/reach_box: 0.0053
                Episode_Reward/lift_box: 0.0000
       Episode_Reward/keep_box_in_hands: 0.0000
      Episode_Reward/carry_box_to_shelf: 0.0000
      Episode_Reward/place_box_on_shelf: 0.0000
             Episode_Reward/box_upright: 0.0234
    Episode_Reward/foot_contact_balance: 0.0496
             Episode_Reward/object_drop: 0.0000
        Episode_Metrics/mean_action_acc: 1.5934
         Curriculum/box_transport_stage: 0.0000
     Metrics/box_transport/box_to_shelf: 1.1970
           Episode_Termination/time_out: 0.0000
          Episode_Termination/fell_over: 0.0000
        Episode_Termination/box_dropped: 0.0000
        Episode_Termination/box_too_far: 0.0000
Episode_Termination/bad_torso_orientation: 1.0000
          Metrics/angular_momentum_mean: 3.4544
             Metrics/slip_velocity_mean: 0.3365
             Metrics/landing_force_mean: 229.4888
--------------------------------------------------------------------------------
                         Iteration time: 11.38s
                           Time elapsed: 00:07:53
                                    ETA: 00:31:35

################################################################################
[1m                           Learning iteration 40/200                            [0m 

                            Total steps: 15744 
                       Steps per second: 31 
                        Collection time: 12.170s 
                          Learning time: 0.133s 
                        Mean value loss: 0.0468
                    Mean surrogate loss: -0.0857
                      Mean entropy loss: 34.5371
                            Mean reward: -8.21
                    Mean episode length: 66.41
                        Mean action std: 0.80
     Episode_Reward/body_orientation_l2: -0.0161
            Episode_Reward/body_ang_vel: -0.0223
        Episode_Reward/angular_momentum: -0.0550
           Episode_Reward/is_terminated: -0.3333
            Episode_Reward/joint_acc_l2: -0.0294
        Episode_Reward/joint_pos_limits: -0.0182
          Episode_Reward/action_rate_l2: -0.1943
          Episode_Reward/foot_clearance: -0.0073
               Episode_Reward/foot_slip: -0.0068
            Episode_Reward/soft_landing: -0.0127
         Episode_Reward/self_collisions: -0.0652
    Episode_Reward/base_distance_to_box: 0.0213
               Episode_Reward/reach_box: 0.0029
                Episode_Reward/lift_box: 0.0000
       Episode_Reward/keep_box_in_hands: 0.0000
      Episode_Reward/carry_box_to_shelf: 0.0000
      Episode_Reward/place_box_on_shelf: 0.0000
             Episode_Reward/box_upright: 0.0199
    Episode_Reward/foot_contact_balance: 0.0407
             Episode_Reward/object_drop: 0.0000
        Episode_Metrics/mean_action_acc: 1.5819
         Curriculum/box_transport_stage: 0.0000
     Metrics/box_transport/box_to_shelf: 1.1748
           Episode_Termination/time_out: 0.0000
          Episode_Termination/fell_over: 0.0000
        Episode_Termination/box_dropped: 0.0000
        Episode_Termination/box_too_far: 0.0000
Episode_Termination/bad_torso_orientation: 1.0000
          Metrics/angular_momentum_mean: 3.7155
             Metrics/slip_velocity_mean: 0.3336
             Metrics/landing_force_mean: 206.0427
--------------------------------------------------------------------------------
                         Iteration time: 12.30s
                           Time elapsed: 00:08:06
                                    ETA: 00:31:25

################################################################################
[1m                           Learning iteration 41/200                            [0m 

                            Total steps: 16128 
                       Steps per second: 31 
                        Collection time: 11.908s 
                          Learning time: 0.124s 
                        Mean value loss: 0.0364
                    Mean surrogate loss: -0.0835
                      Mean entropy loss: 34.5335
                            Mean reward: -8.19
                    Mean episode length: 66.00
                        Mean action std: 0.80
     Episode_Reward/body_orientation_l2: -0.0156
            Episode_Reward/body_ang_vel: -0.0222
        Episode_Reward/angular_momentum: -0.0498
           Episode_Reward/is_terminated: -0.3333
            Episode_Reward/joint_acc_l2: -0.0279
        Episode_Reward/joint_pos_limits: -0.0173
          Episode_Reward/action_rate_l2: -0.1924
          Episode_Reward/foot_clearance: -0.0063
               Episode_Reward/foot_slip: -0.0048
            Episode_Reward/soft_landing: -0.0105
         Episode_Reward/self_collisions: -0.0575
    Episode_Reward/base_distance_to_box: 0.0267
               Episode_Reward/reach_box: 0.0033
                Episode_Reward/lift_box: 0.0000
       Episode_Reward/keep_box_in_hands: 0.0000
      Episode_Reward/carry_box_to_shelf: 0.0000
      Episode_Reward/place_box_on_shelf: 0.0000
             Episode_Reward/box_upright: 0.0196
    Episode_Reward/foot_contact_balance: 0.0396
             Episode_Reward/object_drop: 0.0000
        Episode_Metrics/mean_action_acc: 1.5832
         Curriculum/box_transport_stage: 0.0000
     Metrics/box_transport/box_to_shelf: 1.1489
           Episode_Termination/time_out: 0.0000
          Episode_Termination/fell_over: 0.0000
        Episode_Termination/box_dropped: 0.0000
        Episode_Termination/box_too_far: 0.0000
Episode_Termination/bad_torso_orientation: 1.0417
          Metrics/angular_momentum_mean: 3.6115
             Metrics/slip_velocity_mean: 0.3419
             Metrics/landing_force_mean: 176.3098
--------------------------------------------------------------------------------
                         Iteration time: 12.03s
                           Time elapsed: 00:08:18
                                    ETA: 00:31:13

################################################################################
[1m                           Learning iteration 42/200                            [0m 

                            Total steps: 16512 
                       Steps per second: 33 
                        Collection time: 11.345s 
                          Learning time: 0.116s 
                        Mean value loss: 0.0395
                    Mean surrogate loss: -0.0852
                      Mean entropy loss: 34.5312
                            Mean reward: -8.19
                    Mean episode length: 66.41
                        Mean action std: 0.80
     Episode_Reward/body_orientation_l2: -0.0138
            Episode_Reward/body_ang_vel: -0.0241
        Episode_Reward/angular_momentum: -0.0442
           Episode_Reward/is_terminated: -0.3333
            Episode_Reward/joint_acc_l2: -0.0265
        Episode_Reward/joint_pos_limits: -0.0162
          Episode_Reward/action_rate_l2: -0.2062
          Episode_Reward/foot_clearance: -0.0069
               Episode_Reward/foot_slip: -0.0062
            Episode_Reward/soft_landing: -0.0123
         Episode_Reward/self_collisions: -0.0525
    Episode_Reward/base_distance_to_box: 0.0232
               Episode_Reward/reach_box: 0.0033
                Episode_Reward/lift_box: 0.0000
       Episode_Reward/keep_box_in_hands: 0.0000
      Episode_Reward/carry_box_to_shelf: 0.0000
      Episode_Reward/place_box_on_shelf: 0.0000
             Episode_Reward/box_upright: 0.0208
    Episode_Reward/foot_contact_balance: 0.0457
             Episode_Reward/object_drop: 0.0000
        Episode_Metrics/mean_action_acc: 1.6087
         Curriculum/box_transport_stage: 0.0000
     Metrics/box_transport/box_to_shelf: 1.1100
           Episode_Termination/time_out: 0.0000
          Episode_Termination/fell_over: 0.0000
        Episode_Termination/box_dropped: 0.0000
        Episode_Termination/box_too_far: 0.0000
Episode_Termination/bad_torso_orientation: 1.2083
          Metrics/angular_momentum_mean: 4.0569
             Metrics/slip_velocity_mean: 0.3939
             Metrics/landing_force_mean: 181.7392
--------------------------------------------------------------------------------
                         Iteration time: 11.46s
                           Time elapsed: 00:08:29
                                    ETA: 00:31:00

################################################################################
[1m                           Learning iteration 43/200                            [0m 

                            Total steps: 16896 
                       Steps per second: 34 
                        Collection time: 11.038s 
                          Learning time: 0.128s 
                        Mean value loss: 0.0361
                    Mean surrogate loss: -0.0833
                      Mean entropy loss: 34.5277
                            Mean reward: -8.16
                    Mean episode length: 65.98
                        Mean action std: 0.80
     Episode_Reward/body_orientation_l2: -0.0115
            Episode_Reward/body_ang_vel: -0.0195
        Episode_Reward/angular_momentum: -0.0505
           Episode_Reward/is_terminated: -0.3333
            Episode_Reward/joint_acc_l2: -0.0264
        Episode_Reward/joint_pos_limits: -0.0099
          Episode_Reward/action_rate_l2: -0.1909
          Episode_Reward/foot_clearance: -0.0065
               Episode_Reward/foot_slip: -0.0060
            Episode_Reward/soft_landing: -0.0095
         Episode_Reward/self_collisions: -0.0542
    Episode_Reward/base_distance_to_box: 0.0168
               Episode_Reward/reach_box: 0.0022
                Episode_Reward/lift_box: 0.0000
       Episode_Reward/keep_box_in_hands: 0.0000
      Episode_Reward/carry_box_to_shelf: 0.0000
      Episode_Reward/place_box_on_shelf: 0.0000
             Episode_Reward/box_upright: 0.0200
    Episode_Reward/foot_contact_balance: 0.0430
             Episode_Reward/object_drop: 0.0000
        Episode_Metrics/mean_action_acc: 1.5683
         Curriculum/box_transport_stage: 0.0000
     Metrics/box_transport/box_to_shelf: 1.1804
           Episode_Termination/time_out: 0.0000
          Episode_Termination/fell_over: 0.0000
        Episode_Termination/box_dropped: 0.0000
        Episode_Termination/box_too_far: 0.0000
Episode_Termination/bad_torso_orientation: 1.0000
          Metrics/angular_momentum_mean: 2.9322
             Metrics/slip_velocity_mean: 0.3474
             Metrics/landing_force_mean: 193.9879
--------------------------------------------------------------------------------
                         Iteration time: 11.17s
                           Time elapsed: 00:08:40
                                    ETA: 00:30:46

################################################################################
[1m                           Learning iteration 44/200                            [0m 

                            Total steps: 17280 
                       Steps per second: 36 
                        Collection time: 10.501s 
                          Learning time: 0.117s 
                        Mean value loss: 0.0478
                    Mean surrogate loss: -0.0866
                      Mean entropy loss: 34.5222
                            Mean reward: -8.18
                    Mean episode length: 65.84
                        Mean action std: 0.80
     Episode_Reward/body_orientation_l2: -0.0143
            Episode_Reward/body_ang_vel: -0.0248
        Episode_Reward/angular_momentum: -0.0480
           Episode_Reward/is_terminated: -0.3333
            Episode_Reward/joint_acc_l2: -0.0264
        Episode_Reward/joint_pos_limits: -0.0103
          Episode_Reward/action_rate_l2: -0.1950
          Episode_Reward/foot_clearance: -0.0072
               Episode_Reward/foot_slip: -0.0074
            Episode_Reward/soft_landing: -0.0117
         Episode_Reward/self_collisions: -0.0599
    Episode_Reward/base_distance_to_box: 0.0138
               Episode_Reward/reach_box: 0.0019
                Episode_Reward/lift_box: 0.0000
       Episode_Reward/keep_box_in_hands: 0.0000
      Episode_Reward/carry_box_to_shelf: 0.0000
      Episode_Reward/place_box_on_shelf: 0.0000
             Episode_Reward/box_upright: 0.0199
    Episode_Reward/foot_contact_balance: 0.0425
             Episode_Reward/object_drop: 0.0000
        Episode_Metrics/mean_action_acc: 1.5855
         Curriculum/box_transport_stage: 0.0000
     Metrics/box_transport/box_to_shelf: 1.0934
           Episode_Termination/time_out: 0.0000
          Episode_Termination/fell_over: 0.0000
        Episode_Termination/box_dropped: 0.0000
        Episode_Termination/box_too_far: 0.0000
Episode_Termination/bad_torso_orientation: 1.1667
          Metrics/angular_momentum_mean: 3.9616
             Metrics/slip_velocity_mean: 0.3317
             Metrics/landing_force_mean: 200.7381
--------------------------------------------------------------------------------
                         Iteration time: 10.62s
                           Time elapsed: 00:08:51
                                    ETA: 00:30:30

################################################################################
[1m                           Learning iteration 45/200                            [0m 

                            Total steps: 17664 
                       Steps per second: 33 
                        Collection time: 11.227s 
                          Learning time: 0.117s 
                        Mean value loss: 0.0417
                    Mean surrogate loss: -0.0796
                      Mean entropy loss: 34.5189
                            Mean reward: -8.21
                    Mean episode length: 66.25
                        Mean action std: 0.80
     Episode_Reward/body_orientation_l2: -0.0163
            Episode_Reward/body_ang_vel: -0.0247
        Episode_Reward/angular_momentum: -0.0491
           Episode_Reward/is_terminated: -0.3333
            Episode_Reward/joint_acc_l2: -0.0279
        Episode_Reward/joint_pos_limits: -0.0115
          Episode_Reward/action_rate_l2: -0.1975
          Episode_Reward/foot_clearance: -0.0079
               Episode_Reward/foot_slip: -0.0095
            Episode_Reward/soft_landing: -0.0128
         Episode_Reward/self_collisions: -0.0585
    Episode_Reward/base_distance_to_box: 0.0230
               Episode_Reward/reach_box: 0.0037
                Episode_Reward/lift_box: 0.0000
       Episode_Reward/keep_box_in_hands: 0.0000
      Episode_Reward/carry_box_to_shelf: 0.0000
      Episode_Reward/place_box_on_shelf: 0.0000
             Episode_Reward/box_upright: 0.0197
    Episode_Reward/foot_contact_balance: 0.0409
             Episode_Reward/object_drop: 0.0000
        Episode_Metrics/mean_action_acc: 1.6074
         Curriculum/box_transport_stage: 0.0000
     Metrics/box_transport/box_to_shelf: 1.2042
           Episode_Termination/time_out: 0.0000
          Episode_Termination/fell_over: 0.0000
        Episode_Termination/box_dropped: 0.0000
        Episode_Termination/box_too_far: 0.0000
Episode_Termination/bad_torso_orientation: 1.1667
          Metrics/angular_momentum_mean: 3.6840
             Metrics/slip_velocity_mean: 0.3905
             Metrics/landing_force_mean: 229.7104
--------------------------------------------------------------------------------
                         Iteration time: 11.34s
                           Time elapsed: 00:09:02
                                    ETA: 00:30:16

################################################################################
[1m                           Learning iteration 46/200                            [0m 

                            Total steps: 18048 
                       Steps per second: 32 
                        Collection time: 11.661s 
                          Learning time: 0.129s 
                        Mean value loss: 0.0352
                    Mean surrogate loss: -0.0846
                      Mean entropy loss: 34.5105
                            Mean reward: -8.20
                    Mean episode length: 66.25
                        Mean action std: 0.80
     Episode_Reward/body_orientation_l2: -0.0277
            Episode_Reward/body_ang_vel: -0.0297
        Episode_Reward/angular_momentum: -0.0523
           Episode_Reward/is_terminated: -0.3333
            Episode_Reward/joint_acc_l2: -0.0354
        Episode_Reward/joint_pos_limits: -0.0237
          Episode_Reward/action_rate_l2: -0.2754
          Episode_Reward/foot_clearance: -0.0094
               Episode_Reward/foot_slip: -0.0078
            Episode_Reward/soft_landing: -0.0140
         Episode_Reward/self_collisions: -0.0747
    Episode_Reward/base_distance_to_box: 0.0231
               Episode_Reward/reach_box: 0.0032
                Episode_Reward/lift_box: 0.0000
       Episode_Reward/keep_box_in_hands: 0.0000
      Episode_Reward/carry_box_to_shelf: 0.0000
      Episode_Reward/place_box_on_shelf: 0.0000
             Episode_Reward/box_upright: 0.0290
    Episode_Reward/foot_contact_balance: 0.0645
             Episode_Reward/object_drop: 0.0000
        Episode_Metrics/mean_action_acc: 1.5747
         Curriculum/box_transport_stage: 0.0000
     Metrics/box_transport/box_to_shelf: 1.1744
           Episode_Termination/time_out: 0.0000
          Episode_Termination/fell_over: 0.0000
        Episode_Termination/box_dropped: 0.0000
        Episode_Termination/box_too_far: 0.0000
Episode_Termination/bad_torso_orientation: 1.2500
          Metrics/angular_momentum_mean: 3.1989
             Metrics/slip_velocity_mean: 0.3484
             Metrics/landing_force_mean: 218.4342
--------------------------------------------------------------------------------
                         Iteration time: 11.79s
                           Time elapsed: 00:09:14
                                    ETA: 00:30:05

################################################################################
[1m                           Learning iteration 47/200                            [0m 

                            Total steps: 18432 
                       Steps per second: 33 
                        Collection time: 11.191s 
                          Learning time: 0.178s 
                        Mean value loss: 0.0272
                    Mean surrogate loss: -0.0850
                      Mean entropy loss: 34.5019
                            Mean reward: -8.18
                    Mean episode length: 66.17
                        Mean action std: 0.80
     Episode_Reward/body_orientation_l2: -0.0123
            Episode_Reward/body_ang_vel: -0.0240
        Episode_Reward/angular_momentum: -0.0530
           Episode_Reward/is_terminated: -0.3333
            Episode_Reward/joint_acc_l2: -0.0304
        Episode_Reward/joint_pos_limits: -0.0136
          Episode_Reward/action_rate_l2: -0.2133
          Episode_Reward/foot_clearance: -0.0073
               Episode_Reward/foot_slip: -0.0074
            Episode_Reward/soft_landing: -0.0127
         Episode_Reward/self_collisions: -0.0628
    Episode_Reward/base_distance_to_box: 0.0382
               Episode_Reward/reach_box: 0.0056
                Episode_Reward/lift_box: 0.0000
       Episode_Reward/keep_box_in_hands: 0.0000
      Episode_Reward/carry_box_to_shelf: 0.0000
      Episode_Reward/place_box_on_shelf: 0.0000
             Episode_Reward/box_upright: 0.0216
    Episode_Reward/foot_contact_balance: 0.0481
             Episode_Reward/object_drop: 0.0000
        Episode_Metrics/mean_action_acc: 1.6071
         Curriculum/box_transport_stage: 0.0000
     Metrics/box_transport/box_to_shelf: 1.2068
           Episode_Termination/time_out: 0.0000
          Episode_Termination/fell_over: 0.0000
        Episode_Termination/box_dropped: 0.0000
        Episode_Termination/box_too_far: 0.0000
Episode_Termination/bad_torso_orientation: 1.3750
          Metrics/angular_momentum_mean: 3.9716
             Metrics/slip_velocity_mean: 0.3329
             Metrics/landing_force_mean: 192.9996
--------------------------------------------------------------------------------
                         Iteration time: 11.37s
                           Time elapsed: 00:09:25
                                    ETA: 00:29:51

################################################################################
[1m                           Learning iteration 48/200                            [0m 

                            Total steps: 18816 
                       Steps per second: 31 
                        Collection time: 12.065s 
                          Learning time: 0.149s 
                        Mean value loss: 0.0323
                    Mean surrogate loss: -0.0875
                      Mean entropy loss: 34.4992
                            Mean reward: -8.12
                    Mean episode length: 65.61
                        Mean action std: 0.80
     Episode_Reward/body_orientation_l2: -0.0222
            Episode_Reward/body_ang_vel: -0.0248
        Episode_Reward/angular_momentum: -0.0512
           Episode_Reward/is_terminated: -0.3333
            Episode_Reward/joint_acc_l2: -0.0274
        Episode_Reward/joint_pos_limits: -0.0166
          Episode_Reward/action_rate_l2: -0.2011
          Episode_Reward/foot_clearance: -0.0070
               Episode_Reward/foot_slip: -0.0055
            Episode_Reward/soft_landing: -0.0112
         Episode_Reward/self_collisions: -0.0611
    Episode_Reward/base_distance_to_box: 0.0208
               Episode_Reward/reach_box: 0.0033
                Episode_Reward/lift_box: 0.0000
       Episode_Reward/keep_box_in_hands: 0.0000
      Episode_Reward/carry_box_to_shelf: 0.0000
      Episode_Reward/place_box_on_shelf: 0.0000
             Episode_Reward/box_upright: 0.0204
    Episode_Reward/foot_contact_balance: 0.0425
             Episode_Reward/object_drop: 0.0000
        Episode_Metrics/mean_action_acc: 1.5883
         Curriculum/box_transport_stage: 0.0000
     Metrics/box_transport/box_to_shelf: 1.1385
           Episode_Termination/time_out: 0.0000
          Episode_Termination/fell_over: 0.0000
        Episode_Termination/box_dropped: 0.0000
        Episode_Termination/box_too_far: 0.0000
Episode_Termination/bad_torso_orientation: 1.1667
          Metrics/angular_momentum_mean: 3.4148
             Metrics/slip_velocity_mean: 0.3087
             Metrics/landing_force_mean: 182.4625
--------------------------------------------------------------------------------
                         Iteration time: 12.21s
                           Time elapsed: 00:09:38
                                    ETA: 00:29:41

################################################################################
[1m                           Learning iteration 49/200                            [0m 

                            Total steps: 19200 
                       Steps per second: 31 
                        Collection time: 12.160s 
                          Learning time: 0.130s 
                        Mean value loss: 0.0294
                    Mean surrogate loss: -0.0818
                      Mean entropy loss: 34.4979
                            Mean reward: -8.10
                    Mean episode length: 65.51
                        Mean action std: 0.80
     Episode_Reward/body_orientation_l2: -0.0312
            Episode_Reward/body_ang_vel: -0.0259
        Episode_Reward/angular_momentum: -0.0477
           Episode_Reward/is_terminated: -0.3333
            Episode_Reward/joint_acc_l2: -0.0285
        Episode_Reward/joint_pos_limits: -0.0193
          Episode_Reward/action_rate_l2: -0.2332
          Episode_Reward/foot_clearance: -0.0086
               Episode_Reward/foot_slip: -0.0070
            Episode_Reward/soft_landing: -0.0110
         Episode_Reward/self_collisions: -0.0763
    Episode_Reward/base_distance_to_box: 0.0482
               Episode_Reward/reach_box: 0.0085
                Episode_Reward/lift_box: 0.0000
       Episode_Reward/keep_box_in_hands: 0.0000
      Episode_Reward/carry_box_to_shelf: 0.0000
      Episode_Reward/place_box_on_shelf: 0.0000
             Episode_Reward/box_upright: 0.0192
    Episode_Reward/foot_contact_balance: 0.0523
             Episode_Reward/object_drop: 0.0000
        Episode_Metrics/mean_action_acc: 1.5673
         Curriculum/box_transport_stage: 0.0000
     Metrics/box_transport/box_to_shelf: 1.0573
           Episode_Termination/time_out: 0.0000
          Episode_Termination/fell_over: 0.0000
        Episode_Termination/box_dropped: 0.0000
        Episode_Termination/box_too_far: 0.0000
Episode_Termination/bad_torso_orientation: 1.0000
          Metrics/angular_momentum_mean: 3.4151
             Metrics/slip_velocity_mean: 0.3258
             Metrics/landing_force_mean: 229.0117
--------------------------------------------------------------------------------
                         Iteration time: 12.29s
                           Time elapsed: 00:09:50
                                    ETA: 00:29:31

################################################################################
[1m                           Learning iteration 50/200                            [0m 

                            Total steps: 19584 
                       Steps per second: 33 
                        Collection time: 11.192s 
                          Learning time: 0.135s 
                        Mean value loss: 0.0226
                    Mean surrogate loss: -0.0863
                      Mean entropy loss: 34.4913
                            Mean reward: -8.08
                    Mean episode length: 65.51
                        Mean action std: 0.79
     Episode_Reward/body_orientation_l2: -0.0194
            Episode_Reward/body_ang_vel: -0.0251
        Episode_Reward/angular_momentum: -0.0472
           Episode_Reward/is_terminated: -0.3333
            Episode_Reward/joint_acc_l2: -0.0281
        Episode_Reward/joint_pos_limits: -0.0150
          Episode_Reward/action_rate_l2: -0.2068
          Episode_Reward/foot_clearance: -0.0076
               Episode_Reward/foot_slip: -0.0067
            Episode_Reward/soft_landing: -0.0122
         Episode_Reward/self_collisions: -0.0628
    Episode_Reward/base_distance_to_box: 0.0319
               Episode_Reward/reach_box: 0.0055
                Episode_Reward/lift_box: 0.0000
       Episode_Reward/keep_box_in_hands: 0.0000
      Episode_Reward/carry_box_to_shelf: 0.0000
      Episode_Reward/place_box_on_shelf: 0.0000
             Episode_Reward/box_upright: 0.0223
    Episode_Reward/foot_contact_balance: 0.0460
             Episode_Reward/object_drop: 0.0000
        Episode_Metrics/mean_action_acc: 1.5439
         Curriculum/box_transport_stage: 0.0000
     Metrics/box_transport/box_to_shelf: 1.1563
           Episode_Termination/time_out: 0.0000
          Episode_Termination/fell_over: 0.0000
        Episode_Termination/box_dropped: 0.0000
        Episode_Termination/box_too_far: 0.0000
Episode_Termination/bad_torso_orientation: 1.0000
          Metrics/angular_momentum_mean: 4.0236
             Metrics/slip_velocity_mean: 0.3320
             Metrics/landing_force_mean: 217.7017
--------------------------------------------------------------------------------
                         Iteration time: 11.33s
                           Time elapsed: 00:10:01
                                    ETA: 00:29:17

################################################################################
[1m                           Learning iteration 51/200                            [0m 

                            Total steps: 19968 
                       Steps per second: 32 
                        Collection time: 11.665s 
                          Learning time: 0.128s 
                        Mean value loss: 0.0239
                    Mean surrogate loss: -0.0807
                      Mean entropy loss: 34.4886
                            Mean reward: -8.07
                    Mean episode length: 65.11
                        Mean action std: 0.79
     Episode_Reward/body_orientation_l2: -0.0202
            Episode_Reward/body_ang_vel: -0.0264
        Episode_Reward/angular_momentum: -0.0450
           Episode_Reward/is_terminated: -0.3333
            Episode_Reward/joint_acc_l2: -0.0296
        Episode_Reward/joint_pos_limits: -0.0198
          Episode_Reward/action_rate_l2: -0.2187
          Episode_Reward/foot_clearance: -0.0074
               Episode_Reward/foot_slip: -0.0061
            Episode_Reward/soft_landing: -0.0118
         Episode_Reward/self_collisions: -0.0578
    Episode_Reward/base_distance_to_box: 0.0306
               Episode_Reward/reach_box: 0.0052
                Episode_Reward/lift_box: 0.0000
       Episode_Reward/keep_box_in_hands: 0.0000
      Episode_Reward/carry_box_to_shelf: 0.0000
      Episode_Reward/place_box_on_shelf: 0.0000
             Episode_Reward/box_upright: 0.0219
    Episode_Reward/foot_contact_balance: 0.0460
             Episode_Reward/object_drop: 0.0000
        Episode_Metrics/mean_action_acc: 1.6214
         Curriculum/box_transport_stage: 0.0000
     Metrics/box_transport/box_to_shelf: 1.1258
           Episode_Termination/time_out: 0.0000
          Episode_Termination/fell_over: 0.0000
        Episode_Termination/box_dropped: 0.0000
        Episode_Termination/box_too_far: 0.0000
Episode_Termination/bad_torso_orientation: 1.2500
          Metrics/angular_momentum_mean: 3.2513
             Metrics/slip_velocity_mean: 0.3095
             Metrics/landing_force_mean: 240.3462
--------------------------------------------------------------------------------
                         Iteration time: 11.79s
                           Time elapsed: 00:10:13
                                    ETA: 00:29:06

################################################################################
[1m                           Learning iteration 52/200                            [0m 

                            Total steps: 20352 
                       Steps per second: 35 
                        Collection time: 10.750s 
                          Learning time: 0.146s 
                        Mean value loss: 0.0291
                    Mean surrogate loss: -0.0824
                      Mean entropy loss: 34.4859
                            Mean reward: -8.06
                    Mean episode length: 64.88
                        Mean action std: 0.79
     Episode_Reward/body_orientation_l2: -0.0180
            Episode_Reward/body_ang_vel: -0.0314
        Episode_Reward/angular_momentum: -0.0508
           Episode_Reward/is_terminated: -0.3333
            Episode_Reward/joint_acc_l2: -0.0292
        Episode_Reward/joint_pos_limits: -0.0102
          Episode_Reward/action_rate_l2: -0.2249
          Episode_Reward/foot_clearance: -0.0076
               Episode_Reward/foot_slip: -0.0072
            Episode_Reward/soft_landing: -0.0117
         Episode_Reward/self_collisions: -0.0697
    Episode_Reward/base_distance_to_box: 0.0178
               Episode_Reward/reach_box: 0.0035
                Episode_Reward/lift_box: 0.0000
       Episode_Reward/keep_box_in_hands: 0.0000
      Episode_Reward/carry_box_to_shelf: 0.0000
      Episode_Reward/place_box_on_shelf: 0.0000
             Episode_Reward/box_upright: 0.0227
    Episode_Reward/foot_contact_balance: 0.0462
             Episode_Reward/object_drop: 0.0000
        Episode_Metrics/mean_action_acc: 1.6149
         Curriculum/box_transport_stage: 0.0000
     Metrics/box_transport/box_to_shelf: 1.0749
           Episode_Termination/time_out: 0.0000
          Episode_Termination/fell_over: 0.0000
        Episode_Termination/box_dropped: 0.0000
        Episode_Termination/box_too_far: 0.0000
Episode_Termination/bad_torso_orientation: 2.0000
          Metrics/angular_momentum_mean: 2.8785
             Metrics/slip_velocity_mean: 0.2940
             Metrics/landing_force_mean: 225.8042
--------------------------------------------------------------------------------
                         Iteration time: 10.90s
                           Time elapsed: 00:10:24
                                    ETA: 00:28:51

################################################################################
[1m                           Learning iteration 53/200                            [0m 

                            Total steps: 20736 
                       Steps per second: 33 
                        Collection time: 11.393s 
                          Learning time: 0.167s 
                        Mean value loss: 0.0167
                    Mean surrogate loss: -0.0807
                      Mean entropy loss: 34.4789
                            Mean reward: -8.06
                    Mean episode length: 64.72
                        Mean action std: 0.79
     Episode_Reward/body_orientation_l2: -0.0169
            Episode_Reward/body_ang_vel: -0.0235
        Episode_Reward/angular_momentum: -0.0483
           Episode_Reward/is_terminated: -0.3333
            Episode_Reward/joint_acc_l2: -0.0287
        Episode_Reward/joint_pos_limits: -0.0106
          Episode_Reward/action_rate_l2: -0.2116
          Episode_Reward/foot_clearance: -0.0074
               Episode_Reward/foot_slip: -0.0068
            Episode_Reward/soft_landing: -0.0128
         Episode_Reward/self_collisions: -0.0521
    Episode_Reward/base_distance_to_box: 0.0185
               Episode_Reward/reach_box: 0.0043
                Episode_Reward/lift_box: 0.0000
       Episode_Reward/keep_box_in_hands: 0.0000
      Episode_Reward/carry_box_to_shelf: 0.0000
      Episode_Reward/place_box_on_shelf: 0.0000
             Episode_Reward/box_upright: 0.0214
    Episode_Reward/foot_contact_balance: 0.0437
             Episode_Reward/object_drop: 0.0000
        Episode_Metrics/mean_action_acc: 1.6128
         Curriculum/box_transport_stage: 0.0000
     Metrics/box_transport/box_to_shelf: 1.1901
           Episode_Termination/time_out: 0.0000
          Episode_Termination/fell_over: 0.0000
        Episode_Termination/box_dropped: 0.0000
        Episode_Termination/box_too_far: 0.0000
Episode_Termination/bad_torso_orientation: 1.5833
          Metrics/angular_momentum_mean: 3.3676
             Metrics/slip_velocity_mean: 0.3086
             Metrics/landing_force_mean: 183.7793
--------------------------------------------------------------------------------
                         Iteration time: 11.56s
                           Time elapsed: 00:10:35
                                    ETA: 00:28:39

################################################################################
[1m                           Learning iteration 54/200                            [0m 

                            Total steps: 21120 
                       Steps per second: 33 
                        Collection time: 11.440s 
                          Learning time: 0.120s 
                        Mean value loss: 0.0202
                    Mean surrogate loss: -0.0823
                      Mean entropy loss: 34.4753
                            Mean reward: -8.06
                    Mean episode length: 65.57
                        Mean action std: 0.79
     Episode_Reward/body_orientation_l2: -0.0292
            Episode_Reward/body_ang_vel: -0.0246
        Episode_Reward/angular_momentum: -0.0380
           Episode_Reward/is_terminated: -0.3333
            Episode_Reward/joint_acc_l2: -0.0271
        Episode_Reward/joint_pos_limits: -0.0139
          Episode_Reward/action_rate_l2: -0.2215
          Episode_Reward/foot_clearance: -0.0079
               Episode_Reward/foot_slip: -0.0081
            Episode_Reward/soft_landing: -0.0124
         Episode_Reward/self_collisions: -0.0640
    Episode_Reward/base_distance_to_box: 0.0382
               Episode_Reward/reach_box: 0.0043
                Episode_Reward/lift_box: 0.0000
       Episode_Reward/keep_box_in_hands: 0.0000
      Episode_Reward/carry_box_to_shelf: 0.0000
      Episode_Reward/place_box_on_shelf: 0.0000
             Episode_Reward/box_upright: 0.0228
    Episode_Reward/foot_contact_balance: 0.0492
             Episode_Reward/object_drop: 0.0000
        Episode_Metrics/mean_action_acc: 1.5838
         Curriculum/box_transport_stage: 0.0000
     Metrics/box_transport/box_to_shelf: 1.0995
           Episode_Termination/time_out: 0.0000
          Episode_Termination/fell_over: 0.0000
        Episode_Termination/box_dropped: 0.0000
        Episode_Termination/box_too_far: 0.0000
Episode_Termination/bad_torso_orientation: 1.0000
          Metrics/angular_momentum_mean: 3.9291
             Metrics/slip_velocity_mean: 0.3476
             Metrics/landing_force_mean: 203.0880
--------------------------------------------------------------------------------
                         Iteration time: 11.56s
                           Time elapsed: 00:10:47
                                    ETA: 00:28:27

################################################################################
[1m                           Learning iteration 55/200                            [0m 

                            Total steps: 21504 
                       Steps per second: 33 
                        Collection time: 11.407s 
                          Learning time: 0.121s 
                        Mean value loss: 0.0179
                    Mean surrogate loss: -0.0837
                      Mean entropy loss: 34.4722
                            Mean reward: -8.07
                    Mean episode length: 65.97
                        Mean action std: 0.79
     Episode_Reward/body_orientation_l2: -0.0142
            Episode_Reward/body_ang_vel: -0.0188
        Episode_Reward/angular_momentum: -0.0510
           Episode_Reward/is_terminated: -0.3333
            Episode_Reward/joint_acc_l2: -0.0277
        Episode_Reward/joint_pos_limits: -0.0119
          Episode_Reward/action_rate_l2: -0.2040
          Episode_Reward/foot_clearance: -0.0071
               Episode_Reward/foot_slip: -0.0076
            Episode_Reward/soft_landing: -0.0122
         Episode_Reward/self_collisions: -0.0520
    Episode_Reward/base_distance_to_box: 0.0234
               Episode_Reward/reach_box: 0.0032
                Episode_Reward/lift_box: 0.0000
       Episode_Reward/keep_box_in_hands: 0.0000
      Episode_Reward/carry_box_to_shelf: 0.0000
      Episode_Reward/place_box_on_shelf: 0.0000
             Episode_Reward/box_upright: 0.0210
    Episode_Reward/foot_contact_balance: 0.0455
             Episode_Reward/object_drop: 0.0000
        Episode_Metrics/mean_action_acc: 1.5634
         Curriculum/box_transport_stage: 0.0000
     Metrics/box_transport/box_to_shelf: 1.1217
           Episode_Termination/time_out: 0.0000
          Episode_Termination/fell_over: 0.0000
        Episode_Termination/box_dropped: 0.0000
        Episode_Termination/box_too_far: 0.0000
Episode_Termination/bad_torso_orientation: 1.0000
          Metrics/angular_momentum_mean: 3.1691
             Metrics/slip_velocity_mean: 0.3323
             Metrics/landing_force_mean: 240.3338
--------------------------------------------------------------------------------
                         Iteration time: 11.53s
                           Time elapsed: 00:10:59
                                    ETA: 00:28:14

################################################################################
[1m                           Learning iteration 56/200                            [0m 

                            Total steps: 21888 
                       Steps per second: 35 
                        Collection time: 10.818s 
                          Learning time: 0.116s 
                        Mean value loss: 0.0207
                    Mean surrogate loss: -0.0862
                      Mean entropy loss: 34.4689
                            Mean reward: -8.05
                    Mean episode length: 65.39
                        Mean action std: 0.79
     Episode_Reward/body_orientation_l2: -0.0237
            Episode_Reward/body_ang_vel: -0.0220
        Episode_Reward/angular_momentum: -0.0410
           Episode_Reward/is_terminated: -0.3333
            Episode_Reward/joint_acc_l2: -0.0283
        Episode_Reward/joint_pos_limits: -0.0186
          Episode_Reward/action_rate_l2: -0.1940
          Episode_Reward/foot_clearance: -0.0070
               Episode_Reward/foot_slip: -0.0054
            Episode_Reward/soft_landing: -0.0111
         Episode_Reward/self_collisions: -0.0505
    Episode_Reward/base_distance_to_box: 0.0363
               Episode_Reward/reach_box: 0.0042
                Episode_Reward/lift_box: 0.0000
       Episode_Reward/keep_box_in_hands: 0.0000
      Episode_Reward/carry_box_to_shelf: 0.0000
      Episode_Reward/place_box_on_shelf: 0.0000
             Episode_Reward/box_upright: 0.0203
    Episode_Reward/foot_contact_balance: 0.0436
             Episode_Reward/object_drop: 0.0000
        Episode_Metrics/mean_action_acc: 1.5729
         Curriculum/box_transport_stage: 0.0000
     Metrics/box_transport/box_to_shelf: 1.1745
           Episode_Termination/time_out: 0.0000
          Episode_Termination/fell_over: 0.0000
        Episode_Termination/box_dropped: 0.0000
        Episode_Termination/box_too_far: 0.0000
Episode_Termination/bad_torso_orientation: 1.0000
          Metrics/angular_momentum_mean: 3.6239
             Metrics/slip_velocity_mean: 0.3422
             Metrics/landing_force_mean: 194.9660
--------------------------------------------------------------------------------
                         Iteration time: 10.93s
                           Time elapsed: 00:11:09
                                    ETA: 00:28:00

################################################################################
[1m                           Learning iteration 57/200                            [0m 

                            Total steps: 22272 
                       Steps per second: 32 
                        Collection time: 11.518s 
                          Learning time: 0.130s 
                        Mean value loss: 0.0213
                    Mean surrogate loss: -0.0857
                      Mean entropy loss: 34.4668
                            Mean reward: -8.03
                    Mean episode length: 65.20
                        Mean action std: 0.79
     Episode_Reward/body_orientation_l2: -0.0158
            Episode_Reward/body_ang_vel: -0.0235
        Episode_Reward/angular_momentum: -0.0480
           Episode_Reward/is_terminated: -0.3333
            Episode_Reward/joint_acc_l2: -0.0300
        Episode_Reward/joint_pos_limits: -0.0122
          Episode_Reward/action_rate_l2: -0.1940
          Episode_Reward/foot_clearance: -0.0074
               Episode_Reward/foot_slip: -0.0078
            Episode_Reward/soft_landing: -0.0094
         Episode_Reward/self_collisions: -0.0395
    Episode_Reward/base_distance_to_box: 0.0350
               Episode_Reward/reach_box: 0.0052
                Episode_Reward/lift_box: 0.0000
       Episode_Reward/keep_box_in_hands: 0.0000
      Episode_Reward/carry_box_to_shelf: 0.0000
      Episode_Reward/place_box_on_shelf: 0.0000
             Episode_Reward/box_upright: 0.0197
    Episode_Reward/foot_contact_balance: 0.0405
             Episode_Reward/object_drop: 0.0000
        Episode_Metrics/mean_action_acc: 1.6042
         Curriculum/box_transport_stage: 0.0000
     Metrics/box_transport/box_to_shelf: 1.1889
           Episode_Termination/time_out: 0.0000
          Episode_Termination/fell_over: 0.0000
        Episode_Termination/box_dropped: 0.0000
        Episode_Termination/box_too_far: 0.0000
Episode_Termination/bad_torso_orientation: 1.1250
          Metrics/angular_momentum_mean: 4.1945
             Metrics/slip_velocity_mean: 0.3372
             Metrics/landing_force_mean: 198.5010
--------------------------------------------------------------------------------
                         Iteration time: 11.65s
                           Time elapsed: 00:11:21
                                    ETA: 00:27:48

################################################################################
[1m                           Learning iteration 58/200                            [0m 

                            Total steps: 22656 
                       Steps per second: 31 
                        Collection time: 11.937s 
                          Learning time: 0.117s 
                        Mean value loss: 0.0399
                    Mean surrogate loss: -0.0813
                      Mean entropy loss: 34.4659
                            Mean reward: -8.01
                    Mean episode length: 64.88
                        Mean action std: 0.79
     Episode_Reward/body_orientation_l2: -0.0124
            Episode_Reward/body_ang_vel: -0.0202
        Episode_Reward/angular_momentum: -0.0505
           Episode_Reward/is_terminated: -0.3333
            Episode_Reward/joint_acc_l2: -0.0283
        Episode_Reward/joint_pos_limits: -0.0151
          Episode_Reward/action_rate_l2: -0.1834
          Episode_Reward/foot_clearance: -0.0069
               Episode_Reward/foot_slip: -0.0069
            Episode_Reward/soft_landing: -0.0108
         Episode_Reward/self_collisions: -0.0494
    Episode_Reward/base_distance_to_box: 0.0269
               Episode_Reward/reach_box: 0.0048
                Episode_Reward/lift_box: 0.0000
       Episode_Reward/keep_box_in_hands: 0.0000
      Episode_Reward/carry_box_to_shelf: 0.0000
      Episode_Reward/place_box_on_shelf: 0.0000
             Episode_Reward/box_upright: 0.0159
    Episode_Reward/foot_contact_balance: 0.0394
             Episode_Reward/object_drop: 0.0000
        Episode_Metrics/mean_action_acc: 1.5992
         Curriculum/box_transport_stage: 0.0000
     Metrics/box_transport/box_to_shelf: 1.1209
           Episode_Termination/time_out: 0.0000
          Episode_Termination/fell_over: 0.0000
        Episode_Termination/box_dropped: 0.0000
        Episode_Termination/box_too_far: 0.0000
Episode_Termination/bad_torso_orientation: 1.2500
          Metrics/angular_momentum_mean: 3.6760
             Metrics/slip_velocity_mean: 0.3486
             Metrics/landing_force_mean: 237.5002
--------------------------------------------------------------------------------
                         Iteration time: 12.05s
                           Time elapsed: 00:11:33
                                    ETA: 00:27:37

################################################################################
[1m                           Learning iteration 59/200                            [0m 

                            Total steps: 23040 
                       Steps per second: 33 
                        Collection time: 11.398s 
                          Learning time: 0.135s 
                        Mean value loss: 0.0251
                    Mean surrogate loss: -0.0753
                      Mean entropy loss: 34.4638
                            Mean reward: -8.00
                    Mean episode length: 64.66
                        Mean action std: 0.79
     Episode_Reward/body_orientation_l2: -0.0181
            Episode_Reward/body_ang_vel: -0.0220
        Episode_Reward/angular_momentum: -0.0492
           Episode_Reward/is_terminated: -0.3333
            Episode_Reward/joint_acc_l2: -0.0284
        Episode_Reward/joint_pos_limits: -0.0142
          Episode_Reward/action_rate_l2: -0.1908
          Episode_Reward/foot_clearance: -0.0068
               Episode_Reward/foot_slip: -0.0063
            Episode_Reward/soft_landing: -0.0111
         Episode_Reward/self_collisions: -0.0636
    Episode_Reward/base_distance_to_box: 0.0368
               Episode_Reward/reach_box: 0.0083
                Episode_Reward/lift_box: 0.0000
       Episode_Reward/keep_box_in_hands: 0.0000
      Episode_Reward/carry_box_to_shelf: 0.0000
      Episode_Reward/place_box_on_shelf: 0.0000
             Episode_Reward/box_upright: 0.0167
    Episode_Reward/foot_contact_balance: 0.0408
             Episode_Reward/object_drop: 0.0000
        Episode_Metrics/mean_action_acc: 1.5950
         Curriculum/box_transport_stage: 0.0000
     Metrics/box_transport/box_to_shelf: 1.0783
           Episode_Termination/time_out: 0.0000
          Episode_Termination/fell_over: 0.0000
        Episode_Termination/box_dropped: 0.0000
        Episode_Termination/box_too_far: 0.0000
Episode_Termination/bad_torso_orientation: 1.2500
          Metrics/angular_momentum_mean: 3.7471
             Metrics/slip_velocity_mean: 0.3396
             Metrics/landing_force_mean: 235.1708
--------------------------------------------------------------------------------
                         Iteration time: 11.53s
                           Time elapsed: 00:11:45
                                    ETA: 00:27:25

################################################################################
[1m                           Learning iteration 60/200                            [0m 

                            Total steps: 23424 
                       Steps per second: 33 
                        Collection time: 11.496s 
                          Learning time: 0.131s 
                        Mean value loss: 0.0241
                    Mean surrogate loss: -0.0850
                      Mean entropy loss: 34.4580
                            Mean reward: -7.99
                    Mean episode length: 64.67
                        Mean action std: 0.79
     Episode_Reward/body_orientation_l2: -0.0171
            Episode_Reward/body_ang_vel: -0.0216
        Episode_Reward/angular_momentum: -0.0475
           Episode_Reward/is_terminated: -0.3333
            Episode_Reward/joint_acc_l2: -0.0263
        Episode_Reward/joint_pos_limits: -0.0093
          Episode_Reward/action_rate_l2: -0.1847
          Episode_Reward/foot_clearance: -0.0068
               Episode_Reward/foot_slip: -0.0057
            Episode_Reward/soft_landing: -0.0112
         Episode_Reward/self_collisions: -0.0584
    Episode_Reward/base_distance_to_box: 0.0237
               Episode_Reward/reach_box: 0.0031
                Episode_Reward/lift_box: 0.0000
       Episode_Reward/keep_box_in_hands: 0.0000
      Episode_Reward/carry_box_to_shelf: 0.0000
      Episode_Reward/place_box_on_shelf: 0.0000
             Episode_Reward/box_upright: 0.0192
    Episode_Reward/foot_contact_balance: 0.0385
             Episode_Reward/object_drop: 0.0000
        Episode_Metrics/mean_action_acc: 1.5820
         Curriculum/box_transport_stage: 0.0000
     Metrics/box_transport/box_to_shelf: 1.1549
           Episode_Termination/time_out: 0.0000
          Episode_Termination/fell_over: 0.0000
        Episode_Termination/box_dropped: 0.0000
        Episode_Termination/box_too_far: 0.0000
Episode_Termination/bad_torso_orientation: 1.0833
          Metrics/angular_momentum_mean: 3.0685
             Metrics/slip_velocity_mean: 0.3155
             Metrics/landing_force_mean: 167.0366
--------------------------------------------------------------------------------
                         Iteration time: 11.63s
                           Time elapsed: 00:11:56
                                    ETA: 00:27:13

################################################################################
[1m                           Learning iteration 61/200                            [0m 

                            Total steps: 23808 
                       Steps per second: 33 
                        Collection time: 11.361s 
                          Learning time: 0.120s 
                        Mean value loss: 0.0226
                    Mean surrogate loss: -0.0834
                      Mean entropy loss: 34.4557
                            Mean reward: -7.98
                    Mean episode length: 64.79
                        Mean action std: 0.79
     Episode_Reward/body_orientation_l2: -0.0262
            Episode_Reward/body_ang_vel: -0.0238
        Episode_Reward/angular_momentum: -0.0465
           Episode_Reward/is_terminated: -0.3333
            Episode_Reward/joint_acc_l2: -0.0280
        Episode_Reward/joint_pos_limits: -0.0250
          Episode_Reward/action_rate_l2: -0.2025
          Episode_Reward/foot_clearance: -0.0069
               Episode_Reward/foot_slip: -0.0060
            Episode_Reward/soft_landing: -0.0117
         Episode_Reward/self_collisions: -0.0460
    Episode_Reward/base_distance_to_box: 0.0142
               Episode_Reward/reach_box: 0.0023
                Episode_Reward/lift_box: 0.0000
       Episode_Reward/keep_box_in_hands: 0.0000
      Episode_Reward/carry_box_to_shelf: 0.0000
      Episode_Reward/place_box_on_shelf: 0.0000
             Episode_Reward/box_upright: 0.0204
    Episode_Reward/foot_contact_balance: 0.0410
             Episode_Reward/object_drop: 0.0000
        Episode_Metrics/mean_action_acc: 1.5853
         Curriculum/box_transport_stage: 0.0000
     Metrics/box_transport/box_to_shelf: 1.2060
           Episode_Termination/time_out: 0.0000
          Episode_Termination/fell_over: 0.0000
        Episode_Termination/box_dropped: 0.0000
        Episode_Termination/box_too_far: 0.0000
Episode_Termination/bad_torso_orientation: 1.0417
          Metrics/angular_momentum_mean: 3.8240
             Metrics/slip_velocity_mean: 0.3568
             Metrics/landing_force_mean: 266.0042
--------------------------------------------------------------------------------
                         Iteration time: 11.48s
                           Time elapsed: 00:12:08
                                    ETA: 00:27:01

################################################################################
[1m                           Learning iteration 62/200                            [0m 

                            Total steps: 24192 
                       Steps per second: 36 
                        Collection time: 10.543s 
                          Learning time: 0.118s 
                        Mean value loss: 0.0218
                    Mean surrogate loss: -0.0809
                      Mean entropy loss: 34.4568
                            Mean reward: -7.96
                    Mean episode length: 64.13
                        Mean action std: 0.79
     Episode_Reward/body_orientation_l2: -0.0183
            Episode_Reward/body_ang_vel: -0.0260
        Episode_Reward/angular_momentum: -0.0437
           Episode_Reward/is_terminated: -0.3333
            Episode_Reward/joint_acc_l2: -0.0283
        Episode_Reward/joint_pos_limits: -0.0157
          Episode_Reward/action_rate_l2: -0.2094
          Episode_Reward/foot_clearance: -0.0075
               Episode_Reward/foot_slip: -0.0067
            Episode_Reward/soft_landing: -0.0115
         Episode_Reward/self_collisions: -0.0593
    Episode_Reward/base_distance_to_box: 0.0184
               Episode_Reward/reach_box: 0.0040
                Episode_Reward/lift_box: 0.0000
       Episode_Reward/keep_box_in_hands: 0.0000
      Episode_Reward/carry_box_to_shelf: 0.0000
      Episode_Reward/place_box_on_shelf: 0.0000
             Episode_Reward/box_upright: 0.0201
    Episode_Reward/foot_contact_balance: 0.0438
             Episode_Reward/object_drop: 0.0000
        Episode_Metrics/mean_action_acc: 1.6104
         Curriculum/box_transport_stage: 0.0000
     Metrics/box_transport/box_to_shelf: 1.1305
           Episode_Termination/time_out: 0.0000
          Episode_Termination/fell_over: 0.0000
        Episode_Termination/box_dropped: 0.0000
        Episode_Termination/box_too_far: 0.0000
Episode_Termination/bad_torso_orientation: 1.3333
          Metrics/angular_momentum_mean: 3.8445
             Metrics/slip_velocity_mean: 0.3503
             Metrics/landing_force_mean: 225.1084
--------------------------------------------------------------------------------
                         Iteration time: 10.66s
                           Time elapsed: 00:12:18
                                    ETA: 00:26:46

################################################################################
[1m                           Learning iteration 63/200                            [0m 

                            Total steps: 24576 
                       Steps per second: 35 
                        Collection time: 10.831s 
                          Learning time: 0.126s 
                        Mean value loss: 0.0149
                    Mean surrogate loss: -0.0784
                      Mean entropy loss: 34.4549
                            Mean reward: -7.93
                    Mean episode length: 63.47
                        Mean action std: 0.79
     Episode_Reward/body_orientation_l2: -0.0151
            Episode_Reward/body_ang_vel: -0.0178
        Episode_Reward/angular_momentum: -0.0422
           Episode_Reward/is_terminated: -0.3333
            Episode_Reward/joint_acc_l2: -0.0229
        Episode_Reward/joint_pos_limits: -0.0061
          Episode_Reward/action_rate_l2: -0.1696
          Episode_Reward/foot_clearance: -0.0074
               Episode_Reward/foot_slip: -0.0080
            Episode_Reward/soft_landing: -0.0131
         Episode_Reward/self_collisions: -0.0309
    Episode_Reward/base_distance_to_box: 0.0072
               Episode_Reward/reach_box: 0.0012
                Episode_Reward/lift_box: 0.0000
       Episode_Reward/keep_box_in_hands: 0.0000
      Episode_Reward/carry_box_to_shelf: 0.0000
      Episode_Reward/place_box_on_shelf: 0.0000
             Episode_Reward/box_upright: 0.0173
    Episode_Reward/foot_contact_balance: 0.0340
             Episode_Reward/object_drop: 0.0000
        Episode_Metrics/mean_action_acc: 1.6020
         Curriculum/box_transport_stage: 0.0000
     Metrics/box_transport/box_to_shelf: 1.1623
           Episode_Termination/time_out: 0.0000
          Episode_Termination/fell_over: 0.0000
        Episode_Termination/box_dropped: 0.0000
        Episode_Termination/box_too_far: 0.0000
Episode_Termination/bad_torso_orientation: 1.0417
          Metrics/angular_momentum_mean: 3.6150
             Metrics/slip_velocity_mean: 0.3638
             Metrics/landing_force_mean: 235.7887
--------------------------------------------------------------------------------
                         Iteration time: 10.96s
                           Time elapsed: 00:12:29
                                    ETA: 00:26:33

################################################################################
[1m                           Learning iteration 64/200                            [0m 

                            Total steps: 24960 
                       Steps per second: 32 
                        Collection time: 11.550s 
                          Learning time: 0.114s 
                        Mean value loss: 0.0110
                    Mean surrogate loss: -0.0863
                      Mean entropy loss: 34.4519
                            Mean reward: -7.93
                    Mean episode length: 63.43
                        Mean action std: 0.79
     Episode_Reward/body_orientation_l2: -0.0248
            Episode_Reward/body_ang_vel: -0.0246
        Episode_Reward/angular_momentum: -0.0417
           Episode_Reward/is_terminated: -0.3333
            Episode_Reward/joint_acc_l2: -0.0312
        Episode_Reward/joint_pos_limits: -0.0152
          Episode_Reward/action_rate_l2: -0.2152
          Episode_Reward/foot_clearance: -0.0075
               Episode_Reward/foot_slip: -0.0080
            Episode_Reward/soft_landing: -0.0130
         Episode_Reward/self_collisions: -0.0250
    Episode_Reward/base_distance_to_box: 0.0172
               Episode_Reward/reach_box: 0.0036
                Episode_Reward/lift_box: 0.0000
       Episode_Reward/keep_box_in_hands: 0.0000
      Episode_Reward/carry_box_to_shelf: 0.0000
      Episode_Reward/place_box_on_shelf: 0.0000
             Episode_Reward/box_upright: 0.0151
    Episode_Reward/foot_contact_balance: 0.0473
             Episode_Reward/object_drop: 0.0000
        Episode_Metrics/mean_action_acc: 1.5913
         Curriculum/box_transport_stage: 0.0000
     Metrics/box_transport/box_to_shelf: 1.0475
           Episode_Termination/time_out: 0.0000
          Episode_Termination/fell_over: 0.0000
        Episode_Termination/box_dropped: 0.0000
        Episode_Termination/box_too_far: 0.0000
Episode_Termination/bad_torso_orientation: 1.0000
          Metrics/angular_momentum_mean: 4.3745
             Metrics/slip_velocity_mean: 0.3303
             Metrics/landing_force_mean: 201.2033
--------------------------------------------------------------------------------
                         Iteration time: 11.66s
                           Time elapsed: 00:12:41
                                    ETA: 00:26:21

################################################################################
[1m                           Learning iteration 65/200                            [0m 

                            Total steps: 25344 
                       Steps per second: 32 
                        Collection time: 11.725s 
                          Learning time: 0.127s 
                        Mean value loss: 0.0194
                    Mean surrogate loss: -0.0779
                      Mean entropy loss: 34.4440
                            Mean reward: -7.88
                    Mean episode length: 63.21
                        Mean action std: 0.79
     Episode_Reward/body_orientation_l2: -0.0197
            Episode_Reward/body_ang_vel: -0.0245
        Episode_Reward/angular_momentum: -0.0401
           Episode_Reward/is_terminated: -0.3333
            Episode_Reward/joint_acc_l2: -0.0253
        Episode_Reward/joint_pos_limits: -0.0088
          Episode_Reward/action_rate_l2: -0.1879
          Episode_Reward/foot_clearance: -0.0071
               Episode_Reward/foot_slip: -0.0063
            Episode_Reward/soft_landing: -0.0101
         Episode_Reward/self_collisions: -0.0579
    Episode_Reward/base_distance_to_box: 0.0349
               Episode_Reward/reach_box: 0.0054
                Episode_Reward/lift_box: 0.0000
       Episode_Reward/keep_box_in_hands: 0.0000
      Episode_Reward/carry_box_to_shelf: 0.0000
      Episode_Reward/place_box_on_shelf: 0.0000
             Episode_Reward/box_upright: 0.0192
    Episode_Reward/foot_contact_balance: 0.0426
             Episode_Reward/object_drop: 0.0000
        Episode_Metrics/mean_action_acc: 1.5821
         Curriculum/box_transport_stage: 0.0000
     Metrics/box_transport/box_to_shelf: 1.1595
           Episode_Termination/time_out: 0.0000
          Episode_Termination/fell_over: 0.0000
        Episode_Termination/box_dropped: 0.0000
        Episode_Termination/box_too_far: 0.0000
Episode_Termination/bad_torso_orientation: 1.2083
          Metrics/angular_momentum_mean: 3.0070
             Metrics/slip_velocity_mean: 0.3201
             Metrics/landing_force_mean: 243.0288
--------------------------------------------------------------------------------
                         Iteration time: 11.85s
                           Time elapsed: 00:12:53
                                    ETA: 00:26:10

################################################################################
[1m                           Learning iteration 66/200                            [0m 

                            Total steps: 25728 
                       Steps per second: 31 
                        Collection time: 12.052s 
                          Learning time: 0.125s 
                        Mean value loss: 0.0213
                    Mean surrogate loss: -0.0740
                      Mean entropy loss: 34.4396
                            Mean reward: -7.89
                    Mean episode length: 63.29
                        Mean action std: 0.79
     Episode_Reward/body_orientation_l2: -0.0124
            Episode_Reward/body_ang_vel: -0.0155
        Episode_Reward/angular_momentum: -0.0366
           Episode_Reward/is_terminated: -0.3333
            Episode_Reward/joint_acc_l2: -0.0351
        Episode_Reward/joint_pos_limits: -0.0128
          Episode_Reward/action_rate_l2: -0.1800
          Episode_Reward/foot_clearance: -0.0074
               Episode_Reward/foot_slip: -0.0073
            Episode_Reward/soft_landing: -0.0119
         Episode_Reward/self_collisions: -0.0631
    Episode_Reward/base_distance_to_box: 0.0192
               Episode_Reward/reach_box: 0.0025
                Episode_Reward/lift_box: 0.0000
       Episode_Reward/keep_box_in_hands: 0.0000
      Episode_Reward/carry_box_to_shelf: 0.0000
      Episode_Reward/place_box_on_shelf: 0.0000
             Episode_Reward/box_upright: 0.0186
    Episode_Reward/foot_contact_balance: 0.0388
             Episode_Reward/object_drop: 0.0000
        Episode_Metrics/mean_action_acc: 1.5747
         Curriculum/box_transport_stage: 0.0000
     Metrics/box_transport/box_to_shelf: 1.2055
           Episode_Termination/time_out: 0.0000
          Episode_Termination/fell_over: 0.0000
        Episode_Termination/box_dropped: 0.0000
        Episode_Termination/box_too_far: 0.0000
Episode_Termination/bad_torso_orientation: 1.0000
          Metrics/angular_momentum_mean: 3.5810
             Metrics/slip_velocity_mean: 0.4121
             Metrics/landing_force_mean: 206.0172
--------------------------------------------------------------------------------
                         Iteration time: 12.18s
                           Time elapsed: 00:13:05
                                    ETA: 00:25:59

################################################################################
[1m                           Learning iteration 67/200                            [0m 

                            Total steps: 26112 
                       Steps per second: 30 
                        Collection time: 12.317s 
                          Learning time: 0.156s 
                        Mean value loss: 0.0132
                    Mean surrogate loss: -0.0810
                      Mean entropy loss: 34.4368
                            Mean reward: -7.85
                    Mean episode length: 62.78
                        Mean action std: 0.79
     Episode_Reward/body_orientation_l2: -0.0246
            Episode_Reward/body_ang_vel: -0.0271
        Episode_Reward/angular_momentum: -0.0535
           Episode_Reward/is_terminated: -0.3333
            Episode_Reward/joint_acc_l2: -0.0310
        Episode_Reward/joint_pos_limits: -0.0131
          Episode_Reward/action_rate_l2: -0.2206
          Episode_Reward/foot_clearance: -0.0081
               Episode_Reward/foot_slip: -0.0078
            Episode_Reward/soft_landing: -0.0124
         Episode_Reward/self_collisions: -0.0450
    Episode_Reward/base_distance_to_box: 0.0333
               Episode_Reward/reach_box: 0.0043
                Episode_Reward/lift_box: 0.0000
       Episode_Reward/keep_box_in_hands: 0.0000
      Episode_Reward/carry_box_to_shelf: 0.0000
      Episode_Reward/place_box_on_shelf: 0.0000
             Episode_Reward/box_upright: 0.0222
    Episode_Reward/foot_contact_balance: 0.0503
             Episode_Reward/object_drop: 0.0000
        Episode_Metrics/mean_action_acc: 1.5866
         Curriculum/box_transport_stage: 0.0000
     Metrics/box_transport/box_to_shelf: 1.1860
           Episode_Termination/time_out: 0.0000
          Episode_Termination/fell_over: 0.0000
        Episode_Termination/box_dropped: 0.0000
        Episode_Termination/box_too_far: 0.0000
Episode_Termination/bad_torso_orientation: 1.0417
          Metrics/angular_momentum_mean: 3.8573
             Metrics/slip_velocity_mean: 0.3737
             Metrics/landing_force_mean: 235.5117
--------------------------------------------------------------------------------
                         Iteration time: 12.47s
                           Time elapsed: 00:13:18
                                    ETA: 00:25:49

################################################################################
[1m                           Learning iteration 68/200                            [0m 

                            Total steps: 26496 
                       Steps per second: 33 
                        Collection time: 11.199s 
                          Learning time: 0.279s 
                        Mean value loss: 0.0467
                    Mean surrogate loss: -0.0659
                      Mean entropy loss: 34.4310
                            Mean reward: -7.85
                    Mean episode length: 63.04
                        Mean action std: 0.79
     Episode_Reward/body_orientation_l2: -0.0217
            Episode_Reward/body_ang_vel: -0.0219
        Episode_Reward/angular_momentum: -0.0439
           Episode_Reward/is_terminated: -0.3333
            Episode_Reward/joint_acc_l2: -0.0321
        Episode_Reward/joint_pos_limits: -0.0214
          Episode_Reward/action_rate_l2: -0.2334
          Episode_Reward/foot_clearance: -0.0078
               Episode_Reward/foot_slip: -0.0058
            Episode_Reward/soft_landing: -0.0140
         Episode_Reward/self_collisions: -0.0682
    Episode_Reward/base_distance_to_box: 0.0190
               Episode_Reward/reach_box: 0.0026
                Episode_Reward/lift_box: 0.0000
       Episode_Reward/keep_box_in_hands: 0.0000
      Episode_Reward/carry_box_to_shelf: 0.0000
      Episode_Reward/place_box_on_shelf: 0.0000
             Episode_Reward/box_upright: 0.0241
    Episode_Reward/foot_contact_balance: 0.0520
             Episode_Reward/object_drop: 0.0000
        Episode_Metrics/mean_action_acc: 1.5813
         Curriculum/box_transport_stage: 0.0000
     Metrics/box_transport/box_to_shelf: 1.1578
           Episode_Termination/time_out: 0.0000
          Episode_Termination/fell_over: 0.0000
        Episode_Termination/box_dropped: 0.0000
        Episode_Termination/box_too_far: 0.0000
Episode_Termination/bad_torso_orientation: 1.0417
          Metrics/angular_momentum_mean: 3.9899
             Metrics/slip_velocity_mean: 0.3462
             Metrics/landing_force_mean: 234.0062
--------------------------------------------------------------------------------
                         Iteration time: 11.48s
                           Time elapsed: 00:13:29
                                    ETA: 00:25:37

################################################################################
[1m                           Learning iteration 69/200                            [0m 

                            Total steps: 26880 
                       Steps per second: 30 
                        Collection time: 12.553s 
                          Learning time: 0.130s 
                        Mean value loss: 0.0300
                    Mean surrogate loss: -0.0780
                      Mean entropy loss: 34.4249
                            Mean reward: -7.82
                    Mean episode length: 62.55
                        Mean action std: 0.79
     Episode_Reward/body_orientation_l2: -0.0172
            Episode_Reward/body_ang_vel: -0.0314
        Episode_Reward/angular_momentum: -0.0496
           Episode_Reward/is_terminated: -0.3333
            Episode_Reward/joint_acc_l2: -0.0293
        Episode_Reward/joint_pos_limits: -0.0121
          Episode_Reward/action_rate_l2: -0.1990
          Episode_Reward/foot_clearance: -0.0083
               Episode_Reward/foot_slip: -0.0092
            Episode_Reward/soft_landing: -0.0133
         Episode_Reward/self_collisions: -0.0441
    Episode_Reward/base_distance_to_box: 0.0227
               Episode_Reward/reach_box: 0.0036
                Episode_Reward/lift_box: 0.0000
       Episode_Reward/keep_box_in_hands: 0.0000
      Episode_Reward/carry_box_to_shelf: 0.0000
      Episode_Reward/place_box_on_shelf: 0.0000
             Episode_Reward/box_upright: 0.0208
    Episode_Reward/foot_contact_balance: 0.0444
             Episode_Reward/object_drop: 0.0000
        Episode_Metrics/mean_action_acc: 1.5750
         Curriculum/box_transport_stage: 0.0000
     Metrics/box_transport/box_to_shelf: 1.1789
           Episode_Termination/time_out: 0.0000
          Episode_Termination/fell_over: 0.0000
        Episode_Termination/box_dropped: 0.0000
        Episode_Termination/box_too_far: 0.0000
Episode_Termination/bad_torso_orientation: 1.1250
          Metrics/angular_momentum_mean: 3.6018
             Metrics/slip_velocity_mean: 0.3313
             Metrics/landing_force_mean: 207.1374
--------------------------------------------------------------------------------
                         Iteration time: 12.68s
                           Time elapsed: 00:13:42
                                    ETA: 00:25:27

################################################################################
[1m                           Learning iteration 70/200                            [0m 

                            Total steps: 27264 
                       Steps per second: 31 
                        Collection time: 11.872s 
                          Learning time: 0.129s 
                        Mean value loss: 0.0180
                    Mean surrogate loss: -0.0838
                      Mean entropy loss: 34.4211
                            Mean reward: -7.76
                    Mean episode length: 61.59
                        Mean action std: 0.79
     Episode_Reward/body_orientation_l2: -0.0206
            Episode_Reward/body_ang_vel: -0.0286
        Episode_Reward/angular_momentum: -0.0471
           Episode_Reward/is_terminated: -0.3333
            Episode_Reward/joint_acc_l2: -0.0246
        Episode_Reward/joint_pos_limits: -0.0088
          Episode_Reward/action_rate_l2: -0.1781
          Episode_Reward/foot_clearance: -0.0065
               Episode_Reward/foot_slip: -0.0056
            Episode_Reward/soft_landing: -0.0108
         Episode_Reward/self_collisions: -0.0350
    Episode_Reward/base_distance_to_box: 0.0328
               Episode_Reward/reach_box: 0.0048
                Episode_Reward/lift_box: 0.0000
       Episode_Reward/keep_box_in_hands: 0.0000
      Episode_Reward/carry_box_to_shelf: 0.0000
      Episode_Reward/place_box_on_shelf: 0.0000
             Episode_Reward/box_upright: 0.0187
    Episode_Reward/foot_contact_balance: 0.0395
             Episode_Reward/object_drop: 0.0000
        Episode_Metrics/mean_action_acc: 1.5681
         Curriculum/box_transport_stage: 0.0000
     Metrics/box_transport/box_to_shelf: 1.1393
           Episode_Termination/time_out: 0.0000
          Episode_Termination/fell_over: 0.0000
        Episode_Termination/box_dropped: 0.0000
        Episode_Termination/box_too_far: 0.0000
Episode_Termination/bad_torso_orientation: 1.3333
          Metrics/angular_momentum_mean: 3.2539
             Metrics/slip_velocity_mean: 0.3466
             Metrics/landing_force_mean: 247.8677
--------------------------------------------------------------------------------
                         Iteration time: 12.00s
                           Time elapsed: 00:13:54
                                    ETA: 00:25:15

################################################################################
[1m                           Learning iteration 71/200                            [0m 

                            Total steps: 27648 
                       Steps per second: 31 
                        Collection time: 12.066s 
                          Learning time: 0.119s 
                        Mean value loss: 0.0156
                    Mean surrogate loss: -0.0879
                      Mean entropy loss: 34.4129
                            Mean reward: -7.76
                    Mean episode length: 61.76
                        Mean action std: 0.79
     Episode_Reward/body_orientation_l2: -0.0171
            Episode_Reward/body_ang_vel: -0.0252
        Episode_Reward/angular_momentum: -0.0449
           Episode_Reward/is_terminated: -0.3333
            Episode_Reward/joint_acc_l2: -0.0277
        Episode_Reward/joint_pos_limits: -0.0095
          Episode_Reward/action_rate_l2: -0.2081
          Episode_Reward/foot_clearance: -0.0081
               Episode_Reward/foot_slip: -0.0074
            Episode_Reward/soft_landing: -0.0117
         Episode_Reward/self_collisions: -0.0295
    Episode_Reward/base_distance_to_box: 0.0276
               Episode_Reward/reach_box: 0.0029
                Episode_Reward/lift_box: 0.0000
       Episode_Reward/keep_box_in_hands: 0.0000
      Episode_Reward/carry_box_to_shelf: 0.0000
      Episode_Reward/place_box_on_shelf: 0.0000
             Episode_Reward/box_upright: 0.0212
    Episode_Reward/foot_contact_balance: 0.0445
             Episode_Reward/object_drop: 0.0000
        Episode_Metrics/mean_action_acc: 1.5877
         Curriculum/box_transport_stage: 0.0000
     Metrics/box_transport/box_to_shelf: 1.1070
           Episode_Termination/time_out: 0.0000
          Episode_Termination/fell_over: 0.0000
        Episode_Termination/box_dropped: 0.0000
        Episode_Termination/box_too_far: 0.0000
Episode_Termination/bad_torso_orientation: 1.1250
          Metrics/angular_momentum_mean: 3.3272
             Metrics/slip_velocity_mean: 0.3716
             Metrics/landing_force_mean: 242.8939
--------------------------------------------------------------------------------
                         Iteration time: 12.19s
                           Time elapsed: 00:14:06
                                    ETA: 00:25:04

################################################################################
[1m                           Learning iteration 72/200                            [0m 

                            Total steps: 28032 
                       Steps per second: 31 
                        Collection time: 12.165s 
                          Learning time: 0.166s 
                        Mean value loss: 0.0117
                    Mean surrogate loss: -0.0839
                      Mean entropy loss: 34.4049
                            Mean reward: -7.78
                    Mean episode length: 62.00
                        Mean action std: 0.79
     Episode_Reward/body_orientation_l2: -0.0174
            Episode_Reward/body_ang_vel: -0.0272
        Episode_Reward/angular_momentum: -0.0491
           Episode_Reward/is_terminated: -0.3333
            Episode_Reward/joint_acc_l2: -0.0260
        Episode_Reward/joint_pos_limits: -0.0109
          Episode_Reward/action_rate_l2: -0.1850
          Episode_Reward/foot_clearance: -0.0075
               Episode_Reward/foot_slip: -0.0082
            Episode_Reward/soft_landing: -0.0112
         Episode_Reward/self_collisions: -0.0289
    Episode_Reward/base_distance_to_box: 0.0185
               Episode_Reward/reach_box: 0.0021
                Episode_Reward/lift_box: 0.0000
       Episode_Reward/keep_box_in_hands: 0.0000
      Episode_Reward/carry_box_to_shelf: 0.0000
      Episode_Reward/place_box_on_shelf: 0.0000
             Episode_Reward/box_upright: 0.0193
    Episode_Reward/foot_contact_balance: 0.0410
             Episode_Reward/object_drop: 0.0000
        Episode_Metrics/mean_action_acc: 1.5640
         Curriculum/box_transport_stage: 0.0000
     Metrics/box_transport/box_to_shelf: 1.1049
           Episode_Termination/time_out: 0.0000
          Episode_Termination/fell_over: 0.0000
        Episode_Termination/box_dropped: 0.0000
        Episode_Termination/box_too_far: 0.0000
Episode_Termination/bad_torso_orientation: 1.2083
          Metrics/angular_momentum_mean: 3.8908
             Metrics/slip_velocity_mean: 0.4138
             Metrics/landing_force_mean: 286.4270
--------------------------------------------------------------------------------
                         Iteration time: 12.33s
                           Time elapsed: 00:14:18
                                    ETA: 00:24:54

################################################################################
[1m                           Learning iteration 73/200                            [0m 

                            Total steps: 28416 
                       Steps per second: 33 
                        Collection time: 11.414s 
                          Learning time: 0.125s 
                        Mean value loss: 0.0131
                    Mean surrogate loss: -0.0835
                      Mean entropy loss: 34.3989
                            Mean reward: -7.77
                    Mean episode length: 62.20
                        Mean action std: 0.79
     Episode_Reward/body_orientation_l2: -0.0138
            Episode_Reward/body_ang_vel: -0.0280
        Episode_Reward/angular_momentum: -0.0529
           Episode_Reward/is_terminated: -0.3333
            Episode_Reward/joint_acc_l2: -0.0293
        Episode_Reward/joint_pos_limits: -0.0096
          Episode_Reward/action_rate_l2: -0.2139
          Episode_Reward/foot_clearance: -0.0081
               Episode_Reward/foot_slip: -0.0078
            Episode_Reward/soft_landing: -0.0116
         Episode_Reward/self_collisions: -0.0408
    Episode_Reward/base_distance_to_box: 0.0329
               Episode_Reward/reach_box: 0.0052
                Episode_Reward/lift_box: 0.0000
       Episode_Reward/keep_box_in_hands: 0.0000
      Episode_Reward/carry_box_to_shelf: 0.0000
      Episode_Reward/place_box_on_shelf: 0.0000
             Episode_Reward/box_upright: 0.0219
    Episode_Reward/foot_contact_balance: 0.0448
             Episode_Reward/object_drop: 0.0000
        Episode_Metrics/mean_action_acc: 1.5911
         Curriculum/box_transport_stage: 0.0000
     Metrics/box_transport/box_to_shelf: 1.1186
           Episode_Termination/time_out: 0.0000
          Episode_Termination/fell_over: 0.0000
        Episode_Termination/box_dropped: 0.0000
        Episode_Termination/box_too_far: 0.0000
Episode_Termination/bad_torso_orientation: 1.0000
          Metrics/angular_momentum_mean: 3.2003
             Metrics/slip_velocity_mean: 0.3331
             Metrics/landing_force_mean: 266.8038
--------------------------------------------------------------------------------
                         Iteration time: 11.54s
                           Time elapsed: 00:14:30
                                    ETA: 00:24:41

################################################################################
[1m                           Learning iteration 74/200                            [0m 

                            Total steps: 28800 
                       Steps per second: 32 
                        Collection time: 11.860s 
                          Learning time: 0.123s 
                        Mean value loss: 0.0149
                    Mean surrogate loss: -0.0785
                      Mean entropy loss: 34.3893
                            Mean reward: -7.77
                    Mean episode length: 62.39
                        Mean action std: 0.79
     Episode_Reward/body_orientation_l2: -0.0217
            Episode_Reward/body_ang_vel: -0.0206
        Episode_Reward/angular_momentum: -0.0424
           Episode_Reward/is_terminated: -0.3333
            Episode_Reward/joint_acc_l2: -0.0324
        Episode_Reward/joint_pos_limits: -0.0105
          Episode_Reward/action_rate_l2: -0.2108
          Episode_Reward/foot_clearance: -0.0083
               Episode_Reward/foot_slip: -0.0087
            Episode_Reward/soft_landing: -0.0151
         Episode_Reward/self_collisions: -0.0511
    Episode_Reward/base_distance_to_box: 0.0159
               Episode_Reward/reach_box: 0.0026
                Episode_Reward/lift_box: 0.0000
       Episode_Reward/keep_box_in_hands: 0.0000
      Episode_Reward/carry_box_to_shelf: 0.0000
      Episode_Reward/place_box_on_shelf: 0.0000
             Episode_Reward/box_upright: 0.0215
    Episode_Reward/foot_contact_balance: 0.0431
             Episode_Reward/object_drop: 0.0000
        Episode_Metrics/mean_action_acc: 1.5982
         Curriculum/box_transport_stage: 0.0000
     Metrics/box_transport/box_to_shelf: 1.1113
           Episode_Termination/time_out: 0.0000
          Episode_Termination/fell_over: 0.0000
        Episode_Termination/box_dropped: 0.0000
        Episode_Termination/box_too_far: 0.0000
Episode_Termination/bad_torso_orientation: 1.0000
          Metrics/angular_momentum_mean: 3.3371
             Metrics/slip_velocity_mean: 0.3169
             Metrics/landing_force_mean: 199.9503
--------------------------------------------------------------------------------
                         Iteration time: 11.98s
                           Time elapsed: 00:14:42
                                    ETA: 00:24:30

################################################################################
[1m                           Learning iteration 75/200                            [0m 

                            Total steps: 29184 
                       Steps per second: 32 
                        Collection time: 11.700s 
                          Learning time: 0.207s 
                        Mean value loss: 0.0128
                    Mean surrogate loss: -0.0817
                      Mean entropy loss: 34.3796
                            Mean reward: -7.75
                    Mean episode length: 62.63
                        Mean action std: 0.79
     Episode_Reward/body_orientation_l2: -0.0160
            Episode_Reward/body_ang_vel: -0.0234
        Episode_Reward/angular_momentum: -0.0429
           Episode_Reward/is_terminated: -0.3333
            Episode_Reward/joint_acc_l2: -0.0292
        Episode_Reward/joint_pos_limits: -0.0103
          Episode_Reward/action_rate_l2: -0.2080
          Episode_Reward/foot_clearance: -0.0075
               Episode_Reward/foot_slip: -0.0074
            Episode_Reward/soft_landing: -0.0134
         Episode_Reward/self_collisions: -0.0458
    Episode_Reward/base_distance_to_box: 0.0202
               Episode_Reward/reach_box: 0.0027
                Episode_Reward/lift_box: 0.0000
       Episode_Reward/keep_box_in_hands: 0.0000
      Episode_Reward/carry_box_to_shelf: 0.0000
      Episode_Reward/place_box_on_shelf: 0.0000
             Episode_Reward/box_upright: 0.0207
    Episode_Reward/foot_contact_balance: 0.0431
             Episode_Reward/object_drop: 0.0000
        Episode_Metrics/mean_action_acc: 1.6219
         Curriculum/box_transport_stage: 0.0000
     Metrics/box_transport/box_to_shelf: 1.1475
           Episode_Termination/time_out: 0.0000
          Episode_Termination/fell_over: 0.0000
        Episode_Termination/box_dropped: 0.0000
        Episode_Termination/box_too_far: 0.0000
Episode_Termination/bad_torso_orientation: 1.0000
          Metrics/angular_momentum_mean: 3.6084
             Metrics/slip_velocity_mean: 0.3295
             Metrics/landing_force_mean: 241.6275
--------------------------------------------------------------------------------
                         Iteration time: 11.91s
                           Time elapsed: 00:14:54
                                    ETA: 00:24:18

################################################################################
[1m                           Learning iteration 76/200                            [0m 

                            Total steps: 29568 
                       Steps per second: 32 
                        Collection time: 11.604s 
                          Learning time: 0.199s 
                        Mean value loss: 0.0190
                    Mean surrogate loss: -0.0787
                      Mean entropy loss: 34.3719
                            Mean reward: -7.73
                    Mean episode length: 62.59
                        Mean action std: 0.79
     Episode_Reward/body_orientation_l2: -0.0105
            Episode_Reward/body_ang_vel: -0.0178
        Episode_Reward/angular_momentum: -0.0446
           Episode_Reward/is_terminated: -0.3333
            Episode_Reward/joint_acc_l2: -0.0292
        Episode_Reward/joint_pos_limits: -0.0085
          Episode_Reward/action_rate_l2: -0.1841
          Episode_Reward/foot_clearance: -0.0076
               Episode_Reward/foot_slip: -0.0082
            Episode_Reward/soft_landing: -0.0130
         Episode_Reward/self_collisions: -0.0441
    Episode_Reward/base_distance_to_box: 0.0222
               Episode_Reward/reach_box: 0.0038
                Episode_Reward/lift_box: 0.0000
       Episode_Reward/keep_box_in_hands: 0.0000
      Episode_Reward/carry_box_to_shelf: 0.0000
      Episode_Reward/place_box_on_shelf: 0.0000
             Episode_Reward/box_upright: 0.0184
    Episode_Reward/foot_contact_balance: 0.0426
             Episode_Reward/object_drop: 0.0000
        Episode_Metrics/mean_action_acc: 1.5667
         Curriculum/box_transport_stage: 0.0000
     Metrics/box_transport/box_to_shelf: 1.1680
           Episode_Termination/time_out: 0.0000
          Episode_Termination/fell_over: 0.0000
        Episode_Termination/box_dropped: 0.0000
        Episode_Termination/box_too_far: 0.0000
Episode_Termination/bad_torso_orientation: 1.0000
          Metrics/angular_momentum_mean: 3.5041
             Metrics/slip_velocity_mean: 0.3747
             Metrics/landing_force_mean: 194.8500
--------------------------------------------------------------------------------
                         Iteration time: 11.80s
                           Time elapsed: 00:15:06
                                    ETA: 00:24:07

################################################################################
[1m                           Learning iteration 77/200                            [0m 

                            Total steps: 29952 
                       Steps per second: 32 
                        Collection time: 11.638s 
                          Learning time: 0.135s 
                        Mean value loss: 0.0152
                    Mean surrogate loss: -0.0830
                      Mean entropy loss: 34.3668
                            Mean reward: -7.70
                    Mean episode length: 62.46
                        Mean action std: 0.79
     Episode_Reward/body_orientation_l2: -0.0204
            Episode_Reward/body_ang_vel: -0.0252
        Episode_Reward/angular_momentum: -0.0500
           Episode_Reward/is_terminated: -0.3333
            Episode_Reward/joint_acc_l2: -0.0303
        Episode_Reward/joint_pos_limits: -0.0142
          Episode_Reward/action_rate_l2: -0.2147
          Episode_Reward/foot_clearance: -0.0091
               Episode_Reward/foot_slip: -0.0079
            Episode_Reward/soft_landing: -0.0129
         Episode_Reward/self_collisions: -0.0510
    Episode_Reward/base_distance_to_box: 0.0210
               Episode_Reward/reach_box: 0.0027
                Episode_Reward/lift_box: 0.0000
       Episode_Reward/keep_box_in_hands: 0.0000
      Episode_Reward/carry_box_to_shelf: 0.0000
      Episode_Reward/place_box_on_shelf: 0.0000
             Episode_Reward/box_upright: 0.0217
    Episode_Reward/foot_contact_balance: 0.0456
             Episode_Reward/object_drop: 0.0000
        Episode_Metrics/mean_action_acc: 1.5742
         Curriculum/box_transport_stage: 0.0000
     Metrics/box_transport/box_to_shelf: 1.1263
           Episode_Termination/time_out: 0.0000
          Episode_Termination/fell_over: 0.0000
        Episode_Termination/box_dropped: 0.0000
        Episode_Termination/box_too_far: 0.0000
Episode_Termination/bad_torso_orientation: 1.0000
          Metrics/angular_momentum_mean: 4.5686
             Metrics/slip_velocity_mean: 0.3526
             Metrics/landing_force_mean: 240.1336
--------------------------------------------------------------------------------
                         Iteration time: 11.77s
                           Time elapsed: 00:15:17
                                    ETA: 00:23:55

################################################################################
[1m                           Learning iteration 78/200                            [0m 

                            Total steps: 30336 
                       Steps per second: 33 
                        Collection time: 11.503s 
                          Learning time: 0.129s 
                        Mean value loss: 0.0226
                    Mean surrogate loss: -0.0735
                      Mean entropy loss: 34.3592
                            Mean reward: -7.65
                    Mean episode length: 61.64
                        Mean action std: 0.79
     Episode_Reward/body_orientation_l2: -0.0235
            Episode_Reward/body_ang_vel: -0.0247
        Episode_Reward/angular_momentum: -0.0416
           Episode_Reward/is_terminated: -0.3333
            Episode_Reward/joint_acc_l2: -0.0264
        Episode_Reward/joint_pos_limits: -0.0077
          Episode_Reward/action_rate_l2: -0.1889
          Episode_Reward/foot_clearance: -0.0076
               Episode_Reward/foot_slip: -0.0070
            Episode_Reward/soft_landing: -0.0112
         Episode_Reward/self_collisions: -0.0365
    Episode_Reward/base_distance_to_box: 0.0172
               Episode_Reward/reach_box: 0.0038
                Episode_Reward/lift_box: 0.0000
       Episode_Reward/keep_box_in_hands: 0.0000
      Episode_Reward/carry_box_to_shelf: 0.0000
      Episode_Reward/place_box_on_shelf: 0.0000
             Episode_Reward/box_upright: 0.0192
    Episode_Reward/foot_contact_balance: 0.0387
             Episode_Reward/object_drop: 0.0000
        Episode_Metrics/mean_action_acc: 1.5934
         Curriculum/box_transport_stage: 0.0000
     Metrics/box_transport/box_to_shelf: 1.1231
           Episode_Termination/time_out: 0.0000
          Episode_Termination/fell_over: 0.0000
        Episode_Termination/box_dropped: 0.0000
        Episode_Termination/box_too_far: 0.0000
Episode_Termination/bad_torso_orientation: 1.2500
          Metrics/angular_momentum_mean: 3.1894
             Metrics/slip_velocity_mean: 0.3430
             Metrics/landing_force_mean: 229.2973
--------------------------------------------------------------------------------
                         Iteration time: 11.63s
                           Time elapsed: 00:15:29
                                    ETA: 00:23:43

################################################################################
[1m                           Learning iteration 79/200                            [0m 

                            Total steps: 30720 
                       Steps per second: 35 
                        Collection time: 10.761s 
                          Learning time: 0.127s 
                        Mean value loss: 0.0145
                    Mean surrogate loss: -0.0750
                      Mean entropy loss: 34.3537
                            Mean reward: -7.62
                    Mean episode length: 61.38
                        Mean action std: 0.79
     Episode_Reward/body_orientation_l2: -0.0174
            Episode_Reward/body_ang_vel: -0.0199
        Episode_Reward/angular_momentum: -0.0343
           Episode_Reward/is_terminated: -0.3333
            Episode_Reward/joint_acc_l2: -0.0201
        Episode_Reward/joint_pos_limits: -0.0140
          Episode_Reward/action_rate_l2: -0.1582
          Episode_Reward/foot_clearance: -0.0062
               Episode_Reward/foot_slip: -0.0044
            Episode_Reward/soft_landing: -0.0083
         Episode_Reward/self_collisions: -0.0236
    Episode_Reward/base_distance_to_box: 0.0209
               Episode_Reward/reach_box: 0.0029
                Episode_Reward/lift_box: 0.0000
       Episode_Reward/keep_box_in_hands: 0.0000
      Episode_Reward/carry_box_to_shelf: 0.0000
      Episode_Reward/place_box_on_shelf: 0.0000
             Episode_Reward/box_upright: 0.0165
    Episode_Reward/foot_contact_balance: 0.0347
             Episode_Reward/object_drop: 0.0000
        Episode_Metrics/mean_action_acc: 1.5704
         Curriculum/box_transport_stage: 0.0000
     Metrics/box_transport/box_to_shelf: 1.1770
           Episode_Termination/time_out: 0.0000
          Episode_Termination/fell_over: 0.0000
        Episode_Termination/box_dropped: 0.0000
        Episode_Termination/box_too_far: 0.0000
Episode_Termination/bad_torso_orientation: 1.0000
          Metrics/angular_momentum_mean: 3.1916
             Metrics/slip_velocity_mean: 0.3232
             Metrics/landing_force_mean: 290.3364
--------------------------------------------------------------------------------
                         Iteration time: 10.89s
                           Time elapsed: 00:15:40
                                    ETA: 00:23:30

################################################################################
[1m                           Learning iteration 80/200                            [0m 

                            Total steps: 31104 
                       Steps per second: 35 
                        Collection time: 10.694s 
                          Learning time: 0.215s 
                        Mean value loss: 0.0151
                    Mean surrogate loss: -0.0811
                      Mean entropy loss: 34.3479
                            Mean reward: -7.61
                    Mean episode length: 61.39
                        Mean action std: 0.79
     Episode_Reward/body_orientation_l2: -0.0195
            Episode_Reward/body_ang_vel: -0.0236
        Episode_Reward/angular_momentum: -0.0403
           Episode_Reward/is_terminated: -0.3333
            Episode_Reward/joint_acc_l2: -0.0260
        Episode_Reward/joint_pos_limits: -0.0118
          Episode_Reward/action_rate_l2: -0.1945
          Episode_Reward/foot_clearance: -0.0076
               Episode_Reward/foot_slip: -0.0066
            Episode_Reward/soft_landing: -0.0118
         Episode_Reward/self_collisions: -0.0303
    Episode_Reward/base_distance_to_box: 0.0300
               Episode_Reward/reach_box: 0.0043
                Episode_Reward/lift_box: 0.0000
       Episode_Reward/keep_box_in_hands: 0.0000
      Episode_Reward/carry_box_to_shelf: 0.0000
      Episode_Reward/place_box_on_shelf: 0.0000
             Episode_Reward/box_upright: 0.0201
    Episode_Reward/foot_contact_balance: 0.0422
             Episode_Reward/object_drop: 0.0000
        Episode_Metrics/mean_action_acc: 1.5777
         Curriculum/box_transport_stage: 0.0000
     Metrics/box_transport/box_to_shelf: 1.1349
           Episode_Termination/time_out: 0.0000
          Episode_Termination/fell_over: 0.0000
        Episode_Termination/box_dropped: 0.0000
        Episode_Termination/box_too_far: 0.0000
Episode_Termination/bad_torso_orientation: 1.0000
          Metrics/angular_momentum_mean: 3.6419
             Metrics/slip_velocity_mean: 0.3586
             Metrics/landing_force_mean: 189.7180
--------------------------------------------------------------------------------
                         Iteration time: 10.91s
                           Time elapsed: 00:15:51
                                    ETA: 00:23:17

################################################################################
[1m                           Learning iteration 81/200                            [0m 

                            Total steps: 31488 
                       Steps per second: 33 
                        Collection time: 11.221s 
                          Learning time: 0.131s 
                        Mean value loss: 0.0106
                    Mean surrogate loss: -0.0793
                      Mean entropy loss: 34.3397
                            Mean reward: -7.59
                    Mean episode length: 61.32
                        Mean action std: 0.79
     Episode_Reward/body_orientation_l2: -0.0199
            Episode_Reward/body_ang_vel: -0.0222
        Episode_Reward/angular_momentum: -0.0404
           Episode_Reward/is_terminated: -0.3333
            Episode_Reward/joint_acc_l2: -0.0243
        Episode_Reward/joint_pos_limits: -0.0077
          Episode_Reward/action_rate_l2: -0.1951
          Episode_Reward/foot_clearance: -0.0069
               Episode_Reward/foot_slip: -0.0063
            Episode_Reward/soft_landing: -0.0117
         Episode_Reward/self_collisions: -0.0427
    Episode_Reward/base_distance_to_box: 0.0318
               Episode_Reward/reach_box: 0.0044
                Episode_Reward/lift_box: 0.0000
       Episode_Reward/keep_box_in_hands: 0.0000
      Episode_Reward/carry_box_to_shelf: 0.0000
      Episode_Reward/place_box_on_shelf: 0.0000
             Episode_Reward/box_upright: 0.0201
    Episode_Reward/foot_contact_balance: 0.0423
             Episode_Reward/object_drop: 0.0000
        Episode_Metrics/mean_action_acc: 1.5833
         Curriculum/box_transport_stage: 0.0000
     Metrics/box_transport/box_to_shelf: 1.1235
           Episode_Termination/time_out: 0.0000
          Episode_Termination/fell_over: 0.0000
        Episode_Termination/box_dropped: 0.0000
        Episode_Termination/box_too_far: 0.0000
Episode_Termination/bad_torso_orientation: 1.0000
          Metrics/angular_momentum_mean: 3.1718
             Metrics/slip_velocity_mean: 0.3652
             Metrics/landing_force_mean: 258.1643
--------------------------------------------------------------------------------
                         Iteration time: 11.35s
                           Time elapsed: 00:16:02
                                    ETA: 00:23:05

################################################################################
[1m                           Learning iteration 82/200                            [0m 

                            Total steps: 31872 
                       Steps per second: 33 
                        Collection time: 11.403s 
                          Learning time: 0.133s 
                        Mean value loss: 0.0137
                    Mean surrogate loss: -0.0782
                      Mean entropy loss: 34.3335
                            Mean reward: -7.58
                    Mean episode length: 61.20
                        Mean action std: 0.79
     Episode_Reward/body_orientation_l2: -0.0180
            Episode_Reward/body_ang_vel: -0.0269
        Episode_Reward/angular_momentum: -0.0542
           Episode_Reward/is_terminated: -0.3333
            Episode_Reward/joint_acc_l2: -0.0375
        Episode_Reward/joint_pos_limits: -0.0159
          Episode_Reward/action_rate_l2: -0.2689
          Episode_Reward/foot_clearance: -0.0102
               Episode_Reward/foot_slip: -0.0109
            Episode_Reward/soft_landing: -0.0170
         Episode_Reward/self_collisions: -0.0516
    Episode_Reward/base_distance_to_box: 0.0563
               Episode_Reward/reach_box: 0.0076
                Episode_Reward/lift_box: 0.0000
       Episode_Reward/keep_box_in_hands: 0.0000
      Episode_Reward/carry_box_to_shelf: 0.0000
      Episode_Reward/place_box_on_shelf: 0.0000
             Episode_Reward/box_upright: 0.0255
    Episode_Reward/foot_contact_balance: 0.0576
             Episode_Reward/object_drop: 0.0000
        Episode_Metrics/mean_action_acc: 1.6094
         Curriculum/box_transport_stage: 0.0000
     Metrics/box_transport/box_to_shelf: 1.1724
           Episode_Termination/time_out: 0.0000
          Episode_Termination/fell_over: 0.0000
        Episode_Termination/box_dropped: 0.0000
        Episode_Termination/box_too_far: 0.0000
Episode_Termination/bad_torso_orientation: 1.1667
          Metrics/angular_momentum_mean: 4.5239
             Metrics/slip_velocity_mean: 0.3668
             Metrics/landing_force_mean: 214.6044
--------------------------------------------------------------------------------
                         Iteration time: 11.54s
                           Time elapsed: 00:16:14
                                    ETA: 00:22:53

################################################################################
[1m                           Learning iteration 83/200                            [0m 

                            Total steps: 32256 
                       Steps per second: 37 
                        Collection time: 10.206s 
                          Learning time: 0.160s 
                        Mean value loss: 0.0123
                    Mean surrogate loss: -0.0796
                      Mean entropy loss: 34.3303
                            Mean reward: -7.54
                    Mean episode length: 60.54
                        Mean action std: 0.79
     Episode_Reward/body_orientation_l2: -0.0215
            Episode_Reward/body_ang_vel: -0.0202
        Episode_Reward/angular_momentum: -0.0413
           Episode_Reward/is_terminated: -0.3333
            Episode_Reward/joint_acc_l2: -0.0282
        Episode_Reward/joint_pos_limits: -0.0070
          Episode_Reward/action_rate_l2: -0.1784
          Episode_Reward/foot_clearance: -0.0095
               Episode_Reward/foot_slip: -0.0122
            Episode_Reward/soft_landing: -0.0143
         Episode_Reward/self_collisions: -0.0282
    Episode_Reward/base_distance_to_box: 0.0244
               Episode_Reward/reach_box: 0.0205
                Episode_Reward/lift_box: 0.0000
       Episode_Reward/keep_box_in_hands: 0.0000
      Episode_Reward/carry_box_to_shelf: 0.0000
      Episode_Reward/place_box_on_shelf: 0.0000
             Episode_Reward/box_upright: 0.0091
    Episode_Reward/foot_contact_balance: 0.0367
             Episode_Reward/object_drop: 0.0000
        Episode_Metrics/mean_action_acc: 1.5755
         Curriculum/box_transport_stage: 0.0000
     Metrics/box_transport/box_to_shelf: 1.0710
           Episode_Termination/time_out: 0.0000
          Episode_Termination/fell_over: 0.0000
        Episode_Termination/box_dropped: 0.0000
        Episode_Termination/box_too_far: 0.0000
Episode_Termination/bad_torso_orientation: 1.1250
          Metrics/angular_momentum_mean: 3.7173
             Metrics/slip_velocity_mean: 0.4450
             Metrics/landing_force_mean: 244.4141
--------------------------------------------------------------------------------
                         Iteration time: 10.37s
                           Time elapsed: 00:16:24
                                    ETA: 00:22:39

################################################################################
[1m                           Learning iteration 84/200                            [0m 

                            Total steps: 32640 
                       Steps per second: 36 
                        Collection time: 10.367s 
                          Learning time: 0.133s 
                        Mean value loss: 0.0134
                    Mean surrogate loss: -0.0823
                      Mean entropy loss: 34.3294
                            Mean reward: -7.51
                    Mean episode length: 60.36
                        Mean action std: 0.79
     Episode_Reward/body_orientation_l2: -0.0137
            Episode_Reward/body_ang_vel: -0.0204
        Episode_Reward/angular_momentum: -0.0399
           Episode_Reward/is_terminated: -0.3333
            Episode_Reward/joint_acc_l2: -0.0268
        Episode_Reward/joint_pos_limits: -0.0153
          Episode_Reward/action_rate_l2: -0.2186
          Episode_Reward/foot_clearance: -0.0082
               Episode_Reward/foot_slip: -0.0075
            Episode_Reward/soft_landing: -0.0130
         Episode_Reward/self_collisions: -0.0372
    Episode_Reward/base_distance_to_box: 0.0355
               Episode_Reward/reach_box: 0.0065
                Episode_Reward/lift_box: 0.0000
       Episode_Reward/keep_box_in_hands: 0.0000
      Episode_Reward/carry_box_to_shelf: 0.0000
      Episode_Reward/place_box_on_shelf: 0.0000
             Episode_Reward/box_upright: 0.0187
    Episode_Reward/foot_contact_balance: 0.0437
             Episode_Reward/object_drop: 0.0000
        Episode_Metrics/mean_action_acc: 1.6063
         Curriculum/box_transport_stage: 0.0000
     Metrics/box_transport/box_to_shelf: 1.0831
           Episode_Termination/time_out: 0.0000
          Episode_Termination/fell_over: 0.0000
        Episode_Termination/box_dropped: 0.0000
        Episode_Termination/box_too_far: 0.0000
Episode_Termination/bad_torso_orientation: 1.1667
          Metrics/angular_momentum_mean: 3.3585
             Metrics/slip_velocity_mean: 0.3525
             Metrics/landing_force_mean: 219.0053
--------------------------------------------------------------------------------
                         Iteration time: 10.50s
                           Time elapsed: 00:16:34
                                    ETA: 00:22:26

################################################################################
[1m                           Learning iteration 85/200                            [0m 

                            Total steps: 33024 
                       Steps per second: 35 
                        Collection time: 10.594s 
                          Learning time: 0.148s 
                        Mean value loss: 0.0157
                    Mean surrogate loss: -0.0818
                      Mean entropy loss: 34.3307
                            Mean reward: -7.51
                    Mean episode length: 60.46
                        Mean action std: 0.79
     Episode_Reward/body_orientation_l2: -0.0153
            Episode_Reward/body_ang_vel: -0.0226
        Episode_Reward/angular_momentum: -0.0417
           Episode_Reward/is_terminated: -0.3333
            Episode_Reward/joint_acc_l2: -0.0276
        Episode_Reward/joint_pos_limits: -0.0136
          Episode_Reward/action_rate_l2: -0.1878
          Episode_Reward/foot_clearance: -0.0079
               Episode_Reward/foot_slip: -0.0095
            Episode_Reward/soft_landing: -0.0130
         Episode_Reward/self_collisions: -0.0356
    Episode_Reward/base_distance_to_box: 0.0246
               Episode_Reward/reach_box: 0.0053
                Episode_Reward/lift_box: 0.0000
       Episode_Reward/keep_box_in_hands: 0.0000
      Episode_Reward/carry_box_to_shelf: 0.0000
      Episode_Reward/place_box_on_shelf: 0.0000
             Episode_Reward/box_upright: 0.0193
    Episode_Reward/foot_contact_balance: 0.0385
             Episode_Reward/object_drop: 0.0000
        Episode_Metrics/mean_action_acc: 1.5895
         Curriculum/box_transport_stage: 0.0000
     Metrics/box_transport/box_to_shelf: 1.1384
           Episode_Termination/time_out: 0.0000
          Episode_Termination/fell_over: 0.0000
        Episode_Termination/box_dropped: 0.0000
        Episode_Termination/box_too_far: 0.0000
Episode_Termination/bad_torso_orientation: 1.0000
          Metrics/angular_momentum_mean: 3.2703
             Metrics/slip_velocity_mean: 0.3873
             Metrics/landing_force_mean: 342.0266
--------------------------------------------------------------------------------
                         Iteration time: 10.74s
                           Time elapsed: 00:16:45
                                    ETA: 00:22:13

################################################################################
[1m                           Learning iteration 86/200                            [0m 

                            Total steps: 33408 
                       Steps per second: 34 
                        Collection time: 11.062s 
                          Learning time: 0.125s 
                        Mean value loss: 0.0133
                    Mean surrogate loss: -0.0811
                      Mean entropy loss: 34.3291
                            Mean reward: -7.54
                    Mean episode length: 60.96
                        Mean action std: 0.79
     Episode_Reward/body_orientation_l2: -0.0148
            Episode_Reward/body_ang_vel: -0.0215
        Episode_Reward/angular_momentum: -0.0479
           Episode_Reward/is_terminated: -0.3333
            Episode_Reward/joint_acc_l2: -0.0293
        Episode_Reward/joint_pos_limits: -0.0116
          Episode_Reward/action_rate_l2: -0.2054
          Episode_Reward/foot_clearance: -0.0079
               Episode_Reward/foot_slip: -0.0067
            Episode_Reward/soft_landing: -0.0106
         Episode_Reward/self_collisions: -0.0375
    Episode_Reward/base_distance_to_box: 0.0173
               Episode_Reward/reach_box: 0.0029
                Episode_Reward/lift_box: 0.0000
       Episode_Reward/keep_box_in_hands: 0.0000
      Episode_Reward/carry_box_to_shelf: 0.0000
      Episode_Reward/place_box_on_shelf: 0.0000
             Episode_Reward/box_upright: 0.0213
    Episode_Reward/foot_contact_balance: 0.0444
             Episode_Reward/object_drop: 0.0000
        Episode_Metrics/mean_action_acc: 1.5733
         Curriculum/box_transport_stage: 0.0000
     Metrics/box_transport/box_to_shelf: 1.1762
           Episode_Termination/time_out: 0.0000
          Episode_Termination/fell_over: 0.0000
        Episode_Termination/box_dropped: 0.0000
        Episode_Termination/box_too_far: 0.0000
Episode_Termination/bad_torso_orientation: 1.0000
          Metrics/angular_momentum_mean: 3.6895
             Metrics/slip_velocity_mean: 0.3418
             Metrics/landing_force_mean: 320.3974
--------------------------------------------------------------------------------
                         Iteration time: 11.19s
                           Time elapsed: 00:16:56
                                    ETA: 00:22:00

################################################################################
[1m                           Learning iteration 87/200                            [0m 

                            Total steps: 33792 
                       Steps per second: 33 
                        Collection time: 11.197s 
                          Learning time: 0.263s 
                        Mean value loss: 0.0216
                    Mean surrogate loss: -0.0769
                      Mean entropy loss: 34.3238
                            Mean reward: -7.50
                    Mean episode length: 60.44
                        Mean action std: 0.79
     Episode_Reward/body_orientation_l2: -0.0193
            Episode_Reward/body_ang_vel: -0.0207
        Episode_Reward/angular_momentum: -0.0421
           Episode_Reward/is_terminated: -0.3333
            Episode_Reward/joint_acc_l2: -0.0245
        Episode_Reward/joint_pos_limits: -0.0081
          Episode_Reward/action_rate_l2: -0.1977
          Episode_Reward/foot_clearance: -0.0085
               Episode_Reward/foot_slip: -0.0075
            Episode_Reward/soft_landing: -0.0106
         Episode_Reward/self_collisions: -0.0197
    Episode_Reward/base_distance_to_box: 0.0255
               Episode_Reward/reach_box: 0.0034
                Episode_Reward/lift_box: 0.0000
       Episode_Reward/keep_box_in_hands: 0.0000
      Episode_Reward/carry_box_to_shelf: 0.0000
      Episode_Reward/place_box_on_shelf: 0.0000
             Episode_Reward/box_upright: 0.0199
    Episode_Reward/foot_contact_balance: 0.0382
             Episode_Reward/object_drop: 0.0000
        Episode_Metrics/mean_action_acc: 1.5999
         Curriculum/box_transport_stage: 0.0000
     Metrics/box_transport/box_to_shelf: 1.1438
           Episode_Termination/time_out: 0.0000
          Episode_Termination/fell_over: 0.0000
        Episode_Termination/box_dropped: 0.0000
        Episode_Termination/box_too_far: 0.0000
Episode_Termination/bad_torso_orientation: 1.1250
          Metrics/angular_momentum_mean: 3.6040
             Metrics/slip_velocity_mean: 0.3233
             Metrics/landing_force_mean: 211.7290
--------------------------------------------------------------------------------
                         Iteration time: 11.46s
                           Time elapsed: 00:17:08
                                    ETA: 00:21:48

################################################################################
[1m                           Learning iteration 88/200                            [0m 

                            Total steps: 34176 
                       Steps per second: 31 
                        Collection time: 12.123s 
                          Learning time: 0.167s 
                        Mean value loss: 0.0104
                    Mean surrogate loss: -0.0743
                      Mean entropy loss: 34.3191
                            Mean reward: -7.46
                    Mean episode length: 60.14
                        Mean action std: 0.79
     Episode_Reward/body_orientation_l2: -0.0130
            Episode_Reward/body_ang_vel: -0.0204
        Episode_Reward/angular_momentum: -0.0438
           Episode_Reward/is_terminated: -0.3333
            Episode_Reward/joint_acc_l2: -0.0253
        Episode_Reward/joint_pos_limits: -0.0099
          Episode_Reward/action_rate_l2: -0.1946
          Episode_Reward/foot_clearance: -0.0074
               Episode_Reward/foot_slip: -0.0076
            Episode_Reward/soft_landing: -0.0116
         Episode_Reward/self_collisions: -0.0289
    Episode_Reward/base_distance_to_box: 0.0334
               Episode_Reward/reach_box: 0.0083
                Episode_Reward/lift_box: 0.0000
       Episode_Reward/keep_box_in_hands: 0.0000
      Episode_Reward/carry_box_to_shelf: 0.0000
      Episode_Reward/place_box_on_shelf: 0.0000
             Episode_Reward/box_upright: 0.0202
    Episode_Reward/foot_contact_balance: 0.0436
             Episode_Reward/object_drop: 0.0000
        Episode_Metrics/mean_action_acc: 1.5384
         Curriculum/box_transport_stage: 0.0000
     Metrics/box_transport/box_to_shelf: 1.1821
           Episode_Termination/time_out: 0.0000
          Episode_Termination/fell_over: 0.0000
        Episode_Termination/box_dropped: 0.0000
        Episode_Termination/box_too_far: 0.0000
Episode_Termination/bad_torso_orientation: 1.0000
          Metrics/angular_momentum_mean: 3.7269
             Metrics/slip_velocity_mean: 0.3367
             Metrics/landing_force_mean: 190.8604
--------------------------------------------------------------------------------
                         Iteration time: 12.29s
                           Time elapsed: 00:17:20
                                    ETA: 00:21:37

################################################################################
[1m                           Learning iteration 89/200                            [0m 

                            Total steps: 34560 
                       Steps per second: 30 
                        Collection time: 12.328s 
                          Learning time: 0.167s 
                        Mean value loss: 0.0102
                    Mean surrogate loss: -0.0888
                      Mean entropy loss: 34.3123
                            Mean reward: -7.43
                    Mean episode length: 59.84
                        Mean action std: 0.79
     Episode_Reward/body_orientation_l2: -0.0157
            Episode_Reward/body_ang_vel: -0.0178
        Episode_Reward/angular_momentum: -0.0435
           Episode_Reward/is_terminated: -0.3333
            Episode_Reward/joint_acc_l2: -0.0331
        Episode_Reward/joint_pos_limits: -0.0126
          Episode_Reward/action_rate_l2: -0.2175
          Episode_Reward/foot_clearance: -0.0082
               Episode_Reward/foot_slip: -0.0076
            Episode_Reward/soft_landing: -0.0129
         Episode_Reward/self_collisions: -0.0263
    Episode_Reward/base_distance_to_box: 0.0402
               Episode_Reward/reach_box: 0.0059
                Episode_Reward/lift_box: 0.0000
       Episode_Reward/keep_box_in_hands: 0.0000
      Episode_Reward/carry_box_to_shelf: 0.0000
      Episode_Reward/place_box_on_shelf: 0.0000
             Episode_Reward/box_upright: 0.0218
    Episode_Reward/foot_contact_balance: 0.0460
             Episode_Reward/object_drop: 0.0000
        Episode_Metrics/mean_action_acc: 1.5831
         Curriculum/box_transport_stage: 0.0000
     Metrics/box_transport/box_to_shelf: 1.1877
           Episode_Termination/time_out: 0.0000
          Episode_Termination/fell_over: 0.0000
        Episode_Termination/box_dropped: 0.0000
        Episode_Termination/box_too_far: 0.0000
Episode_Termination/bad_torso_orientation: 1.0417
          Metrics/angular_momentum_mean: 3.0273
             Metrics/slip_velocity_mean: 0.3268
             Metrics/landing_force_mean: 261.4521
--------------------------------------------------------------------------------
                         Iteration time: 12.49s
                           Time elapsed: 00:17:33
                                    ETA: 00:21:27

################################################################################
[1m                           Learning iteration 90/200                            [0m 

                            Total steps: 34944 
                       Steps per second: 33 
                        Collection time: 11.197s 
                          Learning time: 0.142s 
                        Mean value loss: 0.0122
                    Mean surrogate loss: -0.0853
                      Mean entropy loss: 34.3056
                            Mean reward: -7.42
                    Mean episode length: 59.75
                        Mean action std: 0.79
     Episode_Reward/body_orientation_l2: -0.0082
            Episode_Reward/body_ang_vel: -0.0198
        Episode_Reward/angular_momentum: -0.0545
           Episode_Reward/is_terminated: -0.3333
            Episode_Reward/joint_acc_l2: -0.0298
        Episode_Reward/joint_pos_limits: -0.0099
          Episode_Reward/action_rate_l2: -0.1925
          Episode_Reward/foot_clearance: -0.0083
               Episode_Reward/foot_slip: -0.0098
            Episode_Reward/soft_landing: -0.0152
         Episode_Reward/self_collisions: -0.0222
    Episode_Reward/base_distance_to_box: 0.0278
               Episode_Reward/reach_box: 0.0085
                Episode_Reward/lift_box: 0.0000
       Episode_Reward/keep_box_in_hands: 0.0000
      Episode_Reward/carry_box_to_shelf: 0.0000
      Episode_Reward/place_box_on_shelf: 0.0000
             Episode_Reward/box_upright: 0.0159
    Episode_Reward/foot_contact_balance: 0.0385
             Episode_Reward/object_drop: 0.0000
        Episode_Metrics/mean_action_acc: 1.5917
         Curriculum/box_transport_stage: 0.0000
     Metrics/box_transport/box_to_shelf: 1.1739
           Episode_Termination/time_out: 0.0000
          Episode_Termination/fell_over: 0.0000
        Episode_Termination/box_dropped: 0.0000
        Episode_Termination/box_too_far: 0.0000
Episode_Termination/bad_torso_orientation: 1.0000
          Metrics/angular_momentum_mean: 4.2576
             Metrics/slip_velocity_mean: 0.3214
             Metrics/landing_force_mean: 187.3843
--------------------------------------------------------------------------------
                         Iteration time: 11.34s
                           Time elapsed: 00:17:44
                                    ETA: 00:21:15

################################################################################
[1m                           Learning iteration 91/200                            [0m 

                            Total steps: 35328 
                       Steps per second: 37 
                        Collection time: 9.954s 
                          Learning time: 0.190s 
                        Mean value loss: 0.0150
                    Mean surrogate loss: -0.0774
                      Mean entropy loss: 34.2980
                            Mean reward: -7.47
                    Mean episode length: 60.32
                        Mean action std: 0.79
     Episode_Reward/body_orientation_l2: -0.0128
            Episode_Reward/body_ang_vel: -0.0208
        Episode_Reward/angular_momentum: -0.0463
           Episode_Reward/is_terminated: -0.3333
            Episode_Reward/joint_acc_l2: -0.0284
        Episode_Reward/joint_pos_limits: -0.0124
          Episode_Reward/action_rate_l2: -0.1985
          Episode_Reward/foot_clearance: -0.0074
               Episode_Reward/foot_slip: -0.0082
            Episode_Reward/soft_landing: -0.0123
         Episode_Reward/self_collisions: -0.0407
    Episode_Reward/base_distance_to_box: 0.0282
               Episode_Reward/reach_box: 0.0033
                Episode_Reward/lift_box: 0.0000
       Episode_Reward/keep_box_in_hands: 0.0000
      Episode_Reward/carry_box_to_shelf: 0.0000
      Episode_Reward/place_box_on_shelf: 0.0000
             Episode_Reward/box_upright: 0.0201
    Episode_Reward/foot_contact_balance: 0.0426
             Episode_Reward/object_drop: 0.0000
        Episode_Metrics/mean_action_acc: 1.5766
         Curriculum/box_transport_stage: 0.0000
     Metrics/box_transport/box_to_shelf: 1.1977
           Episode_Termination/time_out: 0.0000
          Episode_Termination/fell_over: 0.0000
        Episode_Termination/box_dropped: 0.0000
        Episode_Termination/box_too_far: 0.0000
Episode_Termination/bad_torso_orientation: 1.0417
          Metrics/angular_momentum_mean: 3.6118
             Metrics/slip_velocity_mean: 0.3442
             Metrics/landing_force_mean: 239.3636
--------------------------------------------------------------------------------
                         Iteration time: 10.14s
                           Time elapsed: 00:17:54
                                    ETA: 00:21:01

################################################################################
[1m                           Learning iteration 92/200                            [0m 

                            Total steps: 35712 
                       Steps per second: 33 
                        Collection time: 11.381s 
                          Learning time: 0.153s 
                        Mean value loss: 0.0195
                    Mean surrogate loss: -0.0837
                      Mean entropy loss: 34.2868
                            Mean reward: -7.51
                    Mean episode length: 60.87
                        Mean action std: 0.79
     Episode_Reward/body_orientation_l2: -0.0179
            Episode_Reward/body_ang_vel: -0.0290
        Episode_Reward/angular_momentum: -0.0595
           Episode_Reward/is_terminated: -0.3333
            Episode_Reward/joint_acc_l2: -0.0320
        Episode_Reward/joint_pos_limits: -0.0192
          Episode_Reward/action_rate_l2: -0.2537
          Episode_Reward/foot_clearance: -0.0089
               Episode_Reward/foot_slip: -0.0084
            Episode_Reward/soft_landing: -0.0148
         Episode_Reward/self_collisions: -0.0306
    Episode_Reward/base_distance_to_box: 0.0102
               Episode_Reward/reach_box: 0.0016
                Episode_Reward/lift_box: 0.0000
       Episode_Reward/keep_box_in_hands: 0.0000
      Episode_Reward/carry_box_to_shelf: 0.0000
      Episode_Reward/place_box_on_shelf: 0.0000
             Episode_Reward/box_upright: 0.0248
    Episode_Reward/foot_contact_balance: 0.0513
             Episode_Reward/object_drop: 0.0000
        Episode_Metrics/mean_action_acc: 1.6348
         Curriculum/box_transport_stage: 0.0000
     Metrics/box_transport/box_to_shelf: 1.1506
           Episode_Termination/time_out: 0.0000
          Episode_Termination/fell_over: 0.0000
        Episode_Termination/box_dropped: 0.0000
        Episode_Termination/box_too_far: 0.0000
Episode_Termination/bad_torso_orientation: 1.0000
          Metrics/angular_momentum_mean: 3.6239
             Metrics/slip_velocity_mean: 0.3325
             Metrics/landing_force_mean: 220.3897
--------------------------------------------------------------------------------
                         Iteration time: 11.53s
                           Time elapsed: 00:18:06
                                    ETA: 00:20:49

################################################################################
[1m                           Learning iteration 93/200                            [0m 

                            Total steps: 36096 
                       Steps per second: 34 
                        Collection time: 10.875s 
                          Learning time: 0.130s 
                        Mean value loss: 0.0148
                    Mean surrogate loss: -0.0803
                      Mean entropy loss: 34.2794
                            Mean reward: -7.48
                    Mean episode length: 60.63
                        Mean action std: 0.79
     Episode_Reward/body_orientation_l2: -0.0145
            Episode_Reward/body_ang_vel: -0.0246
        Episode_Reward/angular_momentum: -0.0460
           Episode_Reward/is_terminated: -0.3333
            Episode_Reward/joint_acc_l2: -0.0255
        Episode_Reward/joint_pos_limits: -0.0157
          Episode_Reward/action_rate_l2: -0.1792
          Episode_Reward/foot_clearance: -0.0066
               Episode_Reward/foot_slip: -0.0070
            Episode_Reward/soft_landing: -0.0106
         Episode_Reward/self_collisions: -0.0369
    Episode_Reward/base_distance_to_box: 0.0203
               Episode_Reward/reach_box: 0.0030
                Episode_Reward/lift_box: 0.0000
       Episode_Reward/keep_box_in_hands: 0.0000
      Episode_Reward/carry_box_to_shelf: 0.0000
      Episode_Reward/place_box_on_shelf: 0.0000
             Episode_Reward/box_upright: 0.0187
    Episode_Reward/foot_contact_balance: 0.0399
             Episode_Reward/object_drop: 0.0000
        Episode_Metrics/mean_action_acc: 1.5621
         Curriculum/box_transport_stage: 0.0000
     Metrics/box_transport/box_to_shelf: 1.1469
           Episode_Termination/time_out: 0.0000
          Episode_Termination/fell_over: 0.0000
        Episode_Termination/box_dropped: 0.0000
        Episode_Termination/box_too_far: 0.0000
Episode_Termination/bad_torso_orientation: 1.0417
          Metrics/angular_momentum_mean: 3.4917
             Metrics/slip_velocity_mean: 0.3294
             Metrics/landing_force_mean: 193.6751
--------------------------------------------------------------------------------
                         Iteration time: 11.00s
                           Time elapsed: 00:18:17
                                    ETA: 00:20:37

################################################################################
[1m                           Learning iteration 94/200                            [0m 

                            Total steps: 36480 
                       Steps per second: 34 
                        Collection time: 10.960s 
                          Learning time: 0.134s 
                        Mean value loss: 0.0207
                    Mean surrogate loss: -0.0821
                      Mean entropy loss: 34.2728
                            Mean reward: -7.47
                    Mean episode length: 60.63
                        Mean action std: 0.79
     Episode_Reward/body_orientation_l2: -0.0129
            Episode_Reward/body_ang_vel: -0.0277
        Episode_Reward/angular_momentum: -0.0482
           Episode_Reward/is_terminated: -0.3333
            Episode_Reward/joint_acc_l2: -0.0337
        Episode_Reward/joint_pos_limits: -0.0134
          Episode_Reward/action_rate_l2: -0.2147
          Episode_Reward/foot_clearance: -0.0070
               Episode_Reward/foot_slip: -0.0084
            Episode_Reward/soft_landing: -0.0135
         Episode_Reward/self_collisions: -0.0575
    Episode_Reward/base_distance_to_box: 0.0406
               Episode_Reward/reach_box: 0.0054
                Episode_Reward/lift_box: 0.0000
       Episode_Reward/keep_box_in_hands: 0.0000
      Episode_Reward/carry_box_to_shelf: 0.0000
      Episode_Reward/place_box_on_shelf: 0.0000
             Episode_Reward/box_upright: 0.0204
    Episode_Reward/foot_contact_balance: 0.0476
             Episode_Reward/object_drop: 0.0000
        Episode_Metrics/mean_action_acc: 1.6112
         Curriculum/box_transport_stage: 0.0000
     Metrics/box_transport/box_to_shelf: 1.1063
           Episode_Termination/time_out: 0.0000
          Episode_Termination/fell_over: 0.0000
        Episode_Termination/box_dropped: 0.0000
        Episode_Termination/box_too_far: 0.0000
Episode_Termination/bad_torso_orientation: 1.0000
          Metrics/angular_momentum_mean: 4.2564
             Metrics/slip_velocity_mean: 0.4211
             Metrics/landing_force_mean: 202.4233
--------------------------------------------------------------------------------
                         Iteration time: 11.09s
                           Time elapsed: 00:18:28
                                    ETA: 00:20:24

################################################################################
[1m                           Learning iteration 95/200                            [0m 

                            Total steps: 36864 
                       Steps per second: 32 
                        Collection time: 11.707s 
                          Learning time: 0.226s 
                        Mean value loss: 0.0119
                    Mean surrogate loss: -0.0762
                      Mean entropy loss: 34.2665
                            Mean reward: -7.47
                    Mean episode length: 60.74
                        Mean action std: 0.79
     Episode_Reward/body_orientation_l2: -0.0167
            Episode_Reward/body_ang_vel: -0.0226
        Episode_Reward/angular_momentum: -0.0423
           Episode_Reward/is_terminated: -0.3333
            Episode_Reward/joint_acc_l2: -0.0233
        Episode_Reward/joint_pos_limits: -0.0108
          Episode_Reward/action_rate_l2: -0.1853
          Episode_Reward/foot_clearance: -0.0068
               Episode_Reward/foot_slip: -0.0054
            Episode_Reward/soft_landing: -0.0108
         Episode_Reward/self_collisions: -0.0220
    Episode_Reward/base_distance_to_box: 0.0354
               Episode_Reward/reach_box: 0.0048
                Episode_Reward/lift_box: 0.0000
       Episode_Reward/keep_box_in_hands: 0.0000
      Episode_Reward/carry_box_to_shelf: 0.0000
      Episode_Reward/place_box_on_shelf: 0.0000
             Episode_Reward/box_upright: 0.0192
    Episode_Reward/foot_contact_balance: 0.0406
             Episode_Reward/object_drop: 0.0000
        Episode_Metrics/mean_action_acc: 1.5785
         Curriculum/box_transport_stage: 0.0000
     Metrics/box_transport/box_to_shelf: 1.1677
           Episode_Termination/time_out: 0.0000
          Episode_Termination/fell_over: 0.0000
        Episode_Termination/box_dropped: 0.0000
        Episode_Termination/box_too_far: 0.0000
Episode_Termination/bad_torso_orientation: 1.1250
          Metrics/angular_momentum_mean: 3.8284
             Metrics/slip_velocity_mean: 0.3695
             Metrics/landing_force_mean: 219.2981
--------------------------------------------------------------------------------
                         Iteration time: 11.93s
                           Time elapsed: 00:18:40
                                    ETA: 00:20:13

################################################################################
[1m                           Learning iteration 96/200                            [0m 

                            Total steps: 37248 
                       Steps per second: 33 
                        Collection time: 11.386s 
                          Learning time: 0.221s 
                        Mean value loss: 0.0071
                    Mean surrogate loss: -0.0858
                      Mean entropy loss: 34.2592
                            Mean reward: -7.43
                    Mean episode length: 60.21
                        Mean action std: 0.79
     Episode_Reward/body_orientation_l2: -0.0172
            Episode_Reward/body_ang_vel: -0.0195
        Episode_Reward/angular_momentum: -0.0365
           Episode_Reward/is_terminated: -0.3333
            Episode_Reward/joint_acc_l2: -0.0245
        Episode_Reward/joint_pos_limits: -0.0167
          Episode_Reward/action_rate_l2: -0.1636
          Episode_Reward/foot_clearance: -0.0061
               Episode_Reward/foot_slip: -0.0054
            Episode_Reward/soft_landing: -0.0093
         Episode_Reward/self_collisions: -0.0174
    Episode_Reward/base_distance_to_box: 0.0146
               Episode_Reward/reach_box: 0.0028
                Episode_Reward/lift_box: 0.0000
       Episode_Reward/keep_box_in_hands: 0.0000
      Episode_Reward/carry_box_to_shelf: 0.0000
      Episode_Reward/place_box_on_shelf: 0.0000
             Episode_Reward/box_upright: 0.0168
    Episode_Reward/foot_contact_balance: 0.0352
             Episode_Reward/object_drop: 0.0000
        Episode_Metrics/mean_action_acc: 1.5761
         Curriculum/box_transport_stage: 0.0000
     Metrics/box_transport/box_to_shelf: 1.1260
           Episode_Termination/time_out: 0.0000
          Episode_Termination/fell_over: 0.0000
        Episode_Termination/box_dropped: 0.0000
        Episode_Termination/box_too_far: 0.0000
Episode_Termination/bad_torso_orientation: 1.0000
          Metrics/angular_momentum_mean: 3.5723
             Metrics/slip_velocity_mean: 0.3951
             Metrics/landing_force_mean: 232.7645
--------------------------------------------------------------------------------
                         Iteration time: 11.61s
                           Time elapsed: 00:18:51
                                    ETA: 00:20:01

################################################################################
[1m                           Learning iteration 97/200                            [0m 

                            Total steps: 37632 
                       Steps per second: 33 
                        Collection time: 11.285s 
                          Learning time: 0.137s 
                        Mean value loss: 0.0096
                    Mean surrogate loss: -0.0719
                      Mean entropy loss: 34.2521
                            Mean reward: -7.40
                    Mean episode length: 59.54
                        Mean action std: 0.79
     Episode_Reward/body_orientation_l2: -0.0134
            Episode_Reward/body_ang_vel: -0.0161
        Episode_Reward/angular_momentum: -0.0395
           Episode_Reward/is_terminated: -0.3333
            Episode_Reward/joint_acc_l2: -0.0216
        Episode_Reward/joint_pos_limits: -0.0092
          Episode_Reward/action_rate_l2: -0.1572
          Episode_Reward/foot_clearance: -0.0062
               Episode_Reward/foot_slip: -0.0056
            Episode_Reward/soft_landing: -0.0103
         Episode_Reward/self_collisions: -0.0292
    Episode_Reward/base_distance_to_box: 0.0170
               Episode_Reward/reach_box: 0.0038
                Episode_Reward/lift_box: 0.0000
       Episode_Reward/keep_box_in_hands: 0.0000
      Episode_Reward/carry_box_to_shelf: 0.0000
      Episode_Reward/place_box_on_shelf: 0.0000
             Episode_Reward/box_upright: 0.0167
    Episode_Reward/foot_contact_balance: 0.0362
             Episode_Reward/object_drop: 0.0000
        Episode_Metrics/mean_action_acc: 1.5327
         Curriculum/box_transport_stage: 0.0000
     Metrics/box_transport/box_to_shelf: 1.1535
           Episode_Termination/time_out: 0.0000
          Episode_Termination/fell_over: 0.0000
        Episode_Termination/box_dropped: 0.0000
        Episode_Termination/box_too_far: 0.0000
Episode_Termination/bad_torso_orientation: 1.3333
          Metrics/angular_momentum_mean: 3.5854
             Metrics/slip_velocity_mean: 0.3227
             Metrics/landing_force_mean: 265.2222
--------------------------------------------------------------------------------
                         Iteration time: 11.42s
                           Time elapsed: 00:19:03
                                    ETA: 00:19:49

################################################################################
[1m                           Learning iteration 98/200                            [0m 

                            Total steps: 38016 
                       Steps per second: 35 
                        Collection time: 10.823s 
                          Learning time: 0.119s 
                        Mean value loss: 0.0091
                    Mean surrogate loss: -0.0750
                      Mean entropy loss: 34.2434
                            Mean reward: -7.39
                    Mean episode length: 59.10
                        Mean action std: 0.79
     Episode_Reward/body_orientation_l2: -0.0122
            Episode_Reward/body_ang_vel: -0.0185
        Episode_Reward/angular_momentum: -0.0446
           Episode_Reward/is_terminated: -0.3333
            Episode_Reward/joint_acc_l2: -0.0233
        Episode_Reward/joint_pos_limits: -0.0141
          Episode_Reward/action_rate_l2: -0.1755
          Episode_Reward/foot_clearance: -0.0066
               Episode_Reward/foot_slip: -0.0052
            Episode_Reward/soft_landing: -0.0104
         Episode_Reward/self_collisions: -0.0286
    Episode_Reward/base_distance_to_box: 0.0116
               Episode_Reward/reach_box: 0.0016
                Episode_Reward/lift_box: 0.0000
       Episode_Reward/keep_box_in_hands: 0.0000
      Episode_Reward/carry_box_to_shelf: 0.0000
      Episode_Reward/place_box_on_shelf: 0.0000
             Episode_Reward/box_upright: 0.0179
    Episode_Reward/foot_contact_balance: 0.0354
             Episode_Reward/object_drop: 0.0000
        Episode_Metrics/mean_action_acc: 1.5966
         Curriculum/box_transport_stage: 0.0000
     Metrics/box_transport/box_to_shelf: 1.1110
           Episode_Termination/time_out: 0.0000
          Episode_Termination/fell_over: 0.0000
        Episode_Termination/box_dropped: 0.0000
        Episode_Termination/box_too_far: 0.0000
Episode_Termination/bad_torso_orientation: 1.0000
          Metrics/angular_momentum_mean: 3.6927
             Metrics/slip_velocity_mean: 0.3354
             Metrics/landing_force_mean: 198.7899
--------------------------------------------------------------------------------
                         Iteration time: 10.94s
                           Time elapsed: 00:19:14
                                    ETA: 00:19:37

################################################################################
[1m                           Learning iteration 99/200                            [0m 

                            Total steps: 38400 
                       Steps per second: 34 
                        Collection time: 10.911s 
                          Learning time: 0.116s 
                        Mean value loss: 0.0135
                    Mean surrogate loss: -0.0772
                      Mean entropy loss: 34.2326
                            Mean reward: -7.35
                    Mean episode length: 58.64
                        Mean action std: 0.79
     Episode_Reward/body_orientation_l2: -0.0154
            Episode_Reward/body_ang_vel: -0.0195
        Episode_Reward/angular_momentum: -0.0422
           Episode_Reward/is_terminated: -0.3333
            Episode_Reward/joint_acc_l2: -0.0245
        Episode_Reward/joint_pos_limits: -0.0105
          Episode_Reward/action_rate_l2: -0.1756
          Episode_Reward/foot_clearance: -0.0069
               Episode_Reward/foot_slip: -0.0065
            Episode_Reward/soft_landing: -0.0099
         Episode_Reward/self_collisions: -0.0185
    Episode_Reward/base_distance_to_box: 0.0151
               Episode_Reward/reach_box: 0.0026
                Episode_Reward/lift_box: 0.0000
       Episode_Reward/keep_box_in_hands: 0.0000
      Episode_Reward/carry_box_to_shelf: 0.0000
      Episode_Reward/place_box_on_shelf: 0.0000
             Episode_Reward/box_upright: 0.0180
    Episode_Reward/foot_contact_balance: 0.0394
             Episode_Reward/object_drop: 0.0000
        Episode_Metrics/mean_action_acc: 1.5435
         Curriculum/box_transport_stage: 0.0000
     Metrics/box_transport/box_to_shelf: 1.1825
           Episode_Termination/time_out: 0.0000
          Episode_Termination/fell_over: 0.0000
        Episode_Termination/box_dropped: 0.0000
        Episode_Termination/box_too_far: 0.0000
Episode_Termination/bad_torso_orientation: 1.2917
          Metrics/angular_momentum_mean: 3.7140
             Metrics/slip_velocity_mean: 0.3993
             Metrics/landing_force_mean: 203.6974
--------------------------------------------------------------------------------
                         Iteration time: 11.03s
                           Time elapsed: 00:19:25
                                    ETA: 00:19:25

################################################################################
[1m                           Learning iteration 100/200                           [0m 

                            Total steps: 38784 
                       Steps per second: 37 
                        Collection time: 10.140s 
                          Learning time: 0.122s 
                        Mean value loss: 0.0104
                    Mean surrogate loss: -0.0823
                      Mean entropy loss: 34.2212
                            Mean reward: -7.36
                    Mean episode length: 58.86
                        Mean action std: 0.79
     Episode_Reward/body_orientation_l2: -0.0137
            Episode_Reward/body_ang_vel: -0.0212
        Episode_Reward/angular_momentum: -0.0457
           Episode_Reward/is_terminated: -0.3333
            Episode_Reward/joint_acc_l2: -0.0252
        Episode_Reward/joint_pos_limits: -0.0085
          Episode_Reward/action_rate_l2: -0.1983
          Episode_Reward/foot_clearance: -0.0080
               Episode_Reward/foot_slip: -0.0062
            Episode_Reward/soft_landing: -0.0121
         Episode_Reward/self_collisions: -0.0170
    Episode_Reward/base_distance_to_box: 0.0056
               Episode_Reward/reach_box: 0.0011
                Episode_Reward/lift_box: 0.0000
       Episode_Reward/keep_box_in_hands: 0.0000
      Episode_Reward/carry_box_to_shelf: 0.0000
      Episode_Reward/place_box_on_shelf: 0.0000
             Episode_Reward/box_upright: 0.0202
    Episode_Reward/foot_contact_balance: 0.0388
             Episode_Reward/object_drop: 0.0000
        Episode_Metrics/mean_action_acc: 1.5726
         Curriculum/box_transport_stage: 0.0000
     Metrics/box_transport/box_to_shelf: 1.1134
           Episode_Termination/time_out: 0.0000
          Episode_Termination/fell_over: 0.0000
        Episode_Termination/box_dropped: 0.0000
        Episode_Termination/box_too_far: 0.0000
Episode_Termination/bad_torso_orientation: 1.0000
          Metrics/angular_momentum_mean: 3.8538
             Metrics/slip_velocity_mean: 0.2546
             Metrics/landing_force_mean: 179.6630
--------------------------------------------------------------------------------
                         Iteration time: 10.26s
                           Time elapsed: 00:19:35
                                    ETA: 00:19:12

################################################################################
[1m                           Learning iteration 101/200                           [0m 

                            Total steps: 39168 
                       Steps per second: 31 
                        Collection time: 11.765s 
                          Learning time: 0.294s 
                        Mean value loss: 0.0150
                    Mean surrogate loss: -0.0729
                      Mean entropy loss: 34.2125
                            Mean reward: -7.32
                    Mean episode length: 58.51
                        Mean action std: 0.79
     Episode_Reward/body_orientation_l2: -0.0127
            Episode_Reward/body_ang_vel: -0.0172
        Episode_Reward/angular_momentum: -0.0362
           Episode_Reward/is_terminated: -0.3333
            Episode_Reward/joint_acc_l2: -0.0310
        Episode_Reward/joint_pos_limits: -0.0129
          Episode_Reward/action_rate_l2: -0.1825
          Episode_Reward/foot_clearance: -0.0067
               Episode_Reward/foot_slip: -0.0065
            Episode_Reward/soft_landing: -0.0094
         Episode_Reward/self_collisions: -0.0293
    Episode_Reward/base_distance_to_box: 0.0330
               Episode_Reward/reach_box: 0.0046
                Episode_Reward/lift_box: 0.0000
       Episode_Reward/keep_box_in_hands: 0.0000
      Episode_Reward/carry_box_to_shelf: 0.0000
      Episode_Reward/place_box_on_shelf: 0.0000
             Episode_Reward/box_upright: 0.0182
    Episode_Reward/foot_contact_balance: 0.0407
             Episode_Reward/object_drop: 0.0000
        Episode_Metrics/mean_action_acc: 1.5629
         Curriculum/box_transport_stage: 0.0000
     Metrics/box_transport/box_to_shelf: 1.1619
           Episode_Termination/time_out: 0.0000
          Episode_Termination/fell_over: 0.0000
        Episode_Termination/box_dropped: 0.0000
        Episode_Termination/box_too_far: 0.0000
Episode_Termination/bad_torso_orientation: 1.2917
          Metrics/angular_momentum_mean: 3.1557
             Metrics/slip_velocity_mean: 0.3386
             Metrics/landing_force_mean: 232.4341
--------------------------------------------------------------------------------
                         Iteration time: 12.06s
                           Time elapsed: 00:19:47
                                    ETA: 00:19:00

################################################################################
[1m                           Learning iteration 102/200                           [0m 

                            Total steps: 39552 
                       Steps per second: 31 
                        Collection time: 11.860s 
                          Learning time: 0.141s 
                        Mean value loss: 0.0191
                    Mean surrogate loss: -0.0765
                      Mean entropy loss: 34.2049
                            Mean reward: -7.28
                    Mean episode length: 58.17
                        Mean action std: 0.79
     Episode_Reward/body_orientation_l2: -0.0199
            Episode_Reward/body_ang_vel: -0.0171
        Episode_Reward/angular_momentum: -0.0269
           Episode_Reward/is_terminated: -0.3333
            Episode_Reward/joint_acc_l2: -0.0212
        Episode_Reward/joint_pos_limits: -0.0053
          Episode_Reward/action_rate_l2: -0.1453
          Episode_Reward/foot_clearance: -0.0074
               Episode_Reward/foot_slip: -0.0078
            Episode_Reward/soft_landing: -0.0106
         Episode_Reward/self_collisions: -0.0105
    Episode_Reward/base_distance_to_box: 0.0169
               Episode_Reward/reach_box: 0.0022
                Episode_Reward/lift_box: 0.0000
       Episode_Reward/keep_box_in_hands: 0.0000
      Episode_Reward/carry_box_to_shelf: 0.0000
      Episode_Reward/place_box_on_shelf: 0.0000
             Episode_Reward/box_upright: 0.0157
    Episode_Reward/foot_contact_balance: 0.0322
             Episode_Reward/object_drop: 0.0000
        Episode_Metrics/mean_action_acc: 1.5474
         Curriculum/box_transport_stage: 0.0000
     Metrics/box_transport/box_to_shelf: 1.2020
           Episode_Termination/time_out: 0.0000
          Episode_Termination/fell_over: 0.0000
        Episode_Termination/box_dropped: 0.0000
        Episode_Termination/box_too_far: 0.0000
Episode_Termination/bad_torso_orientation: 1.0000
          Metrics/angular_momentum_mean: 3.3347
             Metrics/slip_velocity_mean: 0.3402
             Metrics/landing_force_mean: 255.5009
--------------------------------------------------------------------------------
                         Iteration time: 12.00s
                           Time elapsed: 00:19:59
                                    ETA: 00:18:49

################################################################################
[1m                           Learning iteration 103/200                           [0m 

                            Total steps: 39936 
                       Steps per second: 34 
                        Collection time: 11.056s 
                          Learning time: 0.195s 
                        Mean value loss: 0.0096
                    Mean surrogate loss: -0.0800
                      Mean entropy loss: 34.1951
                            Mean reward: -7.25
                    Mean episode length: 57.31
                        Mean action std: 0.79
     Episode_Reward/body_orientation_l2: -0.0206
            Episode_Reward/body_ang_vel: -0.0199
        Episode_Reward/angular_momentum: -0.0332
           Episode_Reward/is_terminated: -0.3333
            Episode_Reward/joint_acc_l2: -0.0238
        Episode_Reward/joint_pos_limits: -0.0122
          Episode_Reward/action_rate_l2: -0.1636
          Episode_Reward/foot_clearance: -0.0068
               Episode_Reward/foot_slip: -0.0063
            Episode_Reward/soft_landing: -0.0092
         Episode_Reward/self_collisions: -0.0194
    Episode_Reward/base_distance_to_box: 0.0243
               Episode_Reward/reach_box: 0.0038
                Episode_Reward/lift_box: 0.0000
       Episode_Reward/keep_box_in_hands: 0.0000
      Episode_Reward/carry_box_to_shelf: 0.0000
      Episode_Reward/place_box_on_shelf: 0.0000
             Episode_Reward/box_upright: 0.0171
    Episode_Reward/foot_contact_balance: 0.0388
             Episode_Reward/object_drop: 0.0000
        Episode_Metrics/mean_action_acc: 1.5467
         Curriculum/box_transport_stage: 0.0000
     Metrics/box_transport/box_to_shelf: 1.1720
           Episode_Termination/time_out: 0.0000
          Episode_Termination/fell_over: 0.0000
        Episode_Termination/box_dropped: 0.0000
        Episode_Termination/box_too_far: 0.0000
Episode_Termination/bad_torso_orientation: 1.3750
          Metrics/angular_momentum_mean: 3.5182
             Metrics/slip_velocity_mean: 0.3851
             Metrics/landing_force_mean: 233.9762
--------------------------------------------------------------------------------
                         Iteration time: 11.25s
                           Time elapsed: 00:20:10
                                    ETA: 00:18:37

################################################################################
[1m                           Learning iteration 104/200                           [0m 

                            Total steps: 40320 
                       Steps per second: 34 
                        Collection time: 11.030s 
                          Learning time: 0.118s 
                        Mean value loss: 0.0095
                    Mean surrogate loss: -0.0759
                      Mean entropy loss: 34.1886
                            Mean reward: -7.24
                    Mean episode length: 57.40
                        Mean action std: 0.79
     Episode_Reward/body_orientation_l2: -0.0131
            Episode_Reward/body_ang_vel: -0.0151
        Episode_Reward/angular_momentum: -0.0293
           Episode_Reward/is_terminated: -0.3333
            Episode_Reward/joint_acc_l2: -0.0215
        Episode_Reward/joint_pos_limits: -0.0088
          Episode_Reward/action_rate_l2: -0.1610
          Episode_Reward/foot_clearance: -0.0064
               Episode_Reward/foot_slip: -0.0055
            Episode_Reward/soft_landing: -0.0096
         Episode_Reward/self_collisions: -0.0149
    Episode_Reward/base_distance_to_box: 0.0202
               Episode_Reward/reach_box: 0.0036
                Episode_Reward/lift_box: 0.0000
       Episode_Reward/keep_box_in_hands: 0.0000
      Episode_Reward/carry_box_to_shelf: 0.0000
      Episode_Reward/place_box_on_shelf: 0.0000
             Episode_Reward/box_upright: 0.0171
    Episode_Reward/foot_contact_balance: 0.0361
             Episode_Reward/object_drop: 0.0000
        Episode_Metrics/mean_action_acc: 1.5668
         Curriculum/box_transport_stage: 0.0000
     Metrics/box_transport/box_to_shelf: 1.1913
           Episode_Termination/time_out: 0.0000
          Episode_Termination/fell_over: 0.0000
        Episode_Termination/box_dropped: 0.0000
        Episode_Termination/box_too_far: 0.0000
Episode_Termination/bad_torso_orientation: 1.0000
          Metrics/angular_momentum_mean: 3.1585
             Metrics/slip_velocity_mean: 0.3318
             Metrics/landing_force_mean: 257.7391
--------------------------------------------------------------------------------
                         Iteration time: 11.15s
                           Time elapsed: 00:20:21
                                    ETA: 00:18:25

################################################################################
[1m                           Learning iteration 105/200                           [0m 

                            Total steps: 40704 
                       Steps per second: 33 
                        Collection time: 11.280s 
                          Learning time: 0.128s 
                        Mean value loss: 0.0058
                    Mean surrogate loss: -0.0797
                      Mean entropy loss: 34.1865
                            Mean reward: -7.16
                    Mean episode length: 55.90
                        Mean action std: 0.79
     Episode_Reward/body_orientation_l2: -0.0150
            Episode_Reward/body_ang_vel: -0.0169
        Episode_Reward/angular_momentum: -0.0346
           Episode_Reward/is_terminated: -0.3333
            Episode_Reward/joint_acc_l2: -0.0208
        Episode_Reward/joint_pos_limits: -0.0128
          Episode_Reward/action_rate_l2: -0.1499
          Episode_Reward/foot_clearance: -0.0060
               Episode_Reward/foot_slip: -0.0065
            Episode_Reward/soft_landing: -0.0102
         Episode_Reward/self_collisions: -0.0157
    Episode_Reward/base_distance_to_box: 0.0125
               Episode_Reward/reach_box: 0.0023
                Episode_Reward/lift_box: 0.0000
       Episode_Reward/keep_box_in_hands: 0.0000
      Episode_Reward/carry_box_to_shelf: 0.0000
      Episode_Reward/place_box_on_shelf: 0.0000
             Episode_Reward/box_upright: 0.0162
    Episode_Reward/foot_contact_balance: 0.0381
             Episode_Reward/object_drop: 0.0000
        Episode_Metrics/mean_action_acc: 1.5084
         Curriculum/box_transport_stage: 0.0000
     Metrics/box_transport/box_to_shelf: 1.1188
           Episode_Termination/time_out: 0.0000
          Episode_Termination/fell_over: 0.0000
        Episode_Termination/box_dropped: 0.0000
        Episode_Termination/box_too_far: 0.0000
Episode_Termination/bad_torso_orientation: 1.4583
          Metrics/angular_momentum_mean: 3.7898
             Metrics/slip_velocity_mean: 0.2771
             Metrics/landing_force_mean: 246.0759
--------------------------------------------------------------------------------
                         Iteration time: 11.41s
                           Time elapsed: 00:20:33
                                    ETA: 00:18:13

################################################################################
[1m                           Learning iteration 106/200                           [0m 

                            Total steps: 41088 
                       Steps per second: 35 
                        Collection time: 10.677s 
                          Learning time: 0.118s 
                        Mean value loss: 0.0169
                    Mean surrogate loss: -0.0816
                      Mean entropy loss: 34.1846
                            Mean reward: -7.10
                    Mean episode length: 55.30
                        Mean action std: 0.79
     Episode_Reward/body_orientation_l2: -0.0190
            Episode_Reward/body_ang_vel: -0.0206
        Episode_Reward/angular_momentum: -0.0369
           Episode_Reward/is_terminated: -0.3333
            Episode_Reward/joint_acc_l2: -0.0242
        Episode_Reward/joint_pos_limits: -0.0144
          Episode_Reward/action_rate_l2: -0.1714
          Episode_Reward/foot_clearance: -0.0072
               Episode_Reward/foot_slip: -0.0068
            Episode_Reward/soft_landing: -0.0120
         Episode_Reward/self_collisions: -0.0157
    Episode_Reward/base_distance_to_box: 0.0142
               Episode_Reward/reach_box: 0.0020
                Episode_Reward/lift_box: 0.0000
       Episode_Reward/keep_box_in_hands: 0.0000
      Episode_Reward/carry_box_to_shelf: 0.0000
      Episode_Reward/place_box_on_shelf: 0.0000
             Episode_Reward/box_upright: 0.0183
    Episode_Reward/foot_contact_balance: 0.0374
             Episode_Reward/object_drop: 0.0000
        Episode_Metrics/mean_action_acc: 1.5599
         Curriculum/box_transport_stage: 0.0000
     Metrics/box_transport/box_to_shelf: 1.1495
           Episode_Termination/time_out: 0.0000
          Episode_Termination/fell_over: 0.0000
        Episode_Termination/box_dropped: 0.0000
        Episode_Termination/box_too_far: 0.0000
Episode_Termination/bad_torso_orientation: 1.9583
          Metrics/angular_momentum_mean: 3.8080
             Metrics/slip_velocity_mean: 0.4172
             Metrics/landing_force_mean: 216.6132
--------------------------------------------------------------------------------
                         Iteration time: 10.79s
                           Time elapsed: 00:20:44
                                    ETA: 00:18:01

################################################################################
[1m                           Learning iteration 107/200                           [0m 

                            Total steps: 41472 
                       Steps per second: 35 
                        Collection time: 10.769s 
                          Learning time: 0.127s 
                        Mean value loss: 0.0120
                    Mean surrogate loss: -0.0784
                      Mean entropy loss: 34.1818
                            Mean reward: -7.09
                    Mean episode length: 55.45
                        Mean action std: 0.79
     Episode_Reward/body_orientation_l2: -0.0150
            Episode_Reward/body_ang_vel: -0.0272
        Episode_Reward/angular_momentum: -0.0463
           Episode_Reward/is_terminated: -0.3333
            Episode_Reward/joint_acc_l2: -0.0269
        Episode_Reward/joint_pos_limits: -0.0073
          Episode_Reward/action_rate_l2: -0.1960
          Episode_Reward/foot_clearance: -0.0072
               Episode_Reward/foot_slip: -0.0057
            Episode_Reward/soft_landing: -0.0106
         Episode_Reward/self_collisions: -0.0433
    Episode_Reward/base_distance_to_box: 0.0425
               Episode_Reward/reach_box: 0.0075
                Episode_Reward/lift_box: 0.0000
       Episode_Reward/keep_box_in_hands: 0.0000
      Episode_Reward/carry_box_to_shelf: 0.0000
      Episode_Reward/place_box_on_shelf: 0.0000
             Episode_Reward/box_upright: 0.0210
    Episode_Reward/foot_contact_balance: 0.0444
             Episode_Reward/object_drop: 0.0000
        Episode_Metrics/mean_action_acc: 1.5579
         Curriculum/box_transport_stage: 0.0000
     Metrics/box_transport/box_to_shelf: 1.1309
           Episode_Termination/time_out: 0.0000
          Episode_Termination/fell_over: 0.0000
        Episode_Termination/box_dropped: 0.0000
        Episode_Termination/box_too_far: 0.0000
Episode_Termination/bad_torso_orientation: 1.0000
          Metrics/angular_momentum_mean: 3.1009
             Metrics/slip_velocity_mean: 0.3204
             Metrics/landing_force_mean: 243.9213
--------------------------------------------------------------------------------
                         Iteration time: 10.90s
                           Time elapsed: 00:20:55
                                    ETA: 00:17:49

################################################################################
[1m                           Learning iteration 108/200                           [0m 

                            Total steps: 41856 
                       Steps per second: 29 
                        Collection time: 13.043s 
                          Learning time: 0.169s 
                        Mean value loss: 0.0144
                    Mean surrogate loss: -0.0846
                      Mean entropy loss: 34.1769
                            Mean reward: -7.05
                    Mean episode length: 55.19
                        Mean action std: 0.79
     Episode_Reward/body_orientation_l2: -0.0158
            Episode_Reward/body_ang_vel: -0.0221
        Episode_Reward/angular_momentum: -0.0433
           Episode_Reward/is_terminated: -0.3333
            Episode_Reward/joint_acc_l2: -0.0240
        Episode_Reward/joint_pos_limits: -0.0132
          Episode_Reward/action_rate_l2: -0.1783
          Episode_Reward/foot_clearance: -0.0066
               Episode_Reward/foot_slip: -0.0057
            Episode_Reward/soft_landing: -0.0101
         Episode_Reward/self_collisions: -0.0367
    Episode_Reward/base_distance_to_box: 0.0171
               Episode_Reward/reach_box: 0.0038
                Episode_Reward/lift_box: 0.0000
       Episode_Reward/keep_box_in_hands: 0.0000
      Episode_Reward/carry_box_to_shelf: 0.0000
      Episode_Reward/place_box_on_shelf: 0.0000
             Episode_Reward/box_upright: 0.0173
    Episode_Reward/foot_contact_balance: 0.0394
             Episode_Reward/object_drop: 0.0000
        Episode_Metrics/mean_action_acc: 1.5634
         Curriculum/box_transport_stage: 0.0000
     Metrics/box_transport/box_to_shelf: 1.1065
           Episode_Termination/time_out: 0.0000
          Episode_Termination/fell_over: 0.0000
        Episode_Termination/box_dropped: 0.0000
        Episode_Termination/box_too_far: 0.0000
Episode_Termination/bad_torso_orientation: 1.0417
          Metrics/angular_momentum_mean: 3.7941
             Metrics/slip_velocity_mean: 0.3889
             Metrics/landing_force_mean: 247.3955
--------------------------------------------------------------------------------
                         Iteration time: 13.21s
                           Time elapsed: 00:21:08
                                    ETA: 00:17:38

################################################################################
[1m                           Learning iteration 109/200                           [0m 

                            Total steps: 42240 
                       Steps per second: 29 
                        Collection time: 13.043s 
                          Learning time: 0.116s 
                        Mean value loss: 0.0082
                    Mean surrogate loss: -0.0763
                      Mean entropy loss: 34.1689
                            Mean reward: -7.04
                    Mean episode length: 55.06
                        Mean action std: 0.79
     Episode_Reward/body_orientation_l2: -0.0115
            Episode_Reward/body_ang_vel: -0.0231
        Episode_Reward/angular_momentum: -0.0352
           Episode_Reward/is_terminated: -0.3333
            Episode_Reward/joint_acc_l2: -0.0264
        Episode_Reward/joint_pos_limits: -0.0126
          Episode_Reward/action_rate_l2: -0.1843
          Episode_Reward/foot_clearance: -0.0070
               Episode_Reward/foot_slip: -0.0065
            Episode_Reward/soft_landing: -0.0117
         Episode_Reward/self_collisions: -0.0142
    Episode_Reward/base_distance_to_box: 0.0231
               Episode_Reward/reach_box: 0.0025
                Episode_Reward/lift_box: 0.0000
       Episode_Reward/keep_box_in_hands: 0.0000
      Episode_Reward/carry_box_to_shelf: 0.0000
      Episode_Reward/place_box_on_shelf: 0.0000
             Episode_Reward/box_upright: 0.0189
    Episode_Reward/foot_contact_balance: 0.0419
             Episode_Reward/object_drop: 0.0000
        Episode_Metrics/mean_action_acc: 1.5802
         Curriculum/box_transport_stage: 0.0000
     Metrics/box_transport/box_to_shelf: 1.1405
           Episode_Termination/time_out: 0.0000
          Episode_Termination/fell_over: 0.0000
        Episode_Termination/box_dropped: 0.0000
        Episode_Termination/box_too_far: 0.0000
Episode_Termination/bad_torso_orientation: 1.0000
          Metrics/angular_momentum_mean: 3.0782
             Metrics/slip_velocity_mean: 0.3638
             Metrics/landing_force_mean: 186.5801
--------------------------------------------------------------------------------
                         Iteration time: 13.16s
                           Time elapsed: 00:21:21
                                    ETA: 00:17:28

################################################################################
[1m                           Learning iteration 110/200                           [0m 

                            Total steps: 42624 
                       Steps per second: 35 
                        Collection time: 10.787s 
                          Learning time: 0.119s 
                        Mean value loss: 0.0110
                    Mean surrogate loss: -0.0799
                      Mean entropy loss: 34.1557
                            Mean reward: -7.01
                    Mean episode length: 55.08
                        Mean action std: 0.79
     Episode_Reward/body_orientation_l2: -0.0205
            Episode_Reward/body_ang_vel: -0.0195
        Episode_Reward/angular_momentum: -0.0286
           Episode_Reward/is_terminated: -0.3333
            Episode_Reward/joint_acc_l2: -0.0215
        Episode_Reward/joint_pos_limits: -0.0089
          Episode_Reward/action_rate_l2: -0.1642
          Episode_Reward/foot_clearance: -0.0067
               Episode_Reward/foot_slip: -0.0058
            Episode_Reward/soft_landing: -0.0091
         Episode_Reward/self_collisions: -0.0149
    Episode_Reward/base_distance_to_box: 0.0167
               Episode_Reward/reach_box: 0.0023
                Episode_Reward/lift_box: 0.0000
       Episode_Reward/keep_box_in_hands: 0.0000
      Episode_Reward/carry_box_to_shelf: 0.0000
      Episode_Reward/place_box_on_shelf: 0.0000
             Episode_Reward/box_upright: 0.0173
    Episode_Reward/foot_contact_balance: 0.0355
             Episode_Reward/object_drop: 0.0000
        Episode_Metrics/mean_action_acc: 1.5551
         Curriculum/box_transport_stage: 0.0000
     Metrics/box_transport/box_to_shelf: 1.1746
           Episode_Termination/time_out: 0.0000
          Episode_Termination/fell_over: 0.0000
        Episode_Termination/box_dropped: 0.0000
        Episode_Termination/box_too_far: 0.0000
Episode_Termination/bad_torso_orientation: 1.0000
          Metrics/angular_momentum_mean: 3.5181
             Metrics/slip_velocity_mean: 0.3501
             Metrics/landing_force_mean: 263.7198
--------------------------------------------------------------------------------
                         Iteration time: 10.91s
                           Time elapsed: 00:21:32
                                    ETA: 00:17:16

################################################################################
[1m                           Learning iteration 111/200                           [0m 

                            Total steps: 43008 
                       Steps per second: 35 
                        Collection time: 10.801s 
                          Learning time: 0.127s 
                        Mean value loss: 0.0090
                    Mean surrogate loss: -0.0756
                      Mean entropy loss: 34.1446
                            Mean reward: -7.01
                    Mean episode length: 55.31
                        Mean action std: 0.79
     Episode_Reward/body_orientation_l2: -0.0130
            Episode_Reward/body_ang_vel: -0.0200
        Episode_Reward/angular_momentum: -0.0360
           Episode_Reward/is_terminated: -0.3333
            Episode_Reward/joint_acc_l2: -0.0214
        Episode_Reward/joint_pos_limits: -0.0113
          Episode_Reward/action_rate_l2: -0.1825
          Episode_Reward/foot_clearance: -0.0068
               Episode_Reward/foot_slip: -0.0055
            Episode_Reward/soft_landing: -0.0098
         Episode_Reward/self_collisions: -0.0276
    Episode_Reward/base_distance_to_box: 0.0163
               Episode_Reward/reach_box: 0.0024
                Episode_Reward/lift_box: 0.0000
       Episode_Reward/keep_box_in_hands: 0.0000
      Episode_Reward/carry_box_to_shelf: 0.0000
      Episode_Reward/place_box_on_shelf: 0.0000
             Episode_Reward/box_upright: 0.0186
    Episode_Reward/foot_contact_balance: 0.0387
             Episode_Reward/object_drop: 0.0000
        Episode_Metrics/mean_action_acc: 1.5768
         Curriculum/box_transport_stage: 0.0000
     Metrics/box_transport/box_to_shelf: 1.1724
           Episode_Termination/time_out: 0.0000
          Episode_Termination/fell_over: 0.0000
        Episode_Termination/box_dropped: 0.0000
        Episode_Termination/box_too_far: 0.0000
Episode_Termination/bad_torso_orientation: 1.0000
          Metrics/angular_momentum_mean: 3.0209
             Metrics/slip_velocity_mean: 0.3049
             Metrics/landing_force_mean: 253.3822
--------------------------------------------------------------------------------
                         Iteration time: 10.93s
                           Time elapsed: 00:21:43
                                    ETA: 00:17:03

################################################################################
[1m                           Learning iteration 112/200                           [0m 

                            Total steps: 43392 
                       Steps per second: 36 
                        Collection time: 10.538s 
                          Learning time: 0.116s 
                        Mean value loss: 0.0137
                    Mean surrogate loss: -0.0793
                      Mean entropy loss: 34.1427
                            Mean reward: -6.99
                    Mean episode length: 55.01
                        Mean action std: 0.79
     Episode_Reward/body_orientation_l2: -0.0134
            Episode_Reward/body_ang_vel: -0.0181
        Episode_Reward/angular_momentum: -0.0337
           Episode_Reward/is_terminated: -0.3333
            Episode_Reward/joint_acc_l2: -0.0200
        Episode_Reward/joint_pos_limits: -0.0085
          Episode_Reward/action_rate_l2: -0.1783
          Episode_Reward/foot_clearance: -0.0069
               Episode_Reward/foot_slip: -0.0066
            Episode_Reward/soft_landing: -0.0112
         Episode_Reward/self_collisions: -0.0313
    Episode_Reward/base_distance_to_box: 0.0119
               Episode_Reward/reach_box: 0.0017
                Episode_Reward/lift_box: 0.0000
       Episode_Reward/keep_box_in_hands: 0.0000
      Episode_Reward/carry_box_to_shelf: 0.0000
      Episode_Reward/place_box_on_shelf: 0.0000
             Episode_Reward/box_upright: 0.0185
    Episode_Reward/foot_contact_balance: 0.0383
             Episode_Reward/object_drop: 0.0000
        Episode_Metrics/mean_action_acc: 1.5611
         Curriculum/box_transport_stage: 0.0000
     Metrics/box_transport/box_to_shelf: 1.1402
           Episode_Termination/time_out: 0.0000
          Episode_Termination/fell_over: 0.0000
        Episode_Termination/box_dropped: 0.0000
        Episode_Termination/box_too_far: 0.0000
Episode_Termination/bad_torso_orientation: 1.0000
          Metrics/angular_momentum_mean: 3.9154
             Metrics/slip_velocity_mean: 0.2865
             Metrics/landing_force_mean: 206.4892
--------------------------------------------------------------------------------
                         Iteration time: 10.65s
                           Time elapsed: 00:21:53
                                    ETA: 00:16:51

################################################################################
[1m                           Learning iteration 113/200                           [0m 

                            Total steps: 43776 
                       Steps per second: 36 
                        Collection time: 10.401s 
                          Learning time: 0.117s 
                        Mean value loss: 0.0125
                    Mean surrogate loss: -0.0762
                      Mean entropy loss: 34.1413
                            Mean reward: -6.98
                    Mean episode length: 55.80
                        Mean action std: 0.79
     Episode_Reward/body_orientation_l2: -0.0156
            Episode_Reward/body_ang_vel: -0.0238
        Episode_Reward/angular_momentum: -0.0452
           Episode_Reward/is_terminated: -0.3333
            Episode_Reward/joint_acc_l2: -0.0255
        Episode_Reward/joint_pos_limits: -0.0128
          Episode_Reward/action_rate_l2: -0.1933
          Episode_Reward/foot_clearance: -0.0077
               Episode_Reward/foot_slip: -0.0065
            Episode_Reward/soft_landing: -0.0122
         Episode_Reward/self_collisions: -0.0159
    Episode_Reward/base_distance_to_box: 0.0344
               Episode_Reward/reach_box: 0.0050
                Episode_Reward/lift_box: 0.0000
       Episode_Reward/keep_box_in_hands: 0.0000
      Episode_Reward/carry_box_to_shelf: 0.0000
      Episode_Reward/place_box_on_shelf: 0.0000
             Episode_Reward/box_upright: 0.0205
    Episode_Reward/foot_contact_balance: 0.0429
             Episode_Reward/object_drop: 0.0000
        Episode_Metrics/mean_action_acc: 1.5424
         Curriculum/box_transport_stage: 0.0000
     Metrics/box_transport/box_to_shelf: 1.1643
           Episode_Termination/time_out: 0.0000
          Episode_Termination/fell_over: 0.0000
        Episode_Termination/box_dropped: 0.0000
        Episode_Termination/box_too_far: 0.0000
Episode_Termination/bad_torso_orientation: 1.4583
          Metrics/angular_momentum_mean: 3.8657
             Metrics/slip_velocity_mean: 0.3304
             Metrics/landing_force_mean: 259.9574
--------------------------------------------------------------------------------
                         Iteration time: 10.52s
                           Time elapsed: 00:22:04
                                    ETA: 00:16:39

################################################################################
[1m                           Learning iteration 114/200                           [0m 

                            Total steps: 44160 
                       Steps per second: 36 
                        Collection time: 10.446s 
                          Learning time: 0.117s 
                        Mean value loss: 0.0108
                    Mean surrogate loss: -0.0742
                      Mean entropy loss: 34.1354
                            Mean reward: -6.96
                    Mean episode length: 55.61
                        Mean action std: 0.79
     Episode_Reward/body_orientation_l2: -0.0129
            Episode_Reward/body_ang_vel: -0.0171
        Episode_Reward/angular_momentum: -0.0330
           Episode_Reward/is_terminated: -0.3333
            Episode_Reward/joint_acc_l2: -0.0231
        Episode_Reward/joint_pos_limits: -0.0092
          Episode_Reward/action_rate_l2: -0.1439
          Episode_Reward/foot_clearance: -0.0054
               Episode_Reward/foot_slip: -0.0034
            Episode_Reward/soft_landing: -0.0073
         Episode_Reward/self_collisions: -0.0203
    Episode_Reward/base_distance_to_box: 0.0162
               Episode_Reward/reach_box: 0.0028
                Episode_Reward/lift_box: 0.0000
       Episode_Reward/keep_box_in_hands: 0.0000
      Episode_Reward/carry_box_to_shelf: 0.0000
      Episode_Reward/place_box_on_shelf: 0.0000
             Episode_Reward/box_upright: 0.0150
    Episode_Reward/foot_contact_balance: 0.0332
             Episode_Reward/object_drop: 0.0000
        Episode_Metrics/mean_action_acc: 1.5371
         Curriculum/box_transport_stage: 0.0000
     Metrics/box_transport/box_to_shelf: 1.1939
           Episode_Termination/time_out: 0.0000
          Episode_Termination/fell_over: 0.0000
        Episode_Termination/box_dropped: 0.0000
        Episode_Termination/box_too_far: 0.0000
Episode_Termination/bad_torso_orientation: 1.0000
          Metrics/angular_momentum_mean: 2.8650
             Metrics/slip_velocity_mean: 0.3223
             Metrics/landing_force_mean: 252.6518
--------------------------------------------------------------------------------
                         Iteration time: 10.56s
                           Time elapsed: 00:22:14
                                    ETA: 00:16:26

################################################################################
[1m                           Learning iteration 115/200                           [0m 

                            Total steps: 44544 
                       Steps per second: 35 
                        Collection time: 10.766s 
                          Learning time: 0.132s 
                        Mean value loss: 0.0084
                    Mean surrogate loss: -0.0701
                      Mean entropy loss: 34.1300
                            Mean reward: -6.89
                    Mean episode length: 54.94
                        Mean action std: 0.79
     Episode_Reward/body_orientation_l2: -0.0116
            Episode_Reward/body_ang_vel: -0.0155
        Episode_Reward/angular_momentum: -0.0378
           Episode_Reward/is_terminated: -0.3333
            Episode_Reward/joint_acc_l2: -0.0234
        Episode_Reward/joint_pos_limits: -0.0112
          Episode_Reward/action_rate_l2: -0.1640
          Episode_Reward/foot_clearance: -0.0068
               Episode_Reward/foot_slip: -0.0053
            Episode_Reward/soft_landing: -0.0102
         Episode_Reward/self_collisions: -0.0114
    Episode_Reward/base_distance_to_box: 0.0170
               Episode_Reward/reach_box: 0.0027
                Episode_Reward/lift_box: 0.0000
       Episode_Reward/keep_box_in_hands: 0.0000
      Episode_Reward/carry_box_to_shelf: 0.0000
      Episode_Reward/place_box_on_shelf: 0.0000
             Episode_Reward/box_upright: 0.0176
    Episode_Reward/foot_contact_balance: 0.0381
             Episode_Reward/object_drop: 0.0000
        Episode_Metrics/mean_action_acc: 1.5562
         Curriculum/box_transport_stage: 0.0000
     Metrics/box_transport/box_to_shelf: 1.1874
           Episode_Termination/time_out: 0.0000
          Episode_Termination/fell_over: 0.0000
        Episode_Termination/box_dropped: 0.0000
        Episode_Termination/box_too_far: 0.0000
Episode_Termination/bad_torso_orientation: 1.1250
          Metrics/angular_momentum_mean: 3.4109
             Metrics/slip_velocity_mean: 0.3473
             Metrics/landing_force_mean: 192.0627
--------------------------------------------------------------------------------
                         Iteration time: 10.90s
                           Time elapsed: 00:22:25
                                    ETA: 00:16:14

################################################################################
[1m                           Learning iteration 116/200                           [0m 

                            Total steps: 44928 
                       Steps per second: 37 
                        Collection time: 10.224s 
                          Learning time: 0.133s 
                        Mean value loss: 0.0075
                    Mean surrogate loss: -0.0686
                      Mean entropy loss: 34.1221
                            Mean reward: -6.88
                    Mean episode length: 54.90
                        Mean action std: 0.78
     Episode_Reward/body_orientation_l2: -0.0154
            Episode_Reward/body_ang_vel: -0.0205
        Episode_Reward/angular_momentum: -0.0411
           Episode_Reward/is_terminated: -0.3333
            Episode_Reward/joint_acc_l2: -0.0235
        Episode_Reward/joint_pos_limits: -0.0133
          Episode_Reward/action_rate_l2: -0.1882
          Episode_Reward/foot_clearance: -0.0074
               Episode_Reward/foot_slip: -0.0065
            Episode_Reward/soft_landing: -0.0100
         Episode_Reward/self_collisions: -0.0136
    Episode_Reward/base_distance_to_box: 0.0236
               Episode_Reward/reach_box: 0.0039
                Episode_Reward/lift_box: 0.0000
       Episode_Reward/keep_box_in_hands: 0.0000
      Episode_Reward/carry_box_to_shelf: 0.0000
      Episode_Reward/place_box_on_shelf: 0.0000
             Episode_Reward/box_upright: 0.0188
    Episode_Reward/foot_contact_balance: 0.0439
             Episode_Reward/object_drop: 0.0000
        Episode_Metrics/mean_action_acc: 1.5597
         Curriculum/box_transport_stage: 0.0000
     Metrics/box_transport/box_to_shelf: 1.1635
           Episode_Termination/time_out: 0.0000
          Episode_Termination/fell_over: 0.0000
        Episode_Termination/box_dropped: 0.0000
        Episode_Termination/box_too_far: 0.0000
Episode_Termination/bad_torso_orientation: 1.2083
          Metrics/angular_momentum_mean: 3.4208
             Metrics/slip_velocity_mean: 0.3460
             Metrics/landing_force_mean: 227.0765
--------------------------------------------------------------------------------
                         Iteration time: 10.36s
                           Time elapsed: 00:22:36
                                    ETA: 00:16:02

################################################################################
[1m                           Learning iteration 117/200                           [0m 

                            Total steps: 45312 
                       Steps per second: 37 
                        Collection time: 10.241s 
                          Learning time: 0.120s 
                        Mean value loss: 0.0093
                    Mean surrogate loss: -0.0710
                      Mean entropy loss: 34.1104
                            Mean reward: -6.81
                    Mean episode length: 54.24
                        Mean action std: 0.78
     Episode_Reward/body_orientation_l2: -0.0163
            Episode_Reward/body_ang_vel: -0.0195
        Episode_Reward/angular_momentum: -0.0302
           Episode_Reward/is_terminated: -0.3333
            Episode_Reward/joint_acc_l2: -0.0206
        Episode_Reward/joint_pos_limits: -0.0066
          Episode_Reward/action_rate_l2: -0.1496
          Episode_Reward/foot_clearance: -0.0062
               Episode_Reward/foot_slip: -0.0059
            Episode_Reward/soft_landing: -0.0089
         Episode_Reward/self_collisions: -0.0176
    Episode_Reward/base_distance_to_box: 0.0283
               Episode_Reward/reach_box: 0.0040
                Episode_Reward/lift_box: 0.0000
       Episode_Reward/keep_box_in_hands: 0.0000
      Episode_Reward/carry_box_to_shelf: 0.0000
      Episode_Reward/place_box_on_shelf: 0.0000
             Episode_Reward/box_upright: 0.0158
    Episode_Reward/foot_contact_balance: 0.0331
             Episode_Reward/object_drop: 0.0000
        Episode_Metrics/mean_action_acc: 1.5512
         Curriculum/box_transport_stage: 0.0000
     Metrics/box_transport/box_to_shelf: 1.1178
           Episode_Termination/time_out: 0.0000
          Episode_Termination/fell_over: 0.0000
        Episode_Termination/box_dropped: 0.0000
        Episode_Termination/box_too_far: 0.0000
Episode_Termination/bad_torso_orientation: 1.0833
          Metrics/angular_momentum_mean: 2.9698
             Metrics/slip_velocity_mean: 0.3610
             Metrics/landing_force_mean: 228.5224
--------------------------------------------------------------------------------
                         Iteration time: 10.36s
                           Time elapsed: 00:22:46
                                    ETA: 00:15:49

################################################################################
[1m                           Learning iteration 118/200                           [0m 

                            Total steps: 45696 
                       Steps per second: 34 
                        Collection time: 10.901s 
                          Learning time: 0.118s 
                        Mean value loss: 0.0086
                    Mean surrogate loss: -0.0758
                      Mean entropy loss: 34.1042
                            Mean reward: -6.77
                    Mean episode length: 53.60
                        Mean action std: 0.78
     Episode_Reward/body_orientation_l2: -0.0179
            Episode_Reward/body_ang_vel: -0.0191
        Episode_Reward/angular_momentum: -0.0147
           Episode_Reward/is_terminated: -0.3333
            Episode_Reward/joint_acc_l2: -0.0164
        Episode_Reward/joint_pos_limits: -0.0053
          Episode_Reward/action_rate_l2: -0.1323
          Episode_Reward/foot_clearance: -0.0056
               Episode_Reward/foot_slip: -0.0047
            Episode_Reward/soft_landing: -0.0086
         Episode_Reward/self_collisions: -0.0103
    Episode_Reward/base_distance_to_box: 0.0068
               Episode_Reward/reach_box: 0.0012
                Episode_Reward/lift_box: 0.0000
       Episode_Reward/keep_box_in_hands: 0.0000
      Episode_Reward/carry_box_to_shelf: 0.0000
      Episode_Reward/place_box_on_shelf: 0.0000
             Episode_Reward/box_upright: 0.0148
    Episode_Reward/foot_contact_balance: 0.0323
             Episode_Reward/object_drop: 0.0000
        Episode_Metrics/mean_action_acc: 1.4979
         Curriculum/box_transport_stage: 0.0000
     Metrics/box_transport/box_to_shelf: 1.1515
           Episode_Termination/time_out: 0.0000
          Episode_Termination/fell_over: 0.0000
        Episode_Termination/box_dropped: 0.0000
        Episode_Termination/box_too_far: 0.0000
Episode_Termination/bad_torso_orientation: 1.0000
          Metrics/angular_momentum_mean: 2.7413
             Metrics/slip_velocity_mean: 0.3243
             Metrics/landing_force_mean: 260.4951
--------------------------------------------------------------------------------
                         Iteration time: 11.02s
                           Time elapsed: 00:22:57
                                    ETA: 00:15:37

################################################################################
[1m                           Learning iteration 119/200                           [0m 

                            Total steps: 46080 
                       Steps per second: 35 
                        Collection time: 10.588s 
                          Learning time: 0.118s 
                        Mean value loss: 0.0077
                    Mean surrogate loss: -0.0703
                      Mean entropy loss: 34.1010
                            Mean reward: -6.73
                    Mean episode length: 53.40
                        Mean action std: 0.78
     Episode_Reward/body_orientation_l2: -0.0164
            Episode_Reward/body_ang_vel: -0.0191
        Episode_Reward/angular_momentum: -0.0269
           Episode_Reward/is_terminated: -0.3333
            Episode_Reward/joint_acc_l2: -0.0185
        Episode_Reward/joint_pos_limits: -0.0111
          Episode_Reward/action_rate_l2: -0.1611
          Episode_Reward/foot_clearance: -0.0066
               Episode_Reward/foot_slip: -0.0045
            Episode_Reward/soft_landing: -0.0097
         Episode_Reward/self_collisions: -0.0175
    Episode_Reward/base_distance_to_box: 0.0333
               Episode_Reward/reach_box: 0.0052
                Episode_Reward/lift_box: 0.0000
       Episode_Reward/keep_box_in_hands: 0.0000
      Episode_Reward/carry_box_to_shelf: 0.0000
      Episode_Reward/place_box_on_shelf: 0.0000
             Episode_Reward/box_upright: 0.0147
    Episode_Reward/foot_contact_balance: 0.0386
             Episode_Reward/object_drop: 0.0000
        Episode_Metrics/mean_action_acc: 1.5155
         Curriculum/box_transport_stage: 0.0000
     Metrics/box_transport/box_to_shelf: 1.2055
           Episode_Termination/time_out: 0.0000
          Episode_Termination/fell_over: 0.0000
        Episode_Termination/box_dropped: 0.0000
        Episode_Termination/box_too_far: 0.0000
Episode_Termination/bad_torso_orientation: 1.0417
          Metrics/angular_momentum_mean: 3.0995
             Metrics/slip_velocity_mean: 0.3941
             Metrics/landing_force_mean: 239.3590
--------------------------------------------------------------------------------
                         Iteration time: 10.71s
                           Time elapsed: 00:23:08
                                    ETA: 00:15:25

################################################################################
[1m                           Learning iteration 120/200                           [0m 

                            Total steps: 46464 
                       Steps per second: 34 
                        Collection time: 10.864s 
                          Learning time: 0.137s 
                        Mean value loss: 0.0140
                    Mean surrogate loss: -0.0713
                      Mean entropy loss: 34.0955
                            Mean reward: -6.67
                    Mean episode length: 52.84
                        Mean action std: 0.78
     Episode_Reward/body_orientation_l2: -0.0118
            Episode_Reward/body_ang_vel: -0.0194
        Episode_Reward/angular_momentum: -0.0302
           Episode_Reward/is_terminated: -0.3333
            Episode_Reward/joint_acc_l2: -0.0177
        Episode_Reward/joint_pos_limits: -0.0044
          Episode_Reward/action_rate_l2: -0.1430
          Episode_Reward/foot_clearance: -0.0063
               Episode_Reward/foot_slip: -0.0058
            Episode_Reward/soft_landing: -0.0090
         Episode_Reward/self_collisions: -0.0093
    Episode_Reward/base_distance_to_box: 0.0221
               Episode_Reward/reach_box: 0.0037
                Episode_Reward/lift_box: 0.0000
       Episode_Reward/keep_box_in_hands: 0.0000
      Episode_Reward/carry_box_to_shelf: 0.0000
      Episode_Reward/place_box_on_shelf: 0.0000
             Episode_Reward/box_upright: 0.0151
    Episode_Reward/foot_contact_balance: 0.0320
             Episode_Reward/object_drop: 0.0000
        Episode_Metrics/mean_action_acc: 1.5360
         Curriculum/box_transport_stage: 0.0000
     Metrics/box_transport/box_to_shelf: 1.1762
           Episode_Termination/time_out: 0.0000
          Episode_Termination/fell_over: 0.0000
        Episode_Termination/box_dropped: 0.0000
        Episode_Termination/box_too_far: 0.0000
Episode_Termination/bad_torso_orientation: 1.1250
          Metrics/angular_momentum_mean: 2.8078
             Metrics/slip_velocity_mean: 0.3072
             Metrics/landing_force_mean: 236.9449
--------------------------------------------------------------------------------
                         Iteration time: 11.00s
                           Time elapsed: 00:23:19
                                    ETA: 00:15:13

################################################################################
[1m                           Learning iteration 121/200                           [0m 

                            Total steps: 46848 
                       Steps per second: 37 
                        Collection time: 10.200s 
                          Learning time: 0.128s 
                        Mean value loss: 0.0106
                    Mean surrogate loss: -0.0378
                      Mean entropy loss: 34.0910
                            Mean reward: -6.60
                    Mean episode length: 52.18
                        Mean action std: 0.78
     Episode_Reward/body_orientation_l2: -0.0141
            Episode_Reward/body_ang_vel: -0.0147
        Episode_Reward/angular_momentum: -0.0185
           Episode_Reward/is_terminated: -0.3333
            Episode_Reward/joint_acc_l2: -0.0208
        Episode_Reward/joint_pos_limits: -0.0091
          Episode_Reward/action_rate_l2: -0.1472
          Episode_Reward/foot_clearance: -0.0062
               Episode_Reward/foot_slip: -0.0044
            Episode_Reward/soft_landing: -0.0091
         Episode_Reward/self_collisions: -0.0084
    Episode_Reward/base_distance_to_box: 0.0098
               Episode_Reward/reach_box: 0.0015
                Episode_Reward/lift_box: 0.0000
       Episode_Reward/keep_box_in_hands: 0.0000
      Episode_Reward/carry_box_to_shelf: 0.0000
      Episode_Reward/place_box_on_shelf: 0.0000
             Episode_Reward/box_upright: 0.0157
    Episode_Reward/foot_contact_balance: 0.0346
             Episode_Reward/object_drop: 0.0000
        Episode_Metrics/mean_action_acc: 1.5424
         Curriculum/box_transport_stage: 0.0000
     Metrics/box_transport/box_to_shelf: 1.1525
           Episode_Termination/time_out: 0.0000
          Episode_Termination/fell_over: 0.0000
        Episode_Termination/box_dropped: 0.0000
        Episode_Termination/box_too_far: 0.0000
Episode_Termination/bad_torso_orientation: 1.1667
          Metrics/angular_momentum_mean: 3.1080
             Metrics/slip_velocity_mean: 0.3881
             Metrics/landing_force_mean: 187.8820
--------------------------------------------------------------------------------
                         Iteration time: 10.33s
                           Time elapsed: 00:23:29
                                    ETA: 00:15:01

################################################################################
[1m                           Learning iteration 122/200                           [0m 

                            Total steps: 47232 
                       Steps per second: 36 
                        Collection time: 10.320s 
                          Learning time: 0.128s 
                        Mean value loss: 0.0100
                    Mean surrogate loss: -0.0759
                      Mean entropy loss: 34.0863
                            Mean reward: -6.54
                    Mean episode length: 51.61
                        Mean action std: 0.78
     Episode_Reward/body_orientation_l2: -0.0179
            Episode_Reward/body_ang_vel: -0.0222
        Episode_Reward/angular_momentum: -0.0211
           Episode_Reward/is_terminated: -0.3333
            Episode_Reward/joint_acc_l2: -0.0183
        Episode_Reward/joint_pos_limits: -0.0068
          Episode_Reward/action_rate_l2: -0.1465
          Episode_Reward/foot_clearance: -0.0061
               Episode_Reward/foot_slip: -0.0056
            Episode_Reward/soft_landing: -0.0094
         Episode_Reward/self_collisions: -0.0097
    Episode_Reward/base_distance_to_box: 0.0263
               Episode_Reward/reach_box: 0.0063
                Episode_Reward/lift_box: 0.0000
       Episode_Reward/keep_box_in_hands: 0.0000
      Episode_Reward/carry_box_to_shelf: 0.0000
      Episode_Reward/place_box_on_shelf: 0.0000
             Episode_Reward/box_upright: 0.0126
    Episode_Reward/foot_contact_balance: 0.0342
             Episode_Reward/object_drop: 0.0000
        Episode_Metrics/mean_action_acc: 1.5402
         Curriculum/box_transport_stage: 0.0000
     Metrics/box_transport/box_to_shelf: 1.0885
           Episode_Termination/time_out: 0.0000
          Episode_Termination/fell_over: 0.0000
        Episode_Termination/box_dropped: 0.0000
        Episode_Termination/box_too_far: 0.0000
Episode_Termination/bad_torso_orientation: 1.0000
          Metrics/angular_momentum_mean: 3.1064
             Metrics/slip_velocity_mean: 0.3227
             Metrics/landing_force_mean: 262.1626
--------------------------------------------------------------------------------
                         Iteration time: 10.45s
                           Time elapsed: 00:23:40
                                    ETA: 00:14:48

################################################################################
[1m                           Learning iteration 123/200                           [0m 

                            Total steps: 47616 
                       Steps per second: 35 
                        Collection time: 10.603s 
                          Learning time: 0.118s 
                        Mean value loss: 0.0067
                    Mean surrogate loss: -0.0726
                      Mean entropy loss: 34.0822
                            Mean reward: -6.54
                    Mean episode length: 51.55
                        Mean action std: 0.78
     Episode_Reward/body_orientation_l2: -0.0139
            Episode_Reward/body_ang_vel: -0.0206
        Episode_Reward/angular_momentum: -0.0235
           Episode_Reward/is_terminated: -0.3333
            Episode_Reward/joint_acc_l2: -0.0158
        Episode_Reward/joint_pos_limits: -0.0055
          Episode_Reward/action_rate_l2: -0.1396
          Episode_Reward/foot_clearance: -0.0056
               Episode_Reward/foot_slip: -0.0047
            Episode_Reward/soft_landing: -0.0088
         Episode_Reward/self_collisions: -0.0151
    Episode_Reward/base_distance_to_box: 0.0171
               Episode_Reward/reach_box: 0.0025
                Episode_Reward/lift_box: 0.0000
       Episode_Reward/keep_box_in_hands: 0.0000
      Episode_Reward/carry_box_to_shelf: 0.0000
      Episode_Reward/place_box_on_shelf: 0.0000
             Episode_Reward/box_upright: 0.0150
    Episode_Reward/foot_contact_balance: 0.0317
             Episode_Reward/object_drop: 0.0000
        Episode_Metrics/mean_action_acc: 1.5259
         Curriculum/box_transport_stage: 0.0000
     Metrics/box_transport/box_to_shelf: 1.1447
           Episode_Termination/time_out: 0.0000
          Episode_Termination/fell_over: 0.0000
        Episode_Termination/box_dropped: 0.0000
        Episode_Termination/box_too_far: 0.0000
Episode_Termination/bad_torso_orientation: 1.4583
          Metrics/angular_momentum_mean: 2.7854
             Metrics/slip_velocity_mean: 0.3635
             Metrics/landing_force_mean: 312.5952
--------------------------------------------------------------------------------
                         Iteration time: 10.72s
                           Time elapsed: 00:23:50
                                    ETA: 00:14:36

################################################################################
[1m                           Learning iteration 124/200                           [0m 

                            Total steps: 48000 
                       Steps per second: 35 
                        Collection time: 10.554s 
                          Learning time: 0.116s 
                        Mean value loss: 0.0090
                    Mean surrogate loss: -0.0745
                      Mean entropy loss: 34.0764
                            Mean reward: -6.46
                    Mean episode length: 50.99
                        Mean action std: 0.78
     Episode_Reward/body_orientation_l2: -0.0110
            Episode_Reward/body_ang_vel: -0.0168
        Episode_Reward/angular_momentum: -0.0176
           Episode_Reward/is_terminated: -0.3333
            Episode_Reward/joint_acc_l2: -0.0174
        Episode_Reward/joint_pos_limits: -0.0047
          Episode_Reward/action_rate_l2: -0.1309
          Episode_Reward/foot_clearance: -0.0053
               Episode_Reward/foot_slip: -0.0045
            Episode_Reward/soft_landing: -0.0093
         Episode_Reward/self_collisions: -0.0045
    Episode_Reward/base_distance_to_box: 0.0137
               Episode_Reward/reach_box: 0.0020
                Episode_Reward/lift_box: 0.0000
       Episode_Reward/keep_box_in_hands: 0.0000
      Episode_Reward/carry_box_to_shelf: 0.0000
      Episode_Reward/place_box_on_shelf: 0.0000
             Episode_Reward/box_upright: 0.0141
    Episode_Reward/foot_contact_balance: 0.0301
             Episode_Reward/object_drop: 0.0000
        Episode_Metrics/mean_action_acc: 1.5290
         Curriculum/box_transport_stage: 0.0000
     Metrics/box_transport/box_to_shelf: 1.1150
           Episode_Termination/time_out: 0.0000
          Episode_Termination/fell_over: 0.0000
        Episode_Termination/box_dropped: 0.0000
        Episode_Termination/box_too_far: 0.0000
Episode_Termination/bad_torso_orientation: 1.2500
          Metrics/angular_momentum_mean: 3.5335
             Metrics/slip_velocity_mean: 0.3347
             Metrics/landing_force_mean: 227.4387
--------------------------------------------------------------------------------
                         Iteration time: 10.67s
                           Time elapsed: 00:24:01
                                    ETA: 00:14:24

################################################################################
[1m                           Learning iteration 125/200                           [0m 

                            Total steps: 48384 
                       Steps per second: 36 
                        Collection time: 10.321s 
                          Learning time: 0.130s 
                        Mean value loss: 0.0092
                    Mean surrogate loss: -0.0740
                      Mean entropy loss: 34.0682
                            Mean reward: -6.39
                    Mean episode length: 50.04
                        Mean action std: 0.78
     Episode_Reward/body_orientation_l2: -0.0162
            Episode_Reward/body_ang_vel: -0.0196
        Episode_Reward/angular_momentum: -0.0283
           Episode_Reward/is_terminated: -0.3333
            Episode_Reward/joint_acc_l2: -0.0183
        Episode_Reward/joint_pos_limits: -0.0092
          Episode_Reward/action_rate_l2: -0.1502
          Episode_Reward/foot_clearance: -0.0062
               Episode_Reward/foot_slip: -0.0051
            Episode_Reward/soft_landing: -0.0096
         Episode_Reward/self_collisions: -0.0111
    Episode_Reward/base_distance_to_box: 0.0276
               Episode_Reward/reach_box: 0.0034
                Episode_Reward/lift_box: 0.0000
       Episode_Reward/keep_box_in_hands: 0.0000
      Episode_Reward/carry_box_to_shelf: 0.0000
      Episode_Reward/place_box_on_shelf: 0.0000
             Episode_Reward/box_upright: 0.0161
    Episode_Reward/foot_contact_balance: 0.0332
             Episode_Reward/object_drop: 0.0000
        Episode_Metrics/mean_action_acc: 1.5455
         Curriculum/box_transport_stage: 0.0000
     Metrics/box_transport/box_to_shelf: 1.1795
           Episode_Termination/time_out: 0.0000
          Episode_Termination/fell_over: 0.0000
        Episode_Termination/box_dropped: 0.0000
        Episode_Termination/box_too_far: 0.0000
Episode_Termination/bad_torso_orientation: 1.2083
          Metrics/angular_momentum_mean: 2.3397
             Metrics/slip_velocity_mean: 0.3364
             Metrics/landing_force_mean: 256.2556
--------------------------------------------------------------------------------
                         Iteration time: 10.45s
                           Time elapsed: 00:24:11
                                    ETA: 00:14:12

################################################################################
[1m                           Learning iteration 126/200                           [0m 

                            Total steps: 48768 
                       Steps per second: 36 
                        Collection time: 10.312s 
                          Learning time: 0.113s 
                        Mean value loss: 0.0086
                    Mean surrogate loss: -0.0651
                      Mean entropy loss: 34.0595
                            Mean reward: -6.26
                    Mean episode length: 47.76
                        Mean action std: 0.78
     Episode_Reward/body_orientation_l2: -0.0086
            Episode_Reward/body_ang_vel: -0.0153
        Episode_Reward/angular_momentum: -0.0142
           Episode_Reward/is_terminated: -0.3333
            Episode_Reward/joint_acc_l2: -0.0158
        Episode_Reward/joint_pos_limits: -0.0045
          Episode_Reward/action_rate_l2: -0.1120
          Episode_Reward/foot_clearance: -0.0048
               Episode_Reward/foot_slip: -0.0040
            Episode_Reward/soft_landing: -0.0069
         Episode_Reward/self_collisions: -0.0109
    Episode_Reward/base_distance_to_box: 0.0141
               Episode_Reward/reach_box: 0.0020
                Episode_Reward/lift_box: 0.0000
       Episode_Reward/keep_box_in_hands: 0.0000
      Episode_Reward/carry_box_to_shelf: 0.0000
      Episode_Reward/place_box_on_shelf: 0.0000
             Episode_Reward/box_upright: 0.0122
    Episode_Reward/foot_contact_balance: 0.0265
             Episode_Reward/object_drop: 0.0000
        Episode_Metrics/mean_action_acc: 1.5311
         Curriculum/box_transport_stage: 0.0000
     Metrics/box_transport/box_to_shelf: 1.1234
           Episode_Termination/time_out: 0.0000
          Episode_Termination/fell_over: 0.0000
        Episode_Termination/box_dropped: 0.0000
        Episode_Termination/box_too_far: 0.0000
Episode_Termination/bad_torso_orientation: 1.3333
          Metrics/angular_momentum_mean: 2.8143
             Metrics/slip_velocity_mean: 0.2952
             Metrics/landing_force_mean: 226.6344
--------------------------------------------------------------------------------
                         Iteration time: 10.42s
                           Time elapsed: 00:24:22
                                    ETA: 00:14:00

################################################################################
[1m                           Learning iteration 127/200                           [0m 

                            Total steps: 49152 
                       Steps per second: 36 
                        Collection time: 10.539s 
                          Learning time: 0.116s 
                        Mean value loss: 0.0067
                    Mean surrogate loss: -0.0647
                      Mean entropy loss: 34.0523
                            Mean reward: -6.23
                    Mean episode length: 47.04
                        Mean action std: 0.78
     Episode_Reward/body_orientation_l2: -0.0129
            Episode_Reward/body_ang_vel: -0.0162
        Episode_Reward/angular_momentum: -0.0122
           Episode_Reward/is_terminated: -0.3333
            Episode_Reward/joint_acc_l2: -0.0168
        Episode_Reward/joint_pos_limits: -0.0044
          Episode_Reward/action_rate_l2: -0.1176
          Episode_Reward/foot_clearance: -0.0051
               Episode_Reward/foot_slip: -0.0048
            Episode_Reward/soft_landing: -0.0075
         Episode_Reward/self_collisions: -0.0089
    Episode_Reward/base_distance_to_box: 0.0187
               Episode_Reward/reach_box: 0.0029
                Episode_Reward/lift_box: 0.0000
       Episode_Reward/keep_box_in_hands: 0.0000
      Episode_Reward/carry_box_to_shelf: 0.0000
      Episode_Reward/place_box_on_shelf: 0.0000
             Episode_Reward/box_upright: 0.0131
    Episode_Reward/foot_contact_balance: 0.0285
             Episode_Reward/object_drop: 0.0000
        Episode_Metrics/mean_action_acc: 1.4955
         Curriculum/box_transport_stage: 0.0000
     Metrics/box_transport/box_to_shelf: 1.1615
           Episode_Termination/time_out: 0.0000
          Episode_Termination/fell_over: 0.0000
        Episode_Termination/box_dropped: 0.0000
        Episode_Termination/box_too_far: 0.0000
Episode_Termination/bad_torso_orientation: 1.0000
          Metrics/angular_momentum_mean: 2.5790
             Metrics/slip_velocity_mean: 0.3517
             Metrics/landing_force_mean: 284.4631
--------------------------------------------------------------------------------
                         Iteration time: 10.65s
                           Time elapsed: 00:24:32
                                    ETA: 00:13:48

################################################################################
[1m                           Learning iteration 128/200                           [0m 

                            Total steps: 49536 
                       Steps per second: 34 
                        Collection time: 10.981s 
                          Learning time: 0.129s 
                        Mean value loss: 0.0078
                    Mean surrogate loss: -0.0664
                      Mean entropy loss: 34.0451
                            Mean reward: -6.13
                    Mean episode length: 45.45
                        Mean action std: 0.78
     Episode_Reward/body_orientation_l2: -0.0164
            Episode_Reward/body_ang_vel: -0.0195
        Episode_Reward/angular_momentum: -0.0137
           Episode_Reward/is_terminated: -0.3333
            Episode_Reward/joint_acc_l2: -0.0151
        Episode_Reward/joint_pos_limits: -0.0025
          Episode_Reward/action_rate_l2: -0.1182
          Episode_Reward/foot_clearance: -0.0050
               Episode_Reward/foot_slip: -0.0042
            Episode_Reward/soft_landing: -0.0077
         Episode_Reward/self_collisions: -0.0031
    Episode_Reward/base_distance_to_box: 0.0227
               Episode_Reward/reach_box: 0.0045
                Episode_Reward/lift_box: 0.0000
       Episode_Reward/keep_box_in_hands: 0.0000
      Episode_Reward/carry_box_to_shelf: 0.0000
      Episode_Reward/place_box_on_shelf: 0.0000
             Episode_Reward/box_upright: 0.0125
    Episode_Reward/foot_contact_balance: 0.0277
             Episode_Reward/object_drop: 0.0000
        Episode_Metrics/mean_action_acc: 1.5430
         Curriculum/box_transport_stage: 0.0000
     Metrics/box_transport/box_to_shelf: 1.1642
           Episode_Termination/time_out: 0.0000
          Episode_Termination/fell_over: 0.0000
        Episode_Termination/box_dropped: 0.0000
        Episode_Termination/box_too_far: 0.0000
Episode_Termination/bad_torso_orientation: 1.2083
          Metrics/angular_momentum_mean: 3.0711
             Metrics/slip_velocity_mean: 0.3433
             Metrics/landing_force_mean: 216.5201
--------------------------------------------------------------------------------
                         Iteration time: 11.11s
                           Time elapsed: 00:24:44
                                    ETA: 00:13:36

################################################################################
[1m                           Learning iteration 129/200                           [0m 

                            Total steps: 49920 
                       Steps per second: 37 
                        Collection time: 10.084s 
                          Learning time: 0.132s 
                        Mean value loss: 0.0365
                    Mean surrogate loss: -0.0408
                      Mean entropy loss: 34.0399
                            Mean reward: -6.05
                    Mean episode length: 44.46
                        Mean action std: 0.78
     Episode_Reward/body_orientation_l2: -0.0134
            Episode_Reward/body_ang_vel: -0.0177
        Episode_Reward/angular_momentum: -0.0115
           Episode_Reward/is_terminated: -0.3333
            Episode_Reward/joint_acc_l2: -0.0144
        Episode_Reward/joint_pos_limits: -0.0018
          Episode_Reward/action_rate_l2: -0.1055
          Episode_Reward/foot_clearance: -0.0048
               Episode_Reward/foot_slip: -0.0046
            Episode_Reward/soft_landing: -0.0064
         Episode_Reward/self_collisions: -0.0022
    Episode_Reward/base_distance_to_box: 0.0141
               Episode_Reward/reach_box: 0.0025
                Episode_Reward/lift_box: 0.0000
       Episode_Reward/keep_box_in_hands: 0.0000
      Episode_Reward/carry_box_to_shelf: 0.0000
      Episode_Reward/place_box_on_shelf: 0.0000
             Episode_Reward/box_upright: 0.0104
    Episode_Reward/foot_contact_balance: 0.0253
             Episode_Reward/object_drop: 0.0000
        Episode_Metrics/mean_action_acc: 1.5056
         Curriculum/box_transport_stage: 0.0000
     Metrics/box_transport/box_to_shelf: 1.1644
           Episode_Termination/time_out: 0.0000
          Episode_Termination/fell_over: 0.0000
        Episode_Termination/box_dropped: 0.0000
        Episode_Termination/box_too_far: 0.0000
Episode_Termination/bad_torso_orientation: 1.0833
          Metrics/angular_momentum_mean: 2.6446
             Metrics/slip_velocity_mean: 0.3337
             Metrics/landing_force_mean: 274.0359
--------------------------------------------------------------------------------
                         Iteration time: 10.22s
                           Time elapsed: 00:24:54
                                    ETA: 00:13:24

################################################################################
[1m                           Learning iteration 130/200                           [0m 

                            Total steps: 50304 
                       Steps per second: 35 
                        Collection time: 10.712s 
                          Learning time: 0.129s 
                        Mean value loss: 0.0166
                    Mean surrogate loss: -0.0480
                      Mean entropy loss: 34.0369
                            Mean reward: -6.04
                    Mean episode length: 43.19
                        Mean action std: 0.78
     Episode_Reward/body_orientation_l2: -0.0137
            Episode_Reward/body_ang_vel: -0.0226
        Episode_Reward/angular_momentum: -0.0122
           Episode_Reward/is_terminated: -0.3333
            Episode_Reward/joint_acc_l2: -0.0137
        Episode_Reward/joint_pos_limits: -0.0060
          Episode_Reward/action_rate_l2: -0.1081
          Episode_Reward/foot_clearance: -0.0048
               Episode_Reward/foot_slip: -0.0046
            Episode_Reward/soft_landing: -0.0075
         Episode_Reward/self_collisions: -0.0081
    Episode_Reward/base_distance_to_box: 0.0156
               Episode_Reward/reach_box: 0.0028
                Episode_Reward/lift_box: 0.0000
       Episode_Reward/keep_box_in_hands: 0.0000
      Episode_Reward/carry_box_to_shelf: 0.0000
      Episode_Reward/place_box_on_shelf: 0.0000
             Episode_Reward/box_upright: 0.0101
    Episode_Reward/foot_contact_balance: 0.0247
             Episode_Reward/object_drop: 0.0000
        Episode_Metrics/mean_action_acc: 1.5291
         Curriculum/box_transport_stage: 0.0000
     Metrics/box_transport/box_to_shelf: 1.1452
           Episode_Termination/time_out: 0.0000
          Episode_Termination/fell_over: 0.0000
        Episode_Termination/box_dropped: 0.0000
        Episode_Termination/box_too_far: 0.0000
Episode_Termination/bad_torso_orientation: 1.1250
          Metrics/angular_momentum_mean: 2.4841
             Metrics/slip_velocity_mean: 0.3473
             Metrics/landing_force_mean: 281.7150
--------------------------------------------------------------------------------
                         Iteration time: 10.84s
                           Time elapsed: 00:25:05
                                    ETA: 00:13:12

################################################################################
[1m                           Learning iteration 131/200                           [0m 

                            Total steps: 50688 
                       Steps per second: 35 
                        Collection time: 10.761s 
                          Learning time: 0.140s 
                        Mean value loss: 0.0093
                    Mean surrogate loss: -0.0608
                      Mean entropy loss: 34.0326
                            Mean reward: -6.00
                    Mean episode length: 42.32
                        Mean action std: 0.78
     Episode_Reward/body_orientation_l2: -0.0099
            Episode_Reward/body_ang_vel: -0.0168
        Episode_Reward/angular_momentum: -0.0130
           Episode_Reward/is_terminated: -0.3333
            Episode_Reward/joint_acc_l2: -0.0117
        Episode_Reward/joint_pos_limits: -0.0035
          Episode_Reward/action_rate_l2: -0.0937
          Episode_Reward/foot_clearance: -0.0043
               Episode_Reward/foot_slip: -0.0041
            Episode_Reward/soft_landing: -0.0060
         Episode_Reward/self_collisions: -0.0091
    Episode_Reward/base_distance_to_box: 0.0195
               Episode_Reward/reach_box: 0.0034
                Episode_Reward/lift_box: 0.0000
       Episode_Reward/keep_box_in_hands: 0.0000
      Episode_Reward/carry_box_to_shelf: 0.0000
      Episode_Reward/place_box_on_shelf: 0.0000
             Episode_Reward/box_upright: 0.0104
    Episode_Reward/foot_contact_balance: 0.0230
             Episode_Reward/object_drop: 0.0000
        Episode_Metrics/mean_action_acc: 1.4881
         Curriculum/box_transport_stage: 0.0000
     Metrics/box_transport/box_to_shelf: 1.1542
           Episode_Termination/time_out: 0.0000
          Episode_Termination/fell_over: 0.0000
        Episode_Termination/box_dropped: 0.0000
        Episode_Termination/box_too_far: 0.0000
Episode_Termination/bad_torso_orientation: 1.1250
          Metrics/angular_momentum_mean: 2.9975
             Metrics/slip_velocity_mean: 0.3715
             Metrics/landing_force_mean: 268.2729
--------------------------------------------------------------------------------
                         Iteration time: 10.90s
                           Time elapsed: 00:25:16
                                    ETA: 00:13:00

################################################################################
[1m                           Learning iteration 132/200                           [0m 

                            Total steps: 51072 
                       Steps per second: 34 
                        Collection time: 11.045s 
                          Learning time: 0.154s 
                        Mean value loss: 0.0143
                    Mean surrogate loss: -0.0405
                      Mean entropy loss: 34.0276
                            Mean reward: -5.94
                    Mean episode length: 41.24
                        Mean action std: 0.78
     Episode_Reward/body_orientation_l2: -0.0106
            Episode_Reward/body_ang_vel: -0.0179
        Episode_Reward/angular_momentum: -0.0131
           Episode_Reward/is_terminated: -0.3333
            Episode_Reward/joint_acc_l2: -0.0144
        Episode_Reward/joint_pos_limits: -0.0023
          Episode_Reward/action_rate_l2: -0.1118
          Episode_Reward/foot_clearance: -0.0048
               Episode_Reward/foot_slip: -0.0041
            Episode_Reward/soft_landing: -0.0070
         Episode_Reward/self_collisions: -0.0030
    Episode_Reward/base_distance_to_box: 0.0205
               Episode_Reward/reach_box: 0.0031
                Episode_Reward/lift_box: 0.0000
       Episode_Reward/keep_box_in_hands: 0.0000
      Episode_Reward/carry_box_to_shelf: 0.0000
      Episode_Reward/place_box_on_shelf: 0.0000
             Episode_Reward/box_upright: 0.0116
    Episode_Reward/foot_contact_balance: 0.0244
             Episode_Reward/object_drop: 0.0000
        Episode_Metrics/mean_action_acc: 1.5629
         Curriculum/box_transport_stage: 0.0000
     Metrics/box_transport/box_to_shelf: 1.1056
           Episode_Termination/time_out: 0.0000
          Episode_Termination/fell_over: 0.0000
        Episode_Termination/box_dropped: 0.0000
        Episode_Termination/box_too_far: 0.0000
Episode_Termination/bad_torso_orientation: 1.1250
          Metrics/angular_momentum_mean: 3.2094
             Metrics/slip_velocity_mean: 0.3554
             Metrics/landing_force_mean: 273.4433
--------------------------------------------------------------------------------
                         Iteration time: 11.20s
                           Time elapsed: 00:25:27
                                    ETA: 00:12:49

################################################################################
[1m                           Learning iteration 133/200                           [0m 

                            Total steps: 51456 
                       Steps per second: 33 
                        Collection time: 11.366s 
                          Learning time: 0.121s 
                        Mean value loss: 0.0083
                    Mean surrogate loss: -0.0631
                      Mean entropy loss: 34.0229
                            Mean reward: -5.88
                    Mean episode length: 40.26
                        Mean action std: 0.78
     Episode_Reward/body_orientation_l2: -0.0172
            Episode_Reward/body_ang_vel: -0.0222
        Episode_Reward/angular_momentum: -0.0131
           Episode_Reward/is_terminated: -0.3333
            Episode_Reward/joint_acc_l2: -0.0162
        Episode_Reward/joint_pos_limits: -0.0071
          Episode_Reward/action_rate_l2: -0.1301
          Episode_Reward/foot_clearance: -0.0049
               Episode_Reward/foot_slip: -0.0045
            Episode_Reward/soft_landing: -0.0077
         Episode_Reward/self_collisions: -0.0038
    Episode_Reward/base_distance_to_box: 0.0226
               Episode_Reward/reach_box: 0.0029
                Episode_Reward/lift_box: 0.0000
       Episode_Reward/keep_box_in_hands: 0.0000
      Episode_Reward/carry_box_to_shelf: 0.0000
      Episode_Reward/place_box_on_shelf: 0.0000
             Episode_Reward/box_upright: 0.0140
    Episode_Reward/foot_contact_balance: 0.0299
             Episode_Reward/object_drop: 0.0000
        Episode_Metrics/mean_action_acc: 1.5165
         Curriculum/box_transport_stage: 0.0000
     Metrics/box_transport/box_to_shelf: 1.1613
           Episode_Termination/time_out: 0.0000
          Episode_Termination/fell_over: 0.0000
        Episode_Termination/box_dropped: 0.0000
        Episode_Termination/box_too_far: 0.0000
Episode_Termination/bad_torso_orientation: 1.5000
          Metrics/angular_momentum_mean: 2.1666
             Metrics/slip_velocity_mean: 0.3154
             Metrics/landing_force_mean: 287.7720
--------------------------------------------------------------------------------
                         Iteration time: 11.49s
                           Time elapsed: 00:25:38
                                    ETA: 00:12:37

################################################################################
[1m                           Learning iteration 134/200                           [0m 

                            Total steps: 51840 
                       Steps per second: 33 
                        Collection time: 11.471s 
                          Learning time: 0.119s 
                        Mean value loss: 0.0143
                    Mean surrogate loss: -0.0578
                      Mean entropy loss: 34.0194
                            Mean reward: -5.83
                    Mean episode length: 39.28
                        Mean action std: 0.78
     Episode_Reward/body_orientation_l2: -0.0076
            Episode_Reward/body_ang_vel: -0.0172
        Episode_Reward/angular_momentum: -0.0162
           Episode_Reward/is_terminated: -0.3333
            Episode_Reward/joint_acc_l2: -0.0137
        Episode_Reward/joint_pos_limits: -0.0056
          Episode_Reward/action_rate_l2: -0.1071
          Episode_Reward/foot_clearance: -0.0048
               Episode_Reward/foot_slip: -0.0037
            Episode_Reward/soft_landing: -0.0075
         Episode_Reward/self_collisions: -0.0028
    Episode_Reward/base_distance_to_box: 0.0113
               Episode_Reward/reach_box: 0.0026
                Episode_Reward/lift_box: 0.0000
       Episode_Reward/keep_box_in_hands: 0.0000
      Episode_Reward/carry_box_to_shelf: 0.0000
      Episode_Reward/place_box_on_shelf: 0.0000
             Episode_Reward/box_upright: 0.0112
    Episode_Reward/foot_contact_balance: 0.0245
             Episode_Reward/object_drop: 0.0000
        Episode_Metrics/mean_action_acc: 1.5269
         Curriculum/box_transport_stage: 0.0000
     Metrics/box_transport/box_to_shelf: 1.1224
           Episode_Termination/time_out: 0.0000
          Episode_Termination/fell_over: 0.0000
        Episode_Termination/box_dropped: 0.0000
        Episode_Termination/box_too_far: 0.0000
Episode_Termination/bad_torso_orientation: 1.1250
          Metrics/angular_momentum_mean: 3.1509
             Metrics/slip_velocity_mean: 0.3600
             Metrics/landing_force_mean: 324.4152
--------------------------------------------------------------------------------
                         Iteration time: 11.59s
                           Time elapsed: 00:25:50
                                    ETA: 00:12:26

################################################################################
[1m                           Learning iteration 135/200                           [0m 

                            Total steps: 52224 
                       Steps per second: 35 
                        Collection time: 10.797s 
                          Learning time: 0.124s 
                        Mean value loss: 0.0159
                    Mean surrogate loss: -0.0543
                      Mean entropy loss: 34.0149
                            Mean reward: -5.83
                    Mean episode length: 38.72
                        Mean action std: 0.78
     Episode_Reward/body_orientation_l2: -0.0095
            Episode_Reward/body_ang_vel: -0.0181
        Episode_Reward/angular_momentum: -0.0252
           Episode_Reward/is_terminated: -0.3333
            Episode_Reward/joint_acc_l2: -0.0158
        Episode_Reward/joint_pos_limits: -0.0082
          Episode_Reward/action_rate_l2: -0.1267
          Episode_Reward/foot_clearance: -0.0049
               Episode_Reward/foot_slip: -0.0040
            Episode_Reward/soft_landing: -0.0075
         Episode_Reward/self_collisions: -0.0197
    Episode_Reward/base_distance_to_box: 0.0099
               Episode_Reward/reach_box: 0.0018
                Episode_Reward/lift_box: 0.0000
       Episode_Reward/keep_box_in_hands: 0.0000
      Episode_Reward/carry_box_to_shelf: 0.0000
      Episode_Reward/place_box_on_shelf: 0.0000
             Episode_Reward/box_upright: 0.0142
    Episode_Reward/foot_contact_balance: 0.0306
             Episode_Reward/object_drop: 0.0000
        Episode_Metrics/mean_action_acc: 1.4939
         Curriculum/box_transport_stage: 0.0000
     Metrics/box_transport/box_to_shelf: 1.1778
           Episode_Termination/time_out: 0.0000
          Episode_Termination/fell_over: 0.0000
        Episode_Termination/box_dropped: 0.0000
        Episode_Termination/box_too_far: 0.0000
Episode_Termination/bad_torso_orientation: 1.2083
          Metrics/angular_momentum_mean: 2.8718
             Metrics/slip_velocity_mean: 0.3211
             Metrics/landing_force_mean: 262.6928
--------------------------------------------------------------------------------
                         Iteration time: 10.92s
                           Time elapsed: 00:26:01
                                    ETA: 00:12:14

################################################################################
[1m                           Learning iteration 136/200                           [0m 

                            Total steps: 52608 
                       Steps per second: 36 
                        Collection time: 10.294s 
                          Learning time: 0.123s 
                        Mean value loss: 0.0096
                    Mean surrogate loss: -0.0693
                      Mean entropy loss: 34.0068
                            Mean reward: -5.80
                    Mean episode length: 38.41
                        Mean action std: 0.78
     Episode_Reward/body_orientation_l2: -0.0092
            Episode_Reward/body_ang_vel: -0.0172
        Episode_Reward/angular_momentum: -0.0114
           Episode_Reward/is_terminated: -0.3333
            Episode_Reward/joint_acc_l2: -0.0136
        Episode_Reward/joint_pos_limits: -0.0054
          Episode_Reward/action_rate_l2: -0.1127
          Episode_Reward/foot_clearance: -0.0045
               Episode_Reward/foot_slip: -0.0033
            Episode_Reward/soft_landing: -0.0077
         Episode_Reward/self_collisions: -0.0105
    Episode_Reward/base_distance_to_box: 0.0202
               Episode_Reward/reach_box: 0.0031
                Episode_Reward/lift_box: 0.0000
       Episode_Reward/keep_box_in_hands: 0.0000
      Episode_Reward/carry_box_to_shelf: 0.0000
      Episode_Reward/place_box_on_shelf: 0.0000
             Episode_Reward/box_upright: 0.0122
    Episode_Reward/foot_contact_balance: 0.0260
             Episode_Reward/object_drop: 0.0000
        Episode_Metrics/mean_action_acc: 1.5022
         Curriculum/box_transport_stage: 0.0000
     Metrics/box_transport/box_to_shelf: 1.2002
           Episode_Termination/time_out: 0.0000
          Episode_Termination/fell_over: 0.0000
        Episode_Termination/box_dropped: 0.0000
        Episode_Termination/box_too_far: 0.0000
Episode_Termination/bad_torso_orientation: 1.4583
          Metrics/angular_momentum_mean: 2.5474
             Metrics/slip_velocity_mean: 0.3462
             Metrics/landing_force_mean: 217.6633
--------------------------------------------------------------------------------
                         Iteration time: 10.42s
                           Time elapsed: 00:26:11
                                    ETA: 00:12:02

################################################################################
[1m                           Learning iteration 137/200                           [0m 

                            Total steps: 52992 
                       Steps per second: 35 
                        Collection time: 10.603s 
                          Learning time: 0.128s 
                        Mean value loss: 0.0260
                    Mean surrogate loss: -0.0492
                      Mean entropy loss: 34.0005
                            Mean reward: -5.73
                    Mean episode length: 37.26
                        Mean action std: 0.78
     Episode_Reward/body_orientation_l2: -0.0081
            Episode_Reward/body_ang_vel: -0.0138
        Episode_Reward/angular_momentum: -0.0108
           Episode_Reward/is_terminated: -0.3333
            Episode_Reward/joint_acc_l2: -0.0140
        Episode_Reward/joint_pos_limits: -0.0040
          Episode_Reward/action_rate_l2: -0.1167
          Episode_Reward/foot_clearance: -0.0049
               Episode_Reward/foot_slip: -0.0042
            Episode_Reward/soft_landing: -0.0077
         Episode_Reward/self_collisions: -0.0126
    Episode_Reward/base_distance_to_box: 0.0167
               Episode_Reward/reach_box: 0.0026
                Episode_Reward/lift_box: 0.0000
       Episode_Reward/keep_box_in_hands: 0.0000
      Episode_Reward/carry_box_to_shelf: 0.0000
      Episode_Reward/place_box_on_shelf: 0.0000
             Episode_Reward/box_upright: 0.0118
    Episode_Reward/foot_contact_balance: 0.0277
             Episode_Reward/object_drop: 0.0000
        Episode_Metrics/mean_action_acc: 1.5238
         Curriculum/box_transport_stage: 0.0000
     Metrics/box_transport/box_to_shelf: 1.1462
           Episode_Termination/time_out: 0.0000
          Episode_Termination/fell_over: 0.0000
        Episode_Termination/box_dropped: 0.0000
        Episode_Termination/box_too_far: 0.0000
Episode_Termination/bad_torso_orientation: 1.2083
          Metrics/angular_momentum_mean: 2.5283
             Metrics/slip_velocity_mean: 0.3137
             Metrics/landing_force_mean: 266.7628
--------------------------------------------------------------------------------
                         Iteration time: 10.73s
                           Time elapsed: 00:26:22
                                    ETA: 00:11:50

################################################################################
[1m                           Learning iteration 138/200                           [0m 

                            Total steps: 53376 
                       Steps per second: 36 
                        Collection time: 10.462s 
                          Learning time: 0.118s 
                        Mean value loss: 0.0115
                    Mean surrogate loss: -0.0599
                      Mean entropy loss: 33.9944
                            Mean reward: -5.75
                    Mean episode length: 37.21
                        Mean action std: 0.78
     Episode_Reward/body_orientation_l2: -0.0065
            Episode_Reward/body_ang_vel: -0.0150
        Episode_Reward/angular_momentum: -0.0134
           Episode_Reward/is_terminated: -0.3333
            Episode_Reward/joint_acc_l2: -0.0143
        Episode_Reward/joint_pos_limits: -0.0051
          Episode_Reward/action_rate_l2: -0.1174
          Episode_Reward/foot_clearance: -0.0052
               Episode_Reward/foot_slip: -0.0036
            Episode_Reward/soft_landing: -0.0072
         Episode_Reward/self_collisions: -0.0028
    Episode_Reward/base_distance_to_box: 0.0201
               Episode_Reward/reach_box: 0.0032
                Episode_Reward/lift_box: 0.0000
       Episode_Reward/keep_box_in_hands: 0.0000
      Episode_Reward/carry_box_to_shelf: 0.0000
      Episode_Reward/place_box_on_shelf: 0.0000
             Episode_Reward/box_upright: 0.0113
    Episode_Reward/foot_contact_balance: 0.0276
             Episode_Reward/object_drop: 0.0000
        Episode_Metrics/mean_action_acc: 1.4877
         Curriculum/box_transport_stage: 0.0000
     Metrics/box_transport/box_to_shelf: 1.1370
           Episode_Termination/time_out: 0.0000
          Episode_Termination/fell_over: 0.0000
        Episode_Termination/box_dropped: 0.0000
        Episode_Termination/box_too_far: 0.0000
Episode_Termination/bad_torso_orientation: 1.2500
          Metrics/angular_momentum_mean: 2.6881
             Metrics/slip_velocity_mean: 0.3139
             Metrics/landing_force_mean: 259.5584
--------------------------------------------------------------------------------
                         Iteration time: 10.58s
                           Time elapsed: 00:26:32
                                    ETA: 00:11:39

################################################################################
[1m                           Learning iteration 139/200                           [0m 

                            Total steps: 53760 
                       Steps per second: 36 
                        Collection time: 10.372s 
                          Learning time: 0.114s 
                        Mean value loss: 0.0144
                    Mean surrogate loss: -0.0546
                      Mean entropy loss: 33.9884
                            Mean reward: -5.80
                    Mean episode length: 37.74
                        Mean action std: 0.78
     Episode_Reward/body_orientation_l2: -0.0163
            Episode_Reward/body_ang_vel: -0.0316
        Episode_Reward/angular_momentum: -0.0248
           Episode_Reward/is_terminated: -0.3333
            Episode_Reward/joint_acc_l2: -0.0177
        Episode_Reward/joint_pos_limits: -0.0110
          Episode_Reward/action_rate_l2: -0.1414
          Episode_Reward/foot_clearance: -0.0056
               Episode_Reward/foot_slip: -0.0053
            Episode_Reward/soft_landing: -0.0095
         Episode_Reward/self_collisions: -0.0110
    Episode_Reward/base_distance_to_box: 0.0224
               Episode_Reward/reach_box: 0.0077
                Episode_Reward/lift_box: 0.0000
       Episode_Reward/keep_box_in_hands: 0.0000
      Episode_Reward/carry_box_to_shelf: 0.0000
      Episode_Reward/place_box_on_shelf: 0.0000
             Episode_Reward/box_upright: 0.0110
    Episode_Reward/foot_contact_balance: 0.0311
             Episode_Reward/object_drop: 0.0000
        Episode_Metrics/mean_action_acc: 1.5112
         Curriculum/box_transport_stage: 0.0000
     Metrics/box_transport/box_to_shelf: 1.1596
           Episode_Termination/time_out: 0.0000
          Episode_Termination/fell_over: 0.0000
        Episode_Termination/box_dropped: 0.0000
        Episode_Termination/box_too_far: 0.0000
Episode_Termination/bad_torso_orientation: 1.0000
          Metrics/angular_momentum_mean: 2.8248
             Metrics/slip_velocity_mean: 0.3264
             Metrics/landing_force_mean: 215.9736
--------------------------------------------------------------------------------
                         Iteration time: 10.49s
                           Time elapsed: 00:26:43
                                    ETA: 00:11:27

################################################################################
[1m                           Learning iteration 140/200                           [0m 

                            Total steps: 54144 
                       Steps per second: 36 
                        Collection time: 10.422s 
                          Learning time: 0.116s 
                        Mean value loss: 0.0094
                    Mean surrogate loss: -0.0642
                      Mean entropy loss: 33.9806
                            Mean reward: -5.75
                    Mean episode length: 37.71
                        Mean action std: 0.78
     Episode_Reward/body_orientation_l2: -0.0103
            Episode_Reward/body_ang_vel: -0.0168
        Episode_Reward/angular_momentum: -0.0147
           Episode_Reward/is_terminated: -0.3333
            Episode_Reward/joint_acc_l2: -0.0144
        Episode_Reward/joint_pos_limits: -0.0038
          Episode_Reward/action_rate_l2: -0.1080
          Episode_Reward/foot_clearance: -0.0046
               Episode_Reward/foot_slip: -0.0035
            Episode_Reward/soft_landing: -0.0069
         Episode_Reward/self_collisions: -0.0054
    Episode_Reward/base_distance_to_box: 0.0156
               Episode_Reward/reach_box: 0.0021
                Episode_Reward/lift_box: 0.0000
       Episode_Reward/keep_box_in_hands: 0.0000
      Episode_Reward/carry_box_to_shelf: 0.0000
      Episode_Reward/place_box_on_shelf: 0.0000
             Episode_Reward/box_upright: 0.0120
    Episode_Reward/foot_contact_balance: 0.0255
             Episode_Reward/object_drop: 0.0000
        Episode_Metrics/mean_action_acc: 1.4945
         Curriculum/box_transport_stage: 0.0000
     Metrics/box_transport/box_to_shelf: 1.1941
           Episode_Termination/time_out: 0.0000
          Episode_Termination/fell_over: 0.0000
        Episode_Termination/box_dropped: 0.0000
        Episode_Termination/box_too_far: 0.0000
Episode_Termination/bad_torso_orientation: 1.2500
          Metrics/angular_momentum_mean: 2.6598
             Metrics/slip_velocity_mean: 0.3254
             Metrics/landing_force_mean: 258.6571
--------------------------------------------------------------------------------
                         Iteration time: 10.54s
                           Time elapsed: 00:26:54
                                    ETA: 00:11:15

################################################################################
[1m                           Learning iteration 141/200                           [0m 

                            Total steps: 54528 
                       Steps per second: 34 
                        Collection time: 10.889s 
                          Learning time: 0.136s 
                        Mean value loss: 0.0126
                    Mean surrogate loss: -0.0652
                      Mean entropy loss: 33.9737
                            Mean reward: -5.76
                    Mean episode length: 37.81
                        Mean action std: 0.78
     Episode_Reward/body_orientation_l2: -0.0131
            Episode_Reward/body_ang_vel: -0.0205
        Episode_Reward/angular_momentum: -0.0190
           Episode_Reward/is_terminated: -0.3333
            Episode_Reward/joint_acc_l2: -0.0185
        Episode_Reward/joint_pos_limits: -0.0035
          Episode_Reward/action_rate_l2: -0.1456
          Episode_Reward/foot_clearance: -0.0061
               Episode_Reward/foot_slip: -0.0043
            Episode_Reward/soft_landing: -0.0093
         Episode_Reward/self_collisions: -0.0094
    Episode_Reward/base_distance_to_box: 0.0181
               Episode_Reward/reach_box: 0.0027
                Episode_Reward/lift_box: 0.0000
       Episode_Reward/keep_box_in_hands: 0.0000
      Episode_Reward/carry_box_to_shelf: 0.0000
      Episode_Reward/place_box_on_shelf: 0.0000
             Episode_Reward/box_upright: 0.0162
    Episode_Reward/foot_contact_balance: 0.0352
             Episode_Reward/object_drop: 0.0000
        Episode_Metrics/mean_action_acc: 1.4956
         Curriculum/box_transport_stage: 0.0000
     Metrics/box_transport/box_to_shelf: 1.1360
           Episode_Termination/time_out: 0.0000
          Episode_Termination/fell_over: 0.0000
        Episode_Termination/box_dropped: 0.0000
        Episode_Termination/box_too_far: 0.0000
Episode_Termination/bad_torso_orientation: 1.0833
          Metrics/angular_momentum_mean: 2.7662
             Metrics/slip_velocity_mean: 0.3488
             Metrics/landing_force_mean: 243.7677
--------------------------------------------------------------------------------
                         Iteration time: 11.03s
                           Time elapsed: 00:27:05
                                    ETA: 00:11:03

################################################################################
[1m                           Learning iteration 142/200                           [0m 

                            Total steps: 54912 
                       Steps per second: 34 
                        Collection time: 11.115s 
                          Learning time: 0.132s 
                        Mean value loss: 0.0070
                    Mean surrogate loss: -0.0731
                      Mean entropy loss: 33.9657
                            Mean reward: -5.71
                    Mean episode length: 37.16
                        Mean action std: 0.78
     Episode_Reward/body_orientation_l2: -0.0092
            Episode_Reward/body_ang_vel: -0.0148
        Episode_Reward/angular_momentum: -0.0113
           Episode_Reward/is_terminated: -0.3333
            Episode_Reward/joint_acc_l2: -0.0119
        Episode_Reward/joint_pos_limits: -0.0031
          Episode_Reward/action_rate_l2: -0.1119
          Episode_Reward/foot_clearance: -0.0047
               Episode_Reward/foot_slip: -0.0041
            Episode_Reward/soft_landing: -0.0073
         Episode_Reward/self_collisions: -0.0049
    Episode_Reward/base_distance_to_box: 0.0141
               Episode_Reward/reach_box: 0.0019
                Episode_Reward/lift_box: 0.0000
       Episode_Reward/keep_box_in_hands: 0.0000
      Episode_Reward/carry_box_to_shelf: 0.0000
      Episode_Reward/place_box_on_shelf: 0.0000
             Episode_Reward/box_upright: 0.0117
    Episode_Reward/foot_contact_balance: 0.0250
             Episode_Reward/object_drop: 0.0000
        Episode_Metrics/mean_action_acc: 1.5405
         Curriculum/box_transport_stage: 0.0000
     Metrics/box_transport/box_to_shelf: 1.1712
           Episode_Termination/time_out: 0.0000
          Episode_Termination/fell_over: 0.0000
        Episode_Termination/box_dropped: 0.0000
        Episode_Termination/box_too_far: 0.0000
Episode_Termination/bad_torso_orientation: 1.2083
          Metrics/angular_momentum_mean: 2.1402
             Metrics/slip_velocity_mean: 0.3307
             Metrics/landing_force_mean: 207.2680
--------------------------------------------------------------------------------
                         Iteration time: 11.25s
                           Time elapsed: 00:27:16
                                    ETA: 00:10:52

################################################################################
[1m                           Learning iteration 143/200                           [0m 

                            Total steps: 55296 
                       Steps per second: 34 
                        Collection time: 11.128s 
                          Learning time: 0.130s 
                        Mean value loss: 0.0063
                    Mean surrogate loss: -0.0700
                      Mean entropy loss: 33.9575
                            Mean reward: -5.72
                    Mean episode length: 37.54
                        Mean action std: 0.78
     Episode_Reward/body_orientation_l2: -0.0082
            Episode_Reward/body_ang_vel: -0.0121
        Episode_Reward/angular_momentum: -0.0114
           Episode_Reward/is_terminated: -0.3333
            Episode_Reward/joint_acc_l2: -0.0151
        Episode_Reward/joint_pos_limits: -0.0033
          Episode_Reward/action_rate_l2: -0.1116
          Episode_Reward/foot_clearance: -0.0047
               Episode_Reward/foot_slip: -0.0044
            Episode_Reward/soft_landing: -0.0071
         Episode_Reward/self_collisions: -0.0058
    Episode_Reward/base_distance_to_box: 0.0145
               Episode_Reward/reach_box: 0.0020
                Episode_Reward/lift_box: 0.0000
       Episode_Reward/keep_box_in_hands: 0.0000
      Episode_Reward/carry_box_to_shelf: 0.0000
      Episode_Reward/place_box_on_shelf: 0.0000
             Episode_Reward/box_upright: 0.0125
    Episode_Reward/foot_contact_balance: 0.0263
             Episode_Reward/object_drop: 0.0000
        Episode_Metrics/mean_action_acc: 1.4870
         Curriculum/box_transport_stage: 0.0000
     Metrics/box_transport/box_to_shelf: 1.1764
           Episode_Termination/time_out: 0.0000
          Episode_Termination/fell_over: 0.0000
        Episode_Termination/box_dropped: 0.0000
        Episode_Termination/box_too_far: 0.0000
Episode_Termination/bad_torso_orientation: 1.0833
          Metrics/angular_momentum_mean: 2.8969
             Metrics/slip_velocity_mean: 0.3760
             Metrics/landing_force_mean: 222.1390
--------------------------------------------------------------------------------
                         Iteration time: 11.26s
                           Time elapsed: 00:27:27
                                    ETA: 00:10:40

################################################################################
[1m                           Learning iteration 144/200                           [0m 

                            Total steps: 55680 
                       Steps per second: 35 
                        Collection time: 10.649s 
                          Learning time: 0.122s 
                        Mean value loss: 0.0060
                    Mean surrogate loss: -0.0547
                      Mean entropy loss: 33.9515
                            Mean reward: -5.68
                    Mean episode length: 37.03
                        Mean action std: 0.78
     Episode_Reward/body_orientation_l2: -0.0087
            Episode_Reward/body_ang_vel: -0.0157
        Episode_Reward/angular_momentum: -0.0099
           Episode_Reward/is_terminated: -0.3333
            Episode_Reward/joint_acc_l2: -0.0156
        Episode_Reward/joint_pos_limits: -0.0033
          Episode_Reward/action_rate_l2: -0.1299
          Episode_Reward/foot_clearance: -0.0050
               Episode_Reward/foot_slip: -0.0041
            Episode_Reward/soft_landing: -0.0081
         Episode_Reward/self_collisions: -0.0036
    Episode_Reward/base_distance_to_box: 0.0200
               Episode_Reward/reach_box: 0.0028
                Episode_Reward/lift_box: 0.0000
       Episode_Reward/keep_box_in_hands: 0.0000
      Episode_Reward/carry_box_to_shelf: 0.0000
      Episode_Reward/place_box_on_shelf: 0.0000
             Episode_Reward/box_upright: 0.0139
    Episode_Reward/foot_contact_balance: 0.0307
             Episode_Reward/object_drop: 0.0000
        Episode_Metrics/mean_action_acc: 1.5219
         Curriculum/box_transport_stage: 0.0000
     Metrics/box_transport/box_to_shelf: 1.1454
           Episode_Termination/time_out: 0.0000
          Episode_Termination/fell_over: 0.0000
        Episode_Termination/box_dropped: 0.0000
        Episode_Termination/box_too_far: 0.0000
Episode_Termination/bad_torso_orientation: 1.0417
          Metrics/angular_momentum_mean: 2.5791
             Metrics/slip_velocity_mean: 0.3455
             Metrics/landing_force_mean: 257.8225
--------------------------------------------------------------------------------
                         Iteration time: 10.77s
                           Time elapsed: 00:27:38
                                    ETA: 00:10:29

################################################################################
[1m                           Learning iteration 145/200                           [0m 

                            Total steps: 56064 
                       Steps per second: 35 
                        Collection time: 10.778s 
                          Learning time: 0.128s 
                        Mean value loss: 0.0058
                    Mean surrogate loss: -0.0572
                      Mean entropy loss: 33.9466
                            Mean reward: -5.63
                    Mean episode length: 36.61
                        Mean action std: 0.78
     Episode_Reward/body_orientation_l2: -0.0078
            Episode_Reward/body_ang_vel: -0.0122
        Episode_Reward/angular_momentum: -0.0097
           Episode_Reward/is_terminated: -0.3333
            Episode_Reward/joint_acc_l2: -0.0113
        Episode_Reward/joint_pos_limits: -0.0047
          Episode_Reward/action_rate_l2: -0.0961
          Episode_Reward/foot_clearance: -0.0043
               Episode_Reward/foot_slip: -0.0037
            Episode_Reward/soft_landing: -0.0073
         Episode_Reward/self_collisions: -0.0019
    Episode_Reward/base_distance_to_box: 0.0196
               Episode_Reward/reach_box: 0.0033
                Episode_Reward/lift_box: 0.0000
       Episode_Reward/keep_box_in_hands: 0.0000
      Episode_Reward/carry_box_to_shelf: 0.0000
      Episode_Reward/place_box_on_shelf: 0.0000
             Episode_Reward/box_upright: 0.0096
    Episode_Reward/foot_contact_balance: 0.0227
             Episode_Reward/object_drop: 0.0000
        Episode_Metrics/mean_action_acc: 1.5335
         Curriculum/box_transport_stage: 0.0000
     Metrics/box_transport/box_to_shelf: 1.1272
           Episode_Termination/time_out: 0.0000
          Episode_Termination/fell_over: 0.0000
        Episode_Termination/box_dropped: 0.0000
        Episode_Termination/box_too_far: 0.0000
Episode_Termination/bad_torso_orientation: 1.1250
          Metrics/angular_momentum_mean: 2.0655
             Metrics/slip_velocity_mean: 0.3350
             Metrics/landing_force_mean: 309.4392
--------------------------------------------------------------------------------
                         Iteration time: 10.91s
                           Time elapsed: 00:27:49
                                    ETA: 00:10:17

################################################################################
[1m                           Learning iteration 146/200                           [0m 

                            Total steps: 56448 
                       Steps per second: 35 
                        Collection time: 10.627s 
                          Learning time: 0.119s 
                        Mean value loss: 0.0062
                    Mean surrogate loss: -0.0682
                      Mean entropy loss: 33.9436
                            Mean reward: -5.64
                    Mean episode length: 37.05
                        Mean action std: 0.78
     Episode_Reward/body_orientation_l2: -0.0081
            Episode_Reward/body_ang_vel: -0.0156
        Episode_Reward/angular_momentum: -0.0105
           Episode_Reward/is_terminated: -0.3333
            Episode_Reward/joint_acc_l2: -0.0154
        Episode_Reward/joint_pos_limits: -0.0054
          Episode_Reward/action_rate_l2: -0.1145
          Episode_Reward/foot_clearance: -0.0048
               Episode_Reward/foot_slip: -0.0041
            Episode_Reward/soft_landing: -0.0078
         Episode_Reward/self_collisions: -0.0027
    Episode_Reward/base_distance_to_box: 0.0193
               Episode_Reward/reach_box: 0.0035
                Episode_Reward/lift_box: 0.0000
       Episode_Reward/keep_box_in_hands: 0.0000
      Episode_Reward/carry_box_to_shelf: 0.0000
      Episode_Reward/place_box_on_shelf: 0.0000
             Episode_Reward/box_upright: 0.0114
    Episode_Reward/foot_contact_balance: 0.0272
             Episode_Reward/object_drop: 0.0000
        Episode_Metrics/mean_action_acc: 1.5067
         Curriculum/box_transport_stage: 0.0000
     Metrics/box_transport/box_to_shelf: 1.1489
           Episode_Termination/time_out: 0.0000
          Episode_Termination/fell_over: 0.0000
        Episode_Termination/box_dropped: 0.0000
        Episode_Termination/box_too_far: 0.0000
Episode_Termination/bad_torso_orientation: 1.1250
          Metrics/angular_momentum_mean: 2.4256
             Metrics/slip_velocity_mean: 0.3316
             Metrics/landing_force_mean: 251.0377
--------------------------------------------------------------------------------
                         Iteration time: 10.75s
                           Time elapsed: 00:27:59
                                    ETA: 00:10:05

################################################################################
[1m                           Learning iteration 147/200                           [0m 

                            Total steps: 56832 
                       Steps per second: 35 
                        Collection time: 10.762s 
                          Learning time: 0.143s 
                        Mean value loss: 0.0078
                    Mean surrogate loss: -0.0666
                      Mean entropy loss: 33.9394
                            Mean reward: -5.63
                    Mean episode length: 36.99
                        Mean action std: 0.78
     Episode_Reward/body_orientation_l2: -0.0127
            Episode_Reward/body_ang_vel: -0.0162
        Episode_Reward/angular_momentum: -0.0143
           Episode_Reward/is_terminated: -0.3333
            Episode_Reward/joint_acc_l2: -0.0167
        Episode_Reward/joint_pos_limits: -0.0036
          Episode_Reward/action_rate_l2: -0.1219
          Episode_Reward/foot_clearance: -0.0054
               Episode_Reward/foot_slip: -0.0045
            Episode_Reward/soft_landing: -0.0091
         Episode_Reward/self_collisions: -0.0079
    Episode_Reward/base_distance_to_box: 0.0158
               Episode_Reward/reach_box: 0.0028
                Episode_Reward/lift_box: 0.0000
       Episode_Reward/keep_box_in_hands: 0.0000
      Episode_Reward/carry_box_to_shelf: 0.0000
      Episode_Reward/place_box_on_shelf: 0.0000
             Episode_Reward/box_upright: 0.0125
    Episode_Reward/foot_contact_balance: 0.0291
             Episode_Reward/object_drop: 0.0000
        Episode_Metrics/mean_action_acc: 1.5341
         Curriculum/box_transport_stage: 0.0000
     Metrics/box_transport/box_to_shelf: 1.1081
           Episode_Termination/time_out: 0.0000
          Episode_Termination/fell_over: 0.0000
        Episode_Termination/box_dropped: 0.0000
        Episode_Termination/box_too_far: 0.0000
Episode_Termination/bad_torso_orientation: 1.6667
          Metrics/angular_momentum_mean: 2.6875
             Metrics/slip_velocity_mean: 0.3400
             Metrics/landing_force_mean: 282.3127
--------------------------------------------------------------------------------
                         Iteration time: 10.91s
                           Time elapsed: 00:28:10
                                    ETA: 00:09:54

################################################################################
[1m                           Learning iteration 148/200                           [0m 

                            Total steps: 57216 
                       Steps per second: 34 
                        Collection time: 11.032s 
                          Learning time: 0.114s 
                        Mean value loss: 0.0047
                    Mean surrogate loss: -0.0703
                      Mean entropy loss: 33.9326
                            Mean reward: -5.66
                    Mean episode length: 37.44
                        Mean action std: 0.78
     Episode_Reward/body_orientation_l2: -0.0126
            Episode_Reward/body_ang_vel: -0.0156
        Episode_Reward/angular_momentum: -0.0121
           Episode_Reward/is_terminated: -0.3333
            Episode_Reward/joint_acc_l2: -0.0159
        Episode_Reward/joint_pos_limits: -0.0074
          Episode_Reward/action_rate_l2: -0.1217
          Episode_Reward/foot_clearance: -0.0052
               Episode_Reward/foot_slip: -0.0039
            Episode_Reward/soft_landing: -0.0087
         Episode_Reward/self_collisions: -0.0034
    Episode_Reward/base_distance_to_box: 0.0171
               Episode_Reward/reach_box: 0.0019
                Episode_Reward/lift_box: 0.0000
       Episode_Reward/keep_box_in_hands: 0.0000
      Episode_Reward/carry_box_to_shelf: 0.0000
      Episode_Reward/place_box_on_shelf: 0.0000
             Episode_Reward/box_upright: 0.0132
    Episode_Reward/foot_contact_balance: 0.0282
             Episode_Reward/object_drop: 0.0000
        Episode_Metrics/mean_action_acc: 1.5194
         Curriculum/box_transport_stage: 0.0000
     Metrics/box_transport/box_to_shelf: 1.1116
           Episode_Termination/time_out: 0.0000
          Episode_Termination/fell_over: 0.0000
        Episode_Termination/box_dropped: 0.0000
        Episode_Termination/box_too_far: 0.0000
Episode_Termination/bad_torso_orientation: 1.1250
          Metrics/angular_momentum_mean: 2.5171
             Metrics/slip_velocity_mean: 0.3538
             Metrics/landing_force_mean: 232.9386
--------------------------------------------------------------------------------
                         Iteration time: 11.15s
                           Time elapsed: 00:28:22
                                    ETA: 00:09:42

################################################################################
[1m                           Learning iteration 149/200                           [0m 

                            Total steps: 57600 
                       Steps per second: 33 
                        Collection time: 11.516s 
                          Learning time: 0.115s 
                        Mean value loss: 0.0052
                    Mean surrogate loss: -0.0638
                      Mean entropy loss: 33.9274
                            Mean reward: -5.60
                    Mean episode length: 36.90
                        Mean action std: 0.78
     Episode_Reward/body_orientation_l2: -0.0111
            Episode_Reward/body_ang_vel: -0.0163
        Episode_Reward/angular_momentum: -0.0164
           Episode_Reward/is_terminated: -0.3333
            Episode_Reward/joint_acc_l2: -0.0156
        Episode_Reward/joint_pos_limits: -0.0072
          Episode_Reward/action_rate_l2: -0.1169
          Episode_Reward/foot_clearance: -0.0048
               Episode_Reward/foot_slip: -0.0035
            Episode_Reward/soft_landing: -0.0085
         Episode_Reward/self_collisions: -0.0103
    Episode_Reward/base_distance_to_box: 0.0178
               Episode_Reward/reach_box: 0.0031
                Episode_Reward/lift_box: 0.0000
       Episode_Reward/keep_box_in_hands: 0.0000
      Episode_Reward/carry_box_to_shelf: 0.0000
      Episode_Reward/place_box_on_shelf: 0.0000
             Episode_Reward/box_upright: 0.0133
    Episode_Reward/foot_contact_balance: 0.0279
             Episode_Reward/object_drop: 0.0000
        Episode_Metrics/mean_action_acc: 1.4965
         Curriculum/box_transport_stage: 0.0000
     Metrics/box_transport/box_to_shelf: 1.1249
           Episode_Termination/time_out: 0.0000
          Episode_Termination/fell_over: 0.0000
        Episode_Termination/box_dropped: 0.0000
        Episode_Termination/box_too_far: 0.0000
Episode_Termination/bad_torso_orientation: 1.3333
          Metrics/angular_momentum_mean: 2.5688
             Metrics/slip_velocity_mean: 0.3666
             Metrics/landing_force_mean: 283.3180
--------------------------------------------------------------------------------
                         Iteration time: 11.63s
                           Time elapsed: 00:28:33
                                    ETA: 00:09:31

################################################################################
[1m                           Learning iteration 150/200                           [0m 

                            Total steps: 57984 
                       Steps per second: 36 
                        Collection time: 10.313s 
                          Learning time: 0.118s 
                        Mean value loss: 0.0152
                    Mean surrogate loss: -0.0528
                      Mean entropy loss: 33.9236
                            Mean reward: -5.63
                    Mean episode length: 37.26
                        Mean action std: 0.78
     Episode_Reward/body_orientation_l2: -0.0172
            Episode_Reward/body_ang_vel: -0.0193
        Episode_Reward/angular_momentum: -0.0208
           Episode_Reward/is_terminated: -0.3333
            Episode_Reward/joint_acc_l2: -0.0170
        Episode_Reward/joint_pos_limits: -0.0047
          Episode_Reward/action_rate_l2: -0.1413
          Episode_Reward/foot_clearance: -0.0065
               Episode_Reward/foot_slip: -0.0067
            Episode_Reward/soft_landing: -0.0102
         Episode_Reward/self_collisions: -0.0123
    Episode_Reward/base_distance_to_box: 0.0223
               Episode_Reward/reach_box: 0.0035
                Episode_Reward/lift_box: 0.0000
       Episode_Reward/keep_box_in_hands: 0.0000
      Episode_Reward/carry_box_to_shelf: 0.0000
      Episode_Reward/place_box_on_shelf: 0.0000
             Episode_Reward/box_upright: 0.0154
    Episode_Reward/foot_contact_balance: 0.0312
             Episode_Reward/object_drop: 0.0000
        Episode_Metrics/mean_action_acc: 1.5234
         Curriculum/box_transport_stage: 0.0000
     Metrics/box_transport/box_to_shelf: 1.1148
           Episode_Termination/time_out: 0.0000
          Episode_Termination/fell_over: 0.0000
        Episode_Termination/box_dropped: 0.0000
        Episode_Termination/box_too_far: 0.0000
Episode_Termination/bad_torso_orientation: 1.1667
          Metrics/angular_momentum_mean: 2.5155
             Metrics/slip_velocity_mean: 0.3504
             Metrics/landing_force_mean: 223.4533
--------------------------------------------------------------------------------
                         Iteration time: 10.43s
                           Time elapsed: 00:28:44
                                    ETA: 00:09:19

################################################################################
[1m                           Learning iteration 151/200                           [0m 

                            Total steps: 58368 
                       Steps per second: 33 
                        Collection time: 11.224s 
                          Learning time: 0.117s 
                        Mean value loss: 0.0055
                    Mean surrogate loss: -0.0722
                      Mean entropy loss: 33.9179
                            Mean reward: -5.59
                    Mean episode length: 37.14
                        Mean action std: 0.78
     Episode_Reward/body_orientation_l2: -0.0080
            Episode_Reward/body_ang_vel: -0.0154
        Episode_Reward/angular_momentum: -0.0116
           Episode_Reward/is_terminated: -0.3333
            Episode_Reward/joint_acc_l2: -0.0146
        Episode_Reward/joint_pos_limits: -0.0056
          Episode_Reward/action_rate_l2: -0.1129
          Episode_Reward/foot_clearance: -0.0047
               Episode_Reward/foot_slip: -0.0047
            Episode_Reward/soft_landing: -0.0074
         Episode_Reward/self_collisions: -0.0051
    Episode_Reward/base_distance_to_box: 0.0169
               Episode_Reward/reach_box: 0.0027
                Episode_Reward/lift_box: 0.0000
       Episode_Reward/keep_box_in_hands: 0.0000
      Episode_Reward/carry_box_to_shelf: 0.0000
      Episode_Reward/place_box_on_shelf: 0.0000
             Episode_Reward/box_upright: 0.0109
    Episode_Reward/foot_contact_balance: 0.0275
             Episode_Reward/object_drop: 0.0000
        Episode_Metrics/mean_action_acc: 1.4925
         Curriculum/box_transport_stage: 0.0000
     Metrics/box_transport/box_to_shelf: 1.1623
           Episode_Termination/time_out: 0.0000
          Episode_Termination/fell_over: 0.0000
        Episode_Termination/box_dropped: 0.0000
        Episode_Termination/box_too_far: 0.0000
Episode_Termination/bad_torso_orientation: 1.6667
          Metrics/angular_momentum_mean: 2.4999
             Metrics/slip_velocity_mean: 0.3342
             Metrics/landing_force_mean: 199.1606
--------------------------------------------------------------------------------
                         Iteration time: 11.34s
                           Time elapsed: 00:28:55
                                    ETA: 00:09:08

################################################################################
[1m                           Learning iteration 152/200                           [0m 

                            Total steps: 58752 
                       Steps per second: 33 
                        Collection time: 11.459s 
                          Learning time: 0.122s 
                        Mean value loss: 0.0055
                    Mean surrogate loss: -0.0759
                      Mean entropy loss: 33.9062
                            Mean reward: -5.61
                    Mean episode length: 37.45
                        Mean action std: 0.78
     Episode_Reward/body_orientation_l2: -0.0076
            Episode_Reward/body_ang_vel: -0.0135
        Episode_Reward/angular_momentum: -0.0129
           Episode_Reward/is_terminated: -0.3333
            Episode_Reward/joint_acc_l2: -0.0150
        Episode_Reward/joint_pos_limits: -0.0053
          Episode_Reward/action_rate_l2: -0.1166
          Episode_Reward/foot_clearance: -0.0046
               Episode_Reward/foot_slip: -0.0040
            Episode_Reward/soft_landing: -0.0081
         Episode_Reward/self_collisions: -0.0067
    Episode_Reward/base_distance_to_box: 0.0178
               Episode_Reward/reach_box: 0.0033
                Episode_Reward/lift_box: 0.0000
       Episode_Reward/keep_box_in_hands: 0.0000
      Episode_Reward/carry_box_to_shelf: 0.0000
      Episode_Reward/place_box_on_shelf: 0.0000
             Episode_Reward/box_upright: 0.0114
    Episode_Reward/foot_contact_balance: 0.0270
             Episode_Reward/object_drop: 0.0000
        Episode_Metrics/mean_action_acc: 1.5483
         Curriculum/box_transport_stage: 0.0000
     Metrics/box_transport/box_to_shelf: 1.1490
           Episode_Termination/time_out: 0.0000
          Episode_Termination/fell_over: 0.0000
        Episode_Termination/box_dropped: 0.0000
        Episode_Termination/box_too_far: 0.0000
Episode_Termination/bad_torso_orientation: 1.2083
          Metrics/angular_momentum_mean: 2.2857
             Metrics/slip_velocity_mean: 0.3583
             Metrics/landing_force_mean: 243.4914
--------------------------------------------------------------------------------
                         Iteration time: 11.58s
                           Time elapsed: 00:29:06
                                    ETA: 00:08:56

################################################################################
[1m                           Learning iteration 153/200                           [0m 

                            Total steps: 59136 
                       Steps per second: 32 
                        Collection time: 11.620s 
                          Learning time: 0.135s 
                        Mean value loss: 0.0108
                    Mean surrogate loss: -0.0578
                      Mean entropy loss: 33.8993
                            Mean reward: -5.60
                    Mean episode length: 37.48
                        Mean action std: 0.78
     Episode_Reward/body_orientation_l2: -0.0105
            Episode_Reward/body_ang_vel: -0.0145
        Episode_Reward/angular_momentum: -0.0099
           Episode_Reward/is_terminated: -0.3333
            Episode_Reward/joint_acc_l2: -0.0152
        Episode_Reward/joint_pos_limits: -0.0037
          Episode_Reward/action_rate_l2: -0.1207
          Episode_Reward/foot_clearance: -0.0053
               Episode_Reward/foot_slip: -0.0046
            Episode_Reward/soft_landing: -0.0080
         Episode_Reward/self_collisions: -0.0049
    Episode_Reward/base_distance_to_box: 0.0181
               Episode_Reward/reach_box: 0.0032
                Episode_Reward/lift_box: 0.0000
       Episode_Reward/keep_box_in_hands: 0.0000
      Episode_Reward/carry_box_to_shelf: 0.0000
      Episode_Reward/place_box_on_shelf: 0.0000
             Episode_Reward/box_upright: 0.0129
    Episode_Reward/foot_contact_balance: 0.0291
             Episode_Reward/object_drop: 0.0000
        Episode_Metrics/mean_action_acc: 1.5022
         Curriculum/box_transport_stage: 0.0000
     Metrics/box_transport/box_to_shelf: 1.1376
           Episode_Termination/time_out: 0.0000
          Episode_Termination/fell_over: 0.0000
        Episode_Termination/box_dropped: 0.0000
        Episode_Termination/box_too_far: 0.0000
Episode_Termination/bad_torso_orientation: 1.2500
          Metrics/angular_momentum_mean: 2.5266
             Metrics/slip_velocity_mean: 0.3422
             Metrics/landing_force_mean: 252.2584
--------------------------------------------------------------------------------
                         Iteration time: 11.76s
                           Time elapsed: 00:29:18
                                    ETA: 00:08:45

################################################################################
[1m                           Learning iteration 154/200                           [0m 

                            Total steps: 59520 
                       Steps per second: 34 
                        Collection time: 11.144s 
                          Learning time: 0.126s 
                        Mean value loss: 0.0077
                    Mean surrogate loss: -0.0694
                      Mean entropy loss: 33.8959
                            Mean reward: -5.64
                    Mean episode length: 38.31
                        Mean action std: 0.78
     Episode_Reward/body_orientation_l2: -0.0107
            Episode_Reward/body_ang_vel: -0.0202
        Episode_Reward/angular_momentum: -0.0292
           Episode_Reward/is_terminated: -0.3333
            Episode_Reward/joint_acc_l2: -0.0205
        Episode_Reward/joint_pos_limits: -0.0084
          Episode_Reward/action_rate_l2: -0.1434
          Episode_Reward/foot_clearance: -0.0059
               Episode_Reward/foot_slip: -0.0054
            Episode_Reward/soft_landing: -0.0099
         Episode_Reward/self_collisions: -0.0031
    Episode_Reward/base_distance_to_box: 0.0242
               Episode_Reward/reach_box: 0.0039
                Episode_Reward/lift_box: 0.0000
       Episode_Reward/keep_box_in_hands: 0.0000
      Episode_Reward/carry_box_to_shelf: 0.0000
      Episode_Reward/place_box_on_shelf: 0.0000
             Episode_Reward/box_upright: 0.0154
    Episode_Reward/foot_contact_balance: 0.0332
             Episode_Reward/object_drop: 0.0000
        Episode_Metrics/mean_action_acc: 1.4953
         Curriculum/box_transport_stage: 0.0000
     Metrics/box_transport/box_to_shelf: 1.0882
           Episode_Termination/time_out: 0.0000
          Episode_Termination/fell_over: 0.0000
        Episode_Termination/box_dropped: 0.0000
        Episode_Termination/box_too_far: 0.0000
Episode_Termination/bad_torso_orientation: 1.2917
          Metrics/angular_momentum_mean: 2.8405
             Metrics/slip_velocity_mean: 0.3233
             Metrics/landing_force_mean: 235.0346
--------------------------------------------------------------------------------
                         Iteration time: 11.27s
                           Time elapsed: 00:29:30
                                    ETA: 00:08:33

################################################################################
[1m                           Learning iteration 155/200                           [0m 

                            Total steps: 59904 
                       Steps per second: 35 
                        Collection time: 10.657s 
                          Learning time: 0.126s 
                        Mean value loss: 0.0082
                    Mean surrogate loss: -0.0687
                      Mean entropy loss: 33.8871
                            Mean reward: -5.69
                    Mean episode length: 39.27
                        Mean action std: 0.78
     Episode_Reward/body_orientation_l2: -0.0079
            Episode_Reward/body_ang_vel: -0.0153
        Episode_Reward/angular_momentum: -0.0131
           Episode_Reward/is_terminated: -0.3333
            Episode_Reward/joint_acc_l2: -0.0142
        Episode_Reward/joint_pos_limits: -0.0061
          Episode_Reward/action_rate_l2: -0.1209
          Episode_Reward/foot_clearance: -0.0048
               Episode_Reward/foot_slip: -0.0040
            Episode_Reward/soft_landing: -0.0079
         Episode_Reward/self_collisions: -0.0049
    Episode_Reward/base_distance_to_box: 0.0097
               Episode_Reward/reach_box: 0.0032
                Episode_Reward/lift_box: 0.0000
       Episode_Reward/keep_box_in_hands: 0.0000
      Episode_Reward/carry_box_to_shelf: 0.0000
      Episode_Reward/place_box_on_shelf: 0.0000
             Episode_Reward/box_upright: 0.0110
    Episode_Reward/foot_contact_balance: 0.0299
             Episode_Reward/object_drop: 0.0000
        Episode_Metrics/mean_action_acc: 1.5057
         Curriculum/box_transport_stage: 0.0000
     Metrics/box_transport/box_to_shelf: 1.1714
           Episode_Termination/time_out: 0.0000
          Episode_Termination/fell_over: 0.0000
        Episode_Termination/box_dropped: 0.0000
        Episode_Termination/box_too_far: 0.0000
Episode_Termination/bad_torso_orientation: 1.2083
          Metrics/angular_momentum_mean: 2.5737
             Metrics/slip_velocity_mean: 0.3390
             Metrics/landing_force_mean: 254.0040
--------------------------------------------------------------------------------
                         Iteration time: 10.78s
                           Time elapsed: 00:29:40
                                    ETA: 00:08:22

################################################################################
[1m                           Learning iteration 156/200                           [0m 

                            Total steps: 60288 
                       Steps per second: 34 
                        Collection time: 10.933s 
                          Learning time: 0.120s 
                        Mean value loss: 0.0071
                    Mean surrogate loss: -0.0676
                      Mean entropy loss: 33.8761
                            Mean reward: -5.70
                    Mean episode length: 39.13
                        Mean action std: 0.78
     Episode_Reward/body_orientation_l2: -0.0058
            Episode_Reward/body_ang_vel: -0.0134
        Episode_Reward/angular_momentum: -0.0130
           Episode_Reward/is_terminated: -0.3333
            Episode_Reward/joint_acc_l2: -0.0129
        Episode_Reward/joint_pos_limits: -0.0049
          Episode_Reward/action_rate_l2: -0.0998
          Episode_Reward/foot_clearance: -0.0039
               Episode_Reward/foot_slip: -0.0030
            Episode_Reward/soft_landing: -0.0074
         Episode_Reward/self_collisions: -0.0035
    Episode_Reward/base_distance_to_box: 0.0130
               Episode_Reward/reach_box: 0.0024
                Episode_Reward/lift_box: 0.0000
       Episode_Reward/keep_box_in_hands: 0.0000
      Episode_Reward/carry_box_to_shelf: 0.0000
      Episode_Reward/place_box_on_shelf: 0.0000
             Episode_Reward/box_upright: 0.0101
    Episode_Reward/foot_contact_balance: 0.0241
             Episode_Reward/object_drop: 0.0000
        Episode_Metrics/mean_action_acc: 1.4842
         Curriculum/box_transport_stage: 0.0000
     Metrics/box_transport/box_to_shelf: 1.1607
           Episode_Termination/time_out: 0.0000
          Episode_Termination/fell_over: 0.0000
        Episode_Termination/box_dropped: 0.0000
        Episode_Termination/box_too_far: 0.0000
Episode_Termination/bad_torso_orientation: 1.0833
          Metrics/angular_momentum_mean: 2.3864
             Metrics/slip_velocity_mean: 0.3110
             Metrics/landing_force_mean: 290.6527
--------------------------------------------------------------------------------
                         Iteration time: 11.05s
                           Time elapsed: 00:29:51
                                    ETA: 00:08:10

################################################################################
[1m                           Learning iteration 157/200                           [0m 

                            Total steps: 60672 
                       Steps per second: 34 
                        Collection time: 11.013s 
                          Learning time: 0.147s 
                        Mean value loss: 0.0060
                    Mean surrogate loss: -0.0701
                      Mean entropy loss: 33.8668
                            Mean reward: -5.68
                    Mean episode length: 38.82
                        Mean action std: 0.78
     Episode_Reward/body_orientation_l2: -0.0054
            Episode_Reward/body_ang_vel: -0.0112
        Episode_Reward/angular_momentum: -0.0101
           Episode_Reward/is_terminated: -0.3333
            Episode_Reward/joint_acc_l2: -0.0154
        Episode_Reward/joint_pos_limits: -0.0070
          Episode_Reward/action_rate_l2: -0.1184
          Episode_Reward/foot_clearance: -0.0045
               Episode_Reward/foot_slip: -0.0035
            Episode_Reward/soft_landing: -0.0073
         Episode_Reward/self_collisions: -0.0102
    Episode_Reward/base_distance_to_box: 0.0136
               Episode_Reward/reach_box: 0.0021
                Episode_Reward/lift_box: 0.0000
       Episode_Reward/keep_box_in_hands: 0.0000
      Episode_Reward/carry_box_to_shelf: 0.0000
      Episode_Reward/place_box_on_shelf: 0.0000
             Episode_Reward/box_upright: 0.0127
    Episode_Reward/foot_contact_balance: 0.0277
             Episode_Reward/object_drop: 0.0000
        Episode_Metrics/mean_action_acc: 1.5341
         Curriculum/box_transport_stage: 0.0000
     Metrics/box_transport/box_to_shelf: 1.0972
           Episode_Termination/time_out: 0.0000
          Episode_Termination/fell_over: 0.0000
        Episode_Termination/box_dropped: 0.0000
        Episode_Termination/box_too_far: 0.0000
Episode_Termination/bad_torso_orientation: 1.0417
          Metrics/angular_momentum_mean: 2.4707
             Metrics/slip_velocity_mean: 0.3576
             Metrics/landing_force_mean: 249.4008
--------------------------------------------------------------------------------
                         Iteration time: 11.16s
                           Time elapsed: 00:30:03
                                    ETA: 00:07:59

################################################################################
[1m                           Learning iteration 158/200                           [0m 

                            Total steps: 61056 
                       Steps per second: 33 
                        Collection time: 11.279s 
                          Learning time: 0.127s 
                        Mean value loss: 0.0249
                    Mean surrogate loss: -0.0501
                      Mean entropy loss: 33.8610
                            Mean reward: -5.67
                    Mean episode length: 39.25
                        Mean action std: 0.78
     Episode_Reward/body_orientation_l2: -0.0066
            Episode_Reward/body_ang_vel: -0.0141
        Episode_Reward/angular_momentum: -0.0155
           Episode_Reward/is_terminated: -0.3333
            Episode_Reward/joint_acc_l2: -0.0138
        Episode_Reward/joint_pos_limits: -0.0041
          Episode_Reward/action_rate_l2: -0.1124
          Episode_Reward/foot_clearance: -0.0043
               Episode_Reward/foot_slip: -0.0037
            Episode_Reward/soft_landing: -0.0066
         Episode_Reward/self_collisions: -0.0074
    Episode_Reward/base_distance_to_box: 0.0134
               Episode_Reward/reach_box: 0.0029
                Episode_Reward/lift_box: 0.0000
       Episode_Reward/keep_box_in_hands: 0.0000
      Episode_Reward/carry_box_to_shelf: 0.0000
      Episode_Reward/place_box_on_shelf: 0.0000
             Episode_Reward/box_upright: 0.0121
    Episode_Reward/foot_contact_balance: 0.0269
             Episode_Reward/object_drop: 0.0000
        Episode_Metrics/mean_action_acc: 1.4823
         Curriculum/box_transport_stage: 0.0000
     Metrics/box_transport/box_to_shelf: 1.1715
           Episode_Termination/time_out: 0.0000
          Episode_Termination/fell_over: 0.0000
        Episode_Termination/box_dropped: 0.0000
        Episode_Termination/box_too_far: 0.0000
Episode_Termination/bad_torso_orientation: 1.2917
          Metrics/angular_momentum_mean: 2.8935
             Metrics/slip_velocity_mean: 0.3685
             Metrics/landing_force_mean: 223.9999
--------------------------------------------------------------------------------
                         Iteration time: 11.41s
                           Time elapsed: 00:30:14
                                    ETA: 00:07:47

################################################################################
[1m                           Learning iteration 159/200                           [0m 

                            Total steps: 61440 
                       Steps per second: 35 
                        Collection time: 10.680s 
                          Learning time: 0.167s 
                        Mean value loss: 0.0089
                    Mean surrogate loss: -0.0649
                      Mean entropy loss: 33.8527
                            Mean reward: -5.70
                    Mean episode length: 39.92
                        Mean action std: 0.78
     Episode_Reward/body_orientation_l2: -0.0070
            Episode_Reward/body_ang_vel: -0.0181
        Episode_Reward/angular_momentum: -0.0193
           Episode_Reward/is_terminated: -0.3333
            Episode_Reward/joint_acc_l2: -0.0188
        Episode_Reward/joint_pos_limits: -0.0087
          Episode_Reward/action_rate_l2: -0.1335
          Episode_Reward/foot_clearance: -0.0058
               Episode_Reward/foot_slip: -0.0052
            Episode_Reward/soft_landing: -0.0083
         Episode_Reward/self_collisions: -0.0044
    Episode_Reward/base_distance_to_box: 0.0172
               Episode_Reward/reach_box: 0.0041
                Episode_Reward/lift_box: 0.0000
       Episode_Reward/keep_box_in_hands: 0.0000
      Episode_Reward/carry_box_to_shelf: 0.0000
      Episode_Reward/place_box_on_shelf: 0.0000
             Episode_Reward/box_upright: 0.0125
    Episode_Reward/foot_contact_balance: 0.0310
             Episode_Reward/object_drop: 0.0000
        Episode_Metrics/mean_action_acc: 1.5089
         Curriculum/box_transport_stage: 0.0000
     Metrics/box_transport/box_to_shelf: 1.1357
           Episode_Termination/time_out: 0.0000
          Episode_Termination/fell_over: 0.0000
        Episode_Termination/box_dropped: 0.0000
        Episode_Termination/box_too_far: 0.0000
Episode_Termination/bad_torso_orientation: 1.8333
          Metrics/angular_momentum_mean: 2.5287
             Metrics/slip_velocity_mean: 0.3313
             Metrics/landing_force_mean: 261.2417
--------------------------------------------------------------------------------
                         Iteration time: 10.85s
                           Time elapsed: 00:30:25
                                    ETA: 00:07:36

################################################################################
[1m                           Learning iteration 160/200                           [0m 

                            Total steps: 61824 
                       Steps per second: 34 
                        Collection time: 11.169s 
                          Learning time: 0.118s 
                        Mean value loss: 0.0060
                    Mean surrogate loss: -0.0626
                      Mean entropy loss: 33.8426
                            Mean reward: -5.65
                    Mean episode length: 39.26
                        Mean action std: 0.78
     Episode_Reward/body_orientation_l2: -0.0066
            Episode_Reward/body_ang_vel: -0.0118
        Episode_Reward/angular_momentum: -0.0115
           Episode_Reward/is_terminated: -0.3333
            Episode_Reward/joint_acc_l2: -0.0134
        Episode_Reward/joint_pos_limits: -0.0047
          Episode_Reward/action_rate_l2: -0.1152
          Episode_Reward/foot_clearance: -0.0049
               Episode_Reward/foot_slip: -0.0041
            Episode_Reward/soft_landing: -0.0078
         Episode_Reward/self_collisions: -0.0063
    Episode_Reward/base_distance_to_box: 0.0163
               Episode_Reward/reach_box: 0.0028
                Episode_Reward/lift_box: 0.0000
       Episode_Reward/keep_box_in_hands: 0.0000
      Episode_Reward/carry_box_to_shelf: 0.0000
      Episode_Reward/place_box_on_shelf: 0.0000
             Episode_Reward/box_upright: 0.0122
    Episode_Reward/foot_contact_balance: 0.0281
             Episode_Reward/object_drop: 0.0000
        Episode_Metrics/mean_action_acc: 1.5039
         Curriculum/box_transport_stage: 0.0000
     Metrics/box_transport/box_to_shelf: 1.1582
           Episode_Termination/time_out: 0.0000
          Episode_Termination/fell_over: 0.0417
        Episode_Termination/box_dropped: 0.0000
        Episode_Termination/box_too_far: 0.0000
Episode_Termination/bad_torso_orientation: 1.6250
          Metrics/angular_momentum_mean: 2.3857
             Metrics/slip_velocity_mean: 0.3208
             Metrics/landing_force_mean: 232.1727
--------------------------------------------------------------------------------
                         Iteration time: 11.29s
                           Time elapsed: 00:30:36
                                    ETA: 00:07:24

################################################################################
[1m                           Learning iteration 161/200                           [0m 

                            Total steps: 62208 
                       Steps per second: 33 
                        Collection time: 11.286s 
                          Learning time: 0.125s 
                        Mean value loss: 0.0080
                    Mean surrogate loss: -0.0760
                      Mean entropy loss: 33.8342
                            Mean reward: -5.67
                    Mean episode length: 39.36
                        Mean action std: 0.78
     Episode_Reward/body_orientation_l2: -0.0060
            Episode_Reward/body_ang_vel: -0.0113
        Episode_Reward/angular_momentum: -0.0119
           Episode_Reward/is_terminated: -0.3333
            Episode_Reward/joint_acc_l2: -0.0147
        Episode_Reward/joint_pos_limits: -0.0057
          Episode_Reward/action_rate_l2: -0.1034
          Episode_Reward/foot_clearance: -0.0045
               Episode_Reward/foot_slip: -0.0043
            Episode_Reward/soft_landing: -0.0080
         Episode_Reward/self_collisions: -0.0076
    Episode_Reward/base_distance_to_box: 0.0111
               Episode_Reward/reach_box: 0.0017
                Episode_Reward/lift_box: 0.0000
       Episode_Reward/keep_box_in_hands: 0.0000
      Episode_Reward/carry_box_to_shelf: 0.0000
      Episode_Reward/place_box_on_shelf: 0.0000
             Episode_Reward/box_upright: 0.0115
    Episode_Reward/foot_contact_balance: 0.0252
             Episode_Reward/object_drop: 0.0000
        Episode_Metrics/mean_action_acc: 1.4983
         Curriculum/box_transport_stage: 0.0000
     Metrics/box_transport/box_to_shelf: 1.1662
           Episode_Termination/time_out: 0.0000
          Episode_Termination/fell_over: 0.0000
        Episode_Termination/box_dropped: 0.0000
        Episode_Termination/box_too_far: 0.0000
Episode_Termination/bad_torso_orientation: 1.1667
          Metrics/angular_momentum_mean: 3.0781
             Metrics/slip_velocity_mean: 0.3319
             Metrics/landing_force_mean: 280.5557
--------------------------------------------------------------------------------
                         Iteration time: 11.41s
                           Time elapsed: 00:30:47
                                    ETA: 00:07:13

################################################################################
[1m                           Learning iteration 162/200                           [0m 

                            Total steps: 62592 
                       Steps per second: 34 
                        Collection time: 10.875s 
                          Learning time: 0.134s 
                        Mean value loss: 0.0083
                    Mean surrogate loss: -0.0741
                      Mean entropy loss: 33.8273
                            Mean reward: -5.66
                    Mean episode length: 38.92
                        Mean action std: 0.78
     Episode_Reward/body_orientation_l2: -0.0062
            Episode_Reward/body_ang_vel: -0.0148
        Episode_Reward/angular_momentum: -0.0234
           Episode_Reward/is_terminated: -0.3333
            Episode_Reward/joint_acc_l2: -0.0135
        Episode_Reward/joint_pos_limits: -0.0099
          Episode_Reward/action_rate_l2: -0.1141
          Episode_Reward/foot_clearance: -0.0046
               Episode_Reward/foot_slip: -0.0036
            Episode_Reward/soft_landing: -0.0058
         Episode_Reward/self_collisions: -0.0049
    Episode_Reward/base_distance_to_box: 0.0171
               Episode_Reward/reach_box: 0.0026
                Episode_Reward/lift_box: 0.0000
       Episode_Reward/keep_box_in_hands: 0.0000
      Episode_Reward/carry_box_to_shelf: 0.0000
      Episode_Reward/place_box_on_shelf: 0.0000
             Episode_Reward/box_upright: 0.0127
    Episode_Reward/foot_contact_balance: 0.0261
             Episode_Reward/object_drop: 0.0000
        Episode_Metrics/mean_action_acc: 1.5011
         Curriculum/box_transport_stage: 0.0000
     Metrics/box_transport/box_to_shelf: 1.1566
           Episode_Termination/time_out: 0.0000
          Episode_Termination/fell_over: 0.0000
        Episode_Termination/box_dropped: 0.0000
        Episode_Termination/box_too_far: 0.0000
Episode_Termination/bad_torso_orientation: 1.0000
          Metrics/angular_momentum_mean: 2.8123
             Metrics/slip_velocity_mean: 0.3174
             Metrics/landing_force_mean: 229.2668
--------------------------------------------------------------------------------
                         Iteration time: 11.01s
                           Time elapsed: 00:30:58
                                    ETA: 00:07:01

################################################################################
[1m                           Learning iteration 163/200                           [0m 

                            Total steps: 62976 
                       Steps per second: 34 
                        Collection time: 10.832s 
                          Learning time: 0.156s 
                        Mean value loss: 0.0055
                    Mean surrogate loss: -0.0744
                      Mean entropy loss: 33.8210
                            Mean reward: -5.66
                    Mean episode length: 38.98
                        Mean action std: 0.78
     Episode_Reward/body_orientation_l2: -0.0046
            Episode_Reward/body_ang_vel: -0.0112
        Episode_Reward/angular_momentum: -0.0106
           Episode_Reward/is_terminated: -0.3333
            Episode_Reward/joint_acc_l2: -0.0131
        Episode_Reward/joint_pos_limits: -0.0085
          Episode_Reward/action_rate_l2: -0.1098
          Episode_Reward/foot_clearance: -0.0043
               Episode_Reward/foot_slip: -0.0035
            Episode_Reward/soft_landing: -0.0067
         Episode_Reward/self_collisions: -0.0057
    Episode_Reward/base_distance_to_box: 0.0224
               Episode_Reward/reach_box: 0.0031
                Episode_Reward/lift_box: 0.0000
       Episode_Reward/keep_box_in_hands: 0.0000
      Episode_Reward/carry_box_to_shelf: 0.0000
      Episode_Reward/place_box_on_shelf: 0.0000
             Episode_Reward/box_upright: 0.0119
    Episode_Reward/foot_contact_balance: 0.0252
             Episode_Reward/object_drop: 0.0000
        Episode_Metrics/mean_action_acc: 1.5127
         Curriculum/box_transport_stage: 0.0000
     Metrics/box_transport/box_to_shelf: 1.1470
           Episode_Termination/time_out: 0.0000
          Episode_Termination/fell_over: 0.0000
        Episode_Termination/box_dropped: 0.0000
        Episode_Termination/box_too_far: 0.0000
Episode_Termination/bad_torso_orientation: 1.0833
          Metrics/angular_momentum_mean: 2.2418
             Metrics/slip_velocity_mean: 0.3533
             Metrics/landing_force_mean: 258.5903
--------------------------------------------------------------------------------
                         Iteration time: 10.99s
                           Time elapsed: 00:31:09
                                    ETA: 00:06:50

################################################################################
[1m                           Learning iteration 164/200                           [0m 

                            Total steps: 63360 
                       Steps per second: 36 
                        Collection time: 10.390s 
                          Learning time: 0.150s 
                        Mean value loss: 0.0069
                    Mean surrogate loss: -0.0689
                      Mean entropy loss: 33.8141
                            Mean reward: -5.63
                    Mean episode length: 38.72
                        Mean action std: 0.78
     Episode_Reward/body_orientation_l2: -0.0068
            Episode_Reward/body_ang_vel: -0.0137
        Episode_Reward/angular_momentum: -0.0128
           Episode_Reward/is_terminated: -0.3333
            Episode_Reward/joint_acc_l2: -0.0150
        Episode_Reward/joint_pos_limits: -0.0068
          Episode_Reward/action_rate_l2: -0.1165
          Episode_Reward/foot_clearance: -0.0045
               Episode_Reward/foot_slip: -0.0035
            Episode_Reward/soft_landing: -0.0073
         Episode_Reward/self_collisions: -0.0054
    Episode_Reward/base_distance_to_box: 0.0209
               Episode_Reward/reach_box: 0.0030
                Episode_Reward/lift_box: 0.0000
       Episode_Reward/keep_box_in_hands: 0.0000
      Episode_Reward/carry_box_to_shelf: 0.0000
      Episode_Reward/place_box_on_shelf: 0.0000
             Episode_Reward/box_upright: 0.0124
    Episode_Reward/foot_contact_balance: 0.0289
             Episode_Reward/object_drop: 0.0000
        Episode_Metrics/mean_action_acc: 1.4971
         Curriculum/box_transport_stage: 0.0000
     Metrics/box_transport/box_to_shelf: 1.1304
           Episode_Termination/time_out: 0.0000
          Episode_Termination/fell_over: 0.0000
        Episode_Termination/box_dropped: 0.0000
        Episode_Termination/box_too_far: 0.0000
Episode_Termination/bad_torso_orientation: 1.2917
          Metrics/angular_momentum_mean: 2.8153
             Metrics/slip_velocity_mean: 0.3315
             Metrics/landing_force_mean: 230.7298
--------------------------------------------------------------------------------
                         Iteration time: 10.54s
                           Time elapsed: 00:31:20
                                    ETA: 00:06:38

################################################################################
[1m                           Learning iteration 165/200                           [0m 

                            Total steps: 63744 
                       Steps per second: 31 
                        Collection time: 11.999s 
                          Learning time: 0.191s 
                        Mean value loss: 0.0058
                    Mean surrogate loss: -0.0738
                      Mean entropy loss: 33.8087
                            Mean reward: -5.61
                    Mean episode length: 38.17
                        Mean action std: 0.78
     Episode_Reward/body_orientation_l2: -0.0075
            Episode_Reward/body_ang_vel: -0.0138
        Episode_Reward/angular_momentum: -0.0116
           Episode_Reward/is_terminated: -0.3333
            Episode_Reward/joint_acc_l2: -0.0145
        Episode_Reward/joint_pos_limits: -0.0031
          Episode_Reward/action_rate_l2: -0.1075
          Episode_Reward/foot_clearance: -0.0047
               Episode_Reward/foot_slip: -0.0043
            Episode_Reward/soft_landing: -0.0070
         Episode_Reward/self_collisions: -0.0031
    Episode_Reward/base_distance_to_box: 0.0083
               Episode_Reward/reach_box: 0.0012
                Episode_Reward/lift_box: 0.0000
       Episode_Reward/keep_box_in_hands: 0.0000
      Episode_Reward/carry_box_to_shelf: 0.0000
      Episode_Reward/place_box_on_shelf: 0.0000
             Episode_Reward/box_upright: 0.0117
    Episode_Reward/foot_contact_balance: 0.0260
             Episode_Reward/object_drop: 0.0000
        Episode_Metrics/mean_action_acc: 1.5147
         Curriculum/box_transport_stage: 0.0000
     Metrics/box_transport/box_to_shelf: 1.1572
           Episode_Termination/time_out: 0.0000
          Episode_Termination/fell_over: 0.0000
        Episode_Termination/box_dropped: 0.0000
        Episode_Termination/box_too_far: 0.0000
Episode_Termination/bad_torso_orientation: 1.1667
          Metrics/angular_momentum_mean: 2.6334
             Metrics/slip_velocity_mean: 0.3364
             Metrics/landing_force_mean: 271.8668
--------------------------------------------------------------------------------
                         Iteration time: 12.19s
                           Time elapsed: 00:31:32
                                    ETA: 00:06:27

################################################################################
[1m                           Learning iteration 166/200                           [0m 

                            Total steps: 64128 
                       Steps per second: 32 
                        Collection time: 11.439s 
                          Learning time: 0.205s 
                        Mean value loss: 0.0070
                    Mean surrogate loss: -0.0653
                      Mean entropy loss: 33.8059
                            Mean reward: -5.65
                    Mean episode length: 38.94
                        Mean action std: 0.78
     Episode_Reward/body_orientation_l2: -0.0080
            Episode_Reward/body_ang_vel: -0.0184
        Episode_Reward/angular_momentum: -0.0232
           Episode_Reward/is_terminated: -0.3333
            Episode_Reward/joint_acc_l2: -0.0143
        Episode_Reward/joint_pos_limits: -0.0059
          Episode_Reward/action_rate_l2: -0.1180
          Episode_Reward/foot_clearance: -0.0054
               Episode_Reward/foot_slip: -0.0042
            Episode_Reward/soft_landing: -0.0070
         Episode_Reward/self_collisions: -0.0068
    Episode_Reward/base_distance_to_box: 0.0217
               Episode_Reward/reach_box: 0.0039
                Episode_Reward/lift_box: 0.0000
       Episode_Reward/keep_box_in_hands: 0.0000
      Episode_Reward/carry_box_to_shelf: 0.0000
      Episode_Reward/place_box_on_shelf: 0.0000
             Episode_Reward/box_upright: 0.0129
    Episode_Reward/foot_contact_balance: 0.0267
             Episode_Reward/object_drop: 0.0000
        Episode_Metrics/mean_action_acc: 1.4877
         Curriculum/box_transport_stage: 0.0000
     Metrics/box_transport/box_to_shelf: 1.1537
           Episode_Termination/time_out: 0.0000
          Episode_Termination/fell_over: 0.0000
        Episode_Termination/box_dropped: 0.0000
        Episode_Termination/box_too_far: 0.0000
Episode_Termination/bad_torso_orientation: 1.2083
          Metrics/angular_momentum_mean: 2.9385
             Metrics/slip_velocity_mean: 0.3595
             Metrics/landing_force_mean: 247.6819
--------------------------------------------------------------------------------
                         Iteration time: 11.64s
                           Time elapsed: 00:31:44
                                    ETA: 00:06:16

################################################################################
[1m                           Learning iteration 167/200                           [0m 

                            Total steps: 64512 
                       Steps per second: 31 
                        Collection time: 12.130s 
                          Learning time: 0.126s 
                        Mean value loss: 0.0159
                    Mean surrogate loss: -0.0692
                      Mean entropy loss: 33.8020
                            Mean reward: -5.71
                    Mean episode length: 39.89
                        Mean action std: 0.78
     Episode_Reward/body_orientation_l2: -0.0128
            Episode_Reward/body_ang_vel: -0.0187
        Episode_Reward/angular_momentum: -0.0209
           Episode_Reward/is_terminated: -0.3333
            Episode_Reward/joint_acc_l2: -0.0177
        Episode_Reward/joint_pos_limits: -0.0063
          Episode_Reward/action_rate_l2: -0.1425
          Episode_Reward/foot_clearance: -0.0051
               Episode_Reward/foot_slip: -0.0038
            Episode_Reward/soft_landing: -0.0089
         Episode_Reward/self_collisions: -0.0079
    Episode_Reward/base_distance_to_box: 0.0155
               Episode_Reward/reach_box: 0.0024
                Episode_Reward/lift_box: 0.0000
       Episode_Reward/keep_box_in_hands: 0.0000
      Episode_Reward/carry_box_to_shelf: 0.0000
      Episode_Reward/place_box_on_shelf: 0.0000
             Episode_Reward/box_upright: 0.0150
    Episode_Reward/foot_contact_balance: 0.0331
             Episode_Reward/object_drop: 0.0000
        Episode_Metrics/mean_action_acc: 1.5248
         Curriculum/box_transport_stage: 0.0000
     Metrics/box_transport/box_to_shelf: 1.1584
           Episode_Termination/time_out: 0.0000
          Episode_Termination/fell_over: 0.0000
        Episode_Termination/box_dropped: 0.0000
        Episode_Termination/box_too_far: 0.0000
Episode_Termination/bad_torso_orientation: 1.4167
          Metrics/angular_momentum_mean: 2.9376
             Metrics/slip_velocity_mean: 0.3111
             Metrics/landing_force_mean: 198.4001
--------------------------------------------------------------------------------
                         Iteration time: 12.26s
                           Time elapsed: 00:31:56
                                    ETA: 00:06:05

################################################################################
[1m                           Learning iteration 168/200                           [0m 

                            Total steps: 64896 
                       Steps per second: 34 
                        Collection time: 11.159s 
                          Learning time: 0.115s 
                        Mean value loss: 0.0089
                    Mean surrogate loss: -0.0615
                      Mean entropy loss: 33.7962
                            Mean reward: -5.69
                    Mean episode length: 39.50
                        Mean action std: 0.78
     Episode_Reward/body_orientation_l2: -0.0064
            Episode_Reward/body_ang_vel: -0.0125
        Episode_Reward/angular_momentum: -0.0134
           Episode_Reward/is_terminated: -0.3333
            Episode_Reward/joint_acc_l2: -0.0149
        Episode_Reward/joint_pos_limits: -0.0030
          Episode_Reward/action_rate_l2: -0.1101
          Episode_Reward/foot_clearance: -0.0044
               Episode_Reward/foot_slip: -0.0037
            Episode_Reward/soft_landing: -0.0078
         Episode_Reward/self_collisions: -0.0047
    Episode_Reward/base_distance_to_box: 0.0141
               Episode_Reward/reach_box: 0.0021
                Episode_Reward/lift_box: 0.0000
       Episode_Reward/keep_box_in_hands: 0.0000
      Episode_Reward/carry_box_to_shelf: 0.0000
      Episode_Reward/place_box_on_shelf: 0.0000
             Episode_Reward/box_upright: 0.0122
    Episode_Reward/foot_contact_balance: 0.0258
             Episode_Reward/object_drop: 0.0000
        Episode_Metrics/mean_action_acc: 1.5244
         Curriculum/box_transport_stage: 0.0000
     Metrics/box_transport/box_to_shelf: 1.1497
           Episode_Termination/time_out: 0.0000
          Episode_Termination/fell_over: 0.0000
        Episode_Termination/box_dropped: 0.0000
        Episode_Termination/box_too_far: 0.0000
Episode_Termination/bad_torso_orientation: 1.0417
          Metrics/angular_momentum_mean: 2.3151
             Metrics/slip_velocity_mean: 0.3339
             Metrics/landing_force_mean: 241.8037
--------------------------------------------------------------------------------
                         Iteration time: 11.27s
                           Time elapsed: 00:32:07
                                    ETA: 00:05:53

################################################################################
[1m                           Learning iteration 169/200                           [0m 

                            Total steps: 65280 
                       Steps per second: 30 
                        Collection time: 12.540s 
                          Learning time: 0.176s 
                        Mean value loss: 0.0054
                    Mean surrogate loss: -0.0749
                      Mean entropy loss: 33.7878
                            Mean reward: -5.64
                    Mean episode length: 38.89
                        Mean action std: 0.78
     Episode_Reward/body_orientation_l2: -0.0057
            Episode_Reward/body_ang_vel: -0.0110
        Episode_Reward/angular_momentum: -0.0093
           Episode_Reward/is_terminated: -0.3333
            Episode_Reward/joint_acc_l2: -0.0118
        Episode_Reward/joint_pos_limits: -0.0027
          Episode_Reward/action_rate_l2: -0.1013
          Episode_Reward/foot_clearance: -0.0041
               Episode_Reward/foot_slip: -0.0032
            Episode_Reward/soft_landing: -0.0068
         Episode_Reward/self_collisions: -0.0034
    Episode_Reward/base_distance_to_box: 0.0149
               Episode_Reward/reach_box: 0.0019
                Episode_Reward/lift_box: 0.0000
       Episode_Reward/keep_box_in_hands: 0.0000
      Episode_Reward/carry_box_to_shelf: 0.0000
      Episode_Reward/place_box_on_shelf: 0.0000
             Episode_Reward/box_upright: 0.0111
    Episode_Reward/foot_contact_balance: 0.0236
             Episode_Reward/object_drop: 0.0000
        Episode_Metrics/mean_action_acc: 1.4984
         Curriculum/box_transport_stage: 0.0000
     Metrics/box_transport/box_to_shelf: 1.1517
           Episode_Termination/time_out: 0.0000
          Episode_Termination/fell_over: 0.0000
        Episode_Termination/box_dropped: 0.0000
        Episode_Termination/box_too_far: 0.0000
Episode_Termination/bad_torso_orientation: 1.1250
          Metrics/angular_momentum_mean: 2.3229
             Metrics/slip_velocity_mean: 0.3142
             Metrics/landing_force_mean: 233.9030
--------------------------------------------------------------------------------
                         Iteration time: 12.72s
                           Time elapsed: 00:32:20
                                    ETA: 00:05:42

################################################################################
[1m                           Learning iteration 170/200                           [0m 

                            Total steps: 65664 
                       Steps per second: 32 
                        Collection time: 11.740s 
                          Learning time: 0.132s 
                        Mean value loss: 0.0046
                    Mean surrogate loss: -0.0710
                      Mean entropy loss: 33.7773
                            Mean reward: -5.67
                    Mean episode length: 39.00
                        Mean action std: 0.78
     Episode_Reward/body_orientation_l2: -0.0054
            Episode_Reward/body_ang_vel: -0.0114
        Episode_Reward/angular_momentum: -0.0097
           Episode_Reward/is_terminated: -0.3333
            Episode_Reward/joint_acc_l2: -0.0134
        Episode_Reward/joint_pos_limits: -0.0065
          Episode_Reward/action_rate_l2: -0.1132
          Episode_Reward/foot_clearance: -0.0045
               Episode_Reward/foot_slip: -0.0039
            Episode_Reward/soft_landing: -0.0077
         Episode_Reward/self_collisions: -0.0032
    Episode_Reward/base_distance_to_box: 0.0085
               Episode_Reward/reach_box: 0.0018
                Episode_Reward/lift_box: 0.0000
       Episode_Reward/keep_box_in_hands: 0.0000
      Episode_Reward/carry_box_to_shelf: 0.0000
      Episode_Reward/place_box_on_shelf: 0.0000
             Episode_Reward/box_upright: 0.0116
    Episode_Reward/foot_contact_balance: 0.0262
             Episode_Reward/object_drop: 0.0000
        Episode_Metrics/mean_action_acc: 1.5243
         Curriculum/box_transport_stage: 0.0000
     Metrics/box_transport/box_to_shelf: 1.1677
           Episode_Termination/time_out: 0.0000
          Episode_Termination/fell_over: 0.0000
        Episode_Termination/box_dropped: 0.0000
        Episode_Termination/box_too_far: 0.0000
Episode_Termination/bad_torso_orientation: 1.2500
          Metrics/angular_momentum_mean: 2.7013
             Metrics/slip_velocity_mean: 0.3134
             Metrics/landing_force_mean: 254.8677
--------------------------------------------------------------------------------
                         Iteration time: 11.87s
                           Time elapsed: 00:32:32
                                    ETA: 00:05:31

################################################################################
[1m                           Learning iteration 171/200                           [0m 

                            Total steps: 66048 
                       Steps per second: 27 
                        Collection time: 13.576s 
                          Learning time: 0.158s 
                        Mean value loss: 0.0042
                    Mean surrogate loss: -0.0758
                      Mean entropy loss: 33.7678
                            Mean reward: -5.67
                    Mean episode length: 39.06
                        Mean action std: 0.78
     Episode_Reward/body_orientation_l2: -0.0065
            Episode_Reward/body_ang_vel: -0.0139
        Episode_Reward/angular_momentum: -0.0116
           Episode_Reward/is_terminated: -0.3333
            Episode_Reward/joint_acc_l2: -0.0179
        Episode_Reward/joint_pos_limits: -0.0076
          Episode_Reward/action_rate_l2: -0.1405
          Episode_Reward/foot_clearance: -0.0050
               Episode_Reward/foot_slip: -0.0038
            Episode_Reward/soft_landing: -0.0079
         Episode_Reward/self_collisions: -0.0043
    Episode_Reward/base_distance_to_box: 0.0131
               Episode_Reward/reach_box: 0.0020
                Episode_Reward/lift_box: 0.0000
       Episode_Reward/keep_box_in_hands: 0.0000
      Episode_Reward/carry_box_to_shelf: 0.0000
      Episode_Reward/place_box_on_shelf: 0.0000
             Episode_Reward/box_upright: 0.0152
    Episode_Reward/foot_contact_balance: 0.0353
             Episode_Reward/object_drop: 0.0000
        Episode_Metrics/mean_action_acc: 1.5181
         Curriculum/box_transport_stage: 0.0000
     Metrics/box_transport/box_to_shelf: 1.2083
           Episode_Termination/time_out: 0.0000
          Episode_Termination/fell_over: 0.0000
        Episode_Termination/box_dropped: 0.0000
        Episode_Termination/box_too_far: 0.0000
Episode_Termination/bad_torso_orientation: 1.0417
          Metrics/angular_momentum_mean: 2.3297
             Metrics/slip_velocity_mean: 0.3252
             Metrics/landing_force_mean: 300.3496
--------------------------------------------------------------------------------
                         Iteration time: 13.73s
                           Time elapsed: 00:32:46
                                    ETA: 00:05:20

################################################################################
[1m                           Learning iteration 172/200                           [0m 

                            Total steps: 66432 
                       Steps per second: 32 
                        Collection time: 11.807s 
                          Learning time: 0.133s 
                        Mean value loss: 0.0047
                    Mean surrogate loss: -0.0683
                      Mean entropy loss: 33.7616
                            Mean reward: -5.65
                    Mean episode length: 39.09
                        Mean action std: 0.78
     Episode_Reward/body_orientation_l2: -0.0045
            Episode_Reward/body_ang_vel: -0.0131
        Episode_Reward/angular_momentum: -0.0136
           Episode_Reward/is_terminated: -0.3333
            Episode_Reward/joint_acc_l2: -0.0133
        Episode_Reward/joint_pos_limits: -0.0056
          Episode_Reward/action_rate_l2: -0.1063
          Episode_Reward/foot_clearance: -0.0042
               Episode_Reward/foot_slip: -0.0033
            Episode_Reward/soft_landing: -0.0068
         Episode_Reward/self_collisions: -0.0040
    Episode_Reward/base_distance_to_box: 0.0160
               Episode_Reward/reach_box: 0.0024
                Episode_Reward/lift_box: 0.0000
       Episode_Reward/keep_box_in_hands: 0.0000
      Episode_Reward/carry_box_to_shelf: 0.0000
      Episode_Reward/place_box_on_shelf: 0.0000
             Episode_Reward/box_upright: 0.0117
    Episode_Reward/foot_contact_balance: 0.0256
             Episode_Reward/object_drop: 0.0000
        Episode_Metrics/mean_action_acc: 1.5099
         Curriculum/box_transport_stage: 0.0000
     Metrics/box_transport/box_to_shelf: 1.1195
           Episode_Termination/time_out: 0.0000
          Episode_Termination/fell_over: 0.0000
        Episode_Termination/box_dropped: 0.0000
        Episode_Termination/box_too_far: 0.0000
Episode_Termination/bad_torso_orientation: 1.0833
          Metrics/angular_momentum_mean: 2.4085
             Metrics/slip_velocity_mean: 0.3497
             Metrics/landing_force_mean: 236.1987
--------------------------------------------------------------------------------
                         Iteration time: 11.94s
                           Time elapsed: 00:32:58
                                    ETA: 00:05:08

################################################################################
[1m                           Learning iteration 173/200                           [0m 

                            Total steps: 66816 
                       Steps per second: 32 
                        Collection time: 11.640s 
                          Learning time: 0.205s 
                        Mean value loss: 0.0040
                    Mean surrogate loss: -0.0577
                      Mean entropy loss: 33.7551
                            Mean reward: -5.62
                    Mean episode length: 38.42
                        Mean action std: 0.77
     Episode_Reward/body_orientation_l2: -0.0048
            Episode_Reward/body_ang_vel: -0.0110
        Episode_Reward/angular_momentum: -0.0076
           Episode_Reward/is_terminated: -0.3333
            Episode_Reward/joint_acc_l2: -0.0116
        Episode_Reward/joint_pos_limits: -0.0062
          Episode_Reward/action_rate_l2: -0.0942
          Episode_Reward/foot_clearance: -0.0042
               Episode_Reward/foot_slip: -0.0036
            Episode_Reward/soft_landing: -0.0056
         Episode_Reward/self_collisions: -0.0021
    Episode_Reward/base_distance_to_box: 0.0098
               Episode_Reward/reach_box: 0.0018
                Episode_Reward/lift_box: 0.0000
       Episode_Reward/keep_box_in_hands: 0.0000
      Episode_Reward/carry_box_to_shelf: 0.0000
      Episode_Reward/place_box_on_shelf: 0.0000
             Episode_Reward/box_upright: 0.0105
    Episode_Reward/foot_contact_balance: 0.0228
             Episode_Reward/object_drop: 0.0000
        Episode_Metrics/mean_action_acc: 1.4639
         Curriculum/box_transport_stage: 0.0000
     Metrics/box_transport/box_to_shelf: 1.1612
           Episode_Termination/time_out: 0.0000
          Episode_Termination/fell_over: 0.0000
        Episode_Termination/box_dropped: 0.0000
        Episode_Termination/box_too_far: 0.0000
Episode_Termination/bad_torso_orientation: 1.2083
          Metrics/angular_momentum_mean: 2.2072
             Metrics/slip_velocity_mean: 0.3227
             Metrics/landing_force_mean: 239.4028
--------------------------------------------------------------------------------
                         Iteration time: 11.85s
                           Time elapsed: 00:33:09
                                    ETA: 00:04:57

################################################################################
[1m                           Learning iteration 174/200                           [0m 

                            Total steps: 67200 
                       Steps per second: 24 
                        Collection time: 15.245s 
                          Learning time: 0.184s 
                        Mean value loss: 0.0034
                    Mean surrogate loss: -0.0707
                      Mean entropy loss: 33.7441
                            Mean reward: -5.57
                    Mean episode length: 37.37
                        Mean action std: 0.77
     Episode_Reward/body_orientation_l2: -0.0054
            Episode_Reward/body_ang_vel: -0.0116
        Episode_Reward/angular_momentum: -0.0075
           Episode_Reward/is_terminated: -0.3333
            Episode_Reward/joint_acc_l2: -0.0103
        Episode_Reward/joint_pos_limits: -0.0039
          Episode_Reward/action_rate_l2: -0.0934
          Episode_Reward/foot_clearance: -0.0035
               Episode_Reward/foot_slip: -0.0023
            Episode_Reward/soft_landing: -0.0054
         Episode_Reward/self_collisions: -0.0056
    Episode_Reward/base_distance_to_box: 0.0146
               Episode_Reward/reach_box: 0.0023
                Episode_Reward/lift_box: 0.0000
       Episode_Reward/keep_box_in_hands: 0.0000
      Episode_Reward/carry_box_to_shelf: 0.0000
      Episode_Reward/place_box_on_shelf: 0.0000
             Episode_Reward/box_upright: 0.0100
    Episode_Reward/foot_contact_balance: 0.0220
             Episode_Reward/object_drop: 0.0000
        Episode_Metrics/mean_action_acc: 1.5052
         Curriculum/box_transport_stage: 0.0000
     Metrics/box_transport/box_to_shelf: 1.1560
           Episode_Termination/time_out: 0.0000
          Episode_Termination/fell_over: 0.0000
        Episode_Termination/box_dropped: 0.0000
        Episode_Termination/box_too_far: 0.0000
Episode_Termination/bad_torso_orientation: 1.0833
          Metrics/angular_momentum_mean: 1.9358
             Metrics/slip_velocity_mean: 0.2864
             Metrics/landing_force_mean: 212.5057
--------------------------------------------------------------------------------
                         Iteration time: 15.43s
                           Time elapsed: 00:33:25
                                    ETA: 00:04:46

################################################################################
[1m                           Learning iteration 175/200                           [0m 

                            Total steps: 67584 
                       Steps per second: 26 
                        Collection time: 14.572s 
                          Learning time: 0.191s 
                        Mean value loss: 0.0081
                    Mean surrogate loss: -0.0701
                      Mean entropy loss: 33.7327
                            Mean reward: -5.55
                    Mean episode length: 37.51
                        Mean action std: 0.77
     Episode_Reward/body_orientation_l2: -0.0054
            Episode_Reward/body_ang_vel: -0.0115
        Episode_Reward/angular_momentum: -0.0090
           Episode_Reward/is_terminated: -0.3333
            Episode_Reward/joint_acc_l2: -0.0135
        Episode_Reward/joint_pos_limits: -0.0057
          Episode_Reward/action_rate_l2: -0.1007
          Episode_Reward/foot_clearance: -0.0041
               Episode_Reward/foot_slip: -0.0032
            Episode_Reward/soft_landing: -0.0062
         Episode_Reward/self_collisions: -0.0024
    Episode_Reward/base_distance_to_box: 0.0182
               Episode_Reward/reach_box: 0.0030
                Episode_Reward/lift_box: 0.0000
       Episode_Reward/keep_box_in_hands: 0.0000
      Episode_Reward/carry_box_to_shelf: 0.0000
      Episode_Reward/place_box_on_shelf: 0.0000
             Episode_Reward/box_upright: 0.0116
    Episode_Reward/foot_contact_balance: 0.0254
             Episode_Reward/object_drop: 0.0000
        Episode_Metrics/mean_action_acc: 1.4850
         Curriculum/box_transport_stage: 0.0000
     Metrics/box_transport/box_to_shelf: 1.1784
           Episode_Termination/time_out: 0.0000
          Episode_Termination/fell_over: 0.0000
        Episode_Termination/box_dropped: 0.0000
        Episode_Termination/box_too_far: 0.0000
Episode_Termination/bad_torso_orientation: 1.0000
          Metrics/angular_momentum_mean: 2.5327
             Metrics/slip_velocity_mean: 0.3057
             Metrics/landing_force_mean: 238.1482
--------------------------------------------------------------------------------
                         Iteration time: 14.76s
                           Time elapsed: 00:33:40
                                    ETA: 00:04:35

################################################################################
[1m                           Learning iteration 176/200                           [0m 

                            Total steps: 67968 
                       Steps per second: 24 
                        Collection time: 15.259s 
                          Learning time: 0.180s 
                        Mean value loss: 0.0071
                    Mean surrogate loss: -0.0593
                      Mean entropy loss: 33.7245
                            Mean reward: -5.48
                    Mean episode length: 36.39
                        Mean action std: 0.77
     Episode_Reward/body_orientation_l2: -0.0112
            Episode_Reward/body_ang_vel: -0.0133
        Episode_Reward/angular_momentum: -0.0143
           Episode_Reward/is_terminated: -0.3333
            Episode_Reward/joint_acc_l2: -0.0171
        Episode_Reward/joint_pos_limits: -0.0071
          Episode_Reward/action_rate_l2: -0.1293
          Episode_Reward/foot_clearance: -0.0049
               Episode_Reward/foot_slip: -0.0042
            Episode_Reward/soft_landing: -0.0085
         Episode_Reward/self_collisions: -0.0047
    Episode_Reward/base_distance_to_box: 0.0165
               Episode_Reward/reach_box: 0.0026
                Episode_Reward/lift_box: 0.0000
       Episode_Reward/keep_box_in_hands: 0.0000
      Episode_Reward/carry_box_to_shelf: 0.0000
      Episode_Reward/place_box_on_shelf: 0.0000
             Episode_Reward/box_upright: 0.0131
    Episode_Reward/foot_contact_balance: 0.0305
             Episode_Reward/object_drop: 0.0000
        Episode_Metrics/mean_action_acc: 1.5095
         Curriculum/box_transport_stage: 0.0000
     Metrics/box_transport/box_to_shelf: 1.0990
           Episode_Termination/time_out: 0.0000
          Episode_Termination/fell_over: 0.0000
        Episode_Termination/box_dropped: 0.0000
        Episode_Termination/box_too_far: 0.0000
Episode_Termination/bad_torso_orientation: 1.3750
          Metrics/angular_momentum_mean: 2.4867
             Metrics/slip_velocity_mean: 0.3172
             Metrics/landing_force_mean: 236.8672
--------------------------------------------------------------------------------
                         Iteration time: 15.44s
                           Time elapsed: 00:33:55
                                    ETA: 00:04:24

################################################################################
[1m                           Learning iteration 177/200                           [0m 

                            Total steps: 68352 
                       Steps per second: 24 
                        Collection time: 15.584s 
                          Learning time: 0.178s 
                        Mean value loss: 0.0043
                    Mean surrogate loss: -0.0621
                      Mean entropy loss: 33.7173
                            Mean reward: -5.43
                    Mean episode length: 35.62
                        Mean action std: 0.77
     Episode_Reward/body_orientation_l2: -0.0062
            Episode_Reward/body_ang_vel: -0.0103
        Episode_Reward/angular_momentum: -0.0072
           Episode_Reward/is_terminated: -0.3333
            Episode_Reward/joint_acc_l2: -0.0096
        Episode_Reward/joint_pos_limits: -0.0026
          Episode_Reward/action_rate_l2: -0.0816
          Episode_Reward/foot_clearance: -0.0036
               Episode_Reward/foot_slip: -0.0029
            Episode_Reward/soft_landing: -0.0054
         Episode_Reward/self_collisions: -0.0004
    Episode_Reward/base_distance_to_box: 0.0074
               Episode_Reward/reach_box: 0.0013
                Episode_Reward/lift_box: 0.0000
       Episode_Reward/keep_box_in_hands: 0.0000
      Episode_Reward/carry_box_to_shelf: 0.0000
      Episode_Reward/place_box_on_shelf: 0.0000
             Episode_Reward/box_upright: 0.0096
    Episode_Reward/foot_contact_balance: 0.0210
             Episode_Reward/object_drop: 0.0000
        Episode_Metrics/mean_action_acc: 1.4611
         Curriculum/box_transport_stage: 0.0000
     Metrics/box_transport/box_to_shelf: 1.1333
           Episode_Termination/time_out: 0.0000
          Episode_Termination/fell_over: 0.0000
        Episode_Termination/box_dropped: 0.0000
        Episode_Termination/box_too_far: 0.0000
Episode_Termination/bad_torso_orientation: 1.5833
          Metrics/angular_momentum_mean: 2.0472
             Metrics/slip_velocity_mean: 0.2665
             Metrics/landing_force_mean: 254.8492
--------------------------------------------------------------------------------
                         Iteration time: 15.76s
                           Time elapsed: 00:34:11
                                    ETA: 00:04:13

################################################################################
[1m                           Learning iteration 178/200                           [0m 

                            Total steps: 68736 
                       Steps per second: 25 
                        Collection time: 15.084s 
                          Learning time: 0.182s 
                        Mean value loss: 0.0034
                    Mean surrogate loss: -0.0635
                      Mean entropy loss: 33.7089
                            Mean reward: -5.39
                    Mean episode length: 34.95
                        Mean action std: 0.77
     Episode_Reward/body_orientation_l2: -0.0055
            Episode_Reward/body_ang_vel: -0.0117
        Episode_Reward/angular_momentum: -0.0061
           Episode_Reward/is_terminated: -0.3333
            Episode_Reward/joint_acc_l2: -0.0122
        Episode_Reward/joint_pos_limits: -0.0044
          Episode_Reward/action_rate_l2: -0.0933
          Episode_Reward/foot_clearance: -0.0041
               Episode_Reward/foot_slip: -0.0036
            Episode_Reward/soft_landing: -0.0061
         Episode_Reward/self_collisions: -0.0010
    Episode_Reward/base_distance_to_box: 0.0067
               Episode_Reward/reach_box: 0.0012
                Episode_Reward/lift_box: 0.0000
       Episode_Reward/keep_box_in_hands: 0.0000
      Episode_Reward/carry_box_to_shelf: 0.0000
      Episode_Reward/place_box_on_shelf: 0.0000
             Episode_Reward/box_upright: 0.0108
    Episode_Reward/foot_contact_balance: 0.0241
             Episode_Reward/object_drop: 0.0000
        Episode_Metrics/mean_action_acc: 1.4657
         Curriculum/box_transport_stage: 0.0000
     Metrics/box_transport/box_to_shelf: 1.1601
           Episode_Termination/time_out: 0.0000
          Episode_Termination/fell_over: 0.0000
        Episode_Termination/box_dropped: 0.0000
        Episode_Termination/box_too_far: 0.0000
Episode_Termination/bad_torso_orientation: 1.0833
          Metrics/angular_momentum_mean: 2.0399
             Metrics/slip_velocity_mean: 0.3244
             Metrics/landing_force_mean: 233.1938
--------------------------------------------------------------------------------
                         Iteration time: 15.27s
                           Time elapsed: 00:34:26
                                    ETA: 00:04:02

################################################################################
[1m                           Learning iteration 179/200                           [0m 

                            Total steps: 69120 
                       Steps per second: 26 
                        Collection time: 14.406s 
                          Learning time: 0.297s 
                        Mean value loss: 0.0058
                    Mean surrogate loss: -0.0621
                      Mean entropy loss: 33.6967
                            Mean reward: -5.34
                    Mean episode length: 34.23
                        Mean action std: 0.77
     Episode_Reward/body_orientation_l2: -0.0055
            Episode_Reward/body_ang_vel: -0.0108
        Episode_Reward/angular_momentum: -0.0080
           Episode_Reward/is_terminated: -0.3333
            Episode_Reward/joint_acc_l2: -0.0118
        Episode_Reward/joint_pos_limits: -0.0055
          Episode_Reward/action_rate_l2: -0.0946
          Episode_Reward/foot_clearance: -0.0042
               Episode_Reward/foot_slip: -0.0032
            Episode_Reward/soft_landing: -0.0065
         Episode_Reward/self_collisions: -0.0010
    Episode_Reward/base_distance_to_box: 0.0172
               Episode_Reward/reach_box: 0.0029
                Episode_Reward/lift_box: 0.0000
       Episode_Reward/keep_box_in_hands: 0.0000
      Episode_Reward/carry_box_to_shelf: 0.0000
      Episode_Reward/place_box_on_shelf: 0.0000
             Episode_Reward/box_upright: 0.0107
    Episode_Reward/foot_contact_balance: 0.0238
             Episode_Reward/object_drop: 0.0000
        Episode_Metrics/mean_action_acc: 1.4853
         Curriculum/box_transport_stage: 0.0000
     Metrics/box_transport/box_to_shelf: 1.1715
           Episode_Termination/time_out: 0.0000
          Episode_Termination/fell_over: 0.0000
        Episode_Termination/box_dropped: 0.0000
        Episode_Termination/box_too_far: 0.0000
Episode_Termination/bad_torso_orientation: 1.4167
          Metrics/angular_momentum_mean: 2.3961
             Metrics/slip_velocity_mean: 0.3372
             Metrics/landing_force_mean: 269.8877
--------------------------------------------------------------------------------
                         Iteration time: 14.70s
                           Time elapsed: 00:34:41
                                    ETA: 00:03:51

################################################################################
[1m                           Learning iteration 180/200                           [0m 

                            Total steps: 69504 
                       Steps per second: 24 
                        Collection time: 15.368s 
                          Learning time: 0.345s 
                        Mean value loss: 0.0068
                    Mean surrogate loss: -0.0655
                      Mean entropy loss: 33.6847
                            Mean reward: -5.31
                    Mean episode length: 33.67
                        Mean action std: 0.77
     Episode_Reward/body_orientation_l2: -0.0049
            Episode_Reward/body_ang_vel: -0.0130
        Episode_Reward/angular_momentum: -0.0071
           Episode_Reward/is_terminated: -0.3333
            Episode_Reward/joint_acc_l2: -0.0138
        Episode_Reward/joint_pos_limits: -0.0036
          Episode_Reward/action_rate_l2: -0.1020
          Episode_Reward/foot_clearance: -0.0040
               Episode_Reward/foot_slip: -0.0033
            Episode_Reward/soft_landing: -0.0061
         Episode_Reward/self_collisions: -0.0062
    Episode_Reward/base_distance_to_box: 0.0155
               Episode_Reward/reach_box: 0.0029
                Episode_Reward/lift_box: 0.0000
       Episode_Reward/keep_box_in_hands: 0.0000
      Episode_Reward/carry_box_to_shelf: 0.0000
      Episode_Reward/place_box_on_shelf: 0.0000
             Episode_Reward/box_upright: 0.0086
    Episode_Reward/foot_contact_balance: 0.0260
             Episode_Reward/object_drop: 0.0000
        Episode_Metrics/mean_action_acc: 1.4880
         Curriculum/box_transport_stage: 0.0000
     Metrics/box_transport/box_to_shelf: 1.0878
           Episode_Termination/time_out: 0.0000
          Episode_Termination/fell_over: 0.0000
        Episode_Termination/box_dropped: 0.0000
        Episode_Termination/box_too_far: 0.0000
Episode_Termination/bad_torso_orientation: 1.0000
          Metrics/angular_momentum_mean: 1.9796
             Metrics/slip_velocity_mean: 0.2885
             Metrics/landing_force_mean: 283.8827
--------------------------------------------------------------------------------
                         Iteration time: 15.71s
                           Time elapsed: 00:34:57
                                    ETA: 00:03:40

################################################################################
[1m                           Learning iteration 181/200                           [0m 

                            Total steps: 69888 
                       Steps per second: 24 
                        Collection time: 15.192s 
                          Learning time: 0.197s 
                        Mean value loss: 0.0039
                    Mean surrogate loss: -0.0656
                      Mean entropy loss: 33.6749
                            Mean reward: -5.30
                    Mean episode length: 33.77
                        Mean action std: 0.77
     Episode_Reward/body_orientation_l2: -0.0061
            Episode_Reward/body_ang_vel: -0.0102
        Episode_Reward/angular_momentum: -0.0094
           Episode_Reward/is_terminated: -0.3333
            Episode_Reward/joint_acc_l2: -0.0145
        Episode_Reward/joint_pos_limits: -0.0030
          Episode_Reward/action_rate_l2: -0.1088
          Episode_Reward/foot_clearance: -0.0045
               Episode_Reward/foot_slip: -0.0035
            Episode_Reward/soft_landing: -0.0076
         Episode_Reward/self_collisions: -0.0015
    Episode_Reward/base_distance_to_box: 0.0200
               Episode_Reward/reach_box: 0.0028
                Episode_Reward/lift_box: 0.0000
       Episode_Reward/keep_box_in_hands: 0.0000
      Episode_Reward/carry_box_to_shelf: 0.0000
      Episode_Reward/place_box_on_shelf: 0.0000
             Episode_Reward/box_upright: 0.0120
    Episode_Reward/foot_contact_balance: 0.0265
             Episode_Reward/object_drop: 0.0000
        Episode_Metrics/mean_action_acc: 1.5151
         Curriculum/box_transport_stage: 0.0000
     Metrics/box_transport/box_to_shelf: 1.1595
           Episode_Termination/time_out: 0.0000
          Episode_Termination/fell_over: 0.0000
        Episode_Termination/box_dropped: 0.0000
        Episode_Termination/box_too_far: 0.0000
Episode_Termination/bad_torso_orientation: 1.3333
          Metrics/angular_momentum_mean: 2.2432
             Metrics/slip_velocity_mean: 0.3067
             Metrics/landing_force_mean: 242.4962
--------------------------------------------------------------------------------
                         Iteration time: 15.39s
                           Time elapsed: 00:35:12
                                    ETA: 00:03:28

################################################################################
[1m                           Learning iteration 182/200                           [0m 

                            Total steps: 70272 
                       Steps per second: 24 
                        Collection time: 15.268s 
                          Learning time: 0.314s 
                        Mean value loss: 0.0051
                    Mean surrogate loss: -0.0621
                      Mean entropy loss: 33.6652
                            Mean reward: -5.31
                    Mean episode length: 34.11
                        Mean action std: 0.77
     Episode_Reward/body_orientation_l2: -0.0061
            Episode_Reward/body_ang_vel: -0.0110
        Episode_Reward/angular_momentum: -0.0096
           Episode_Reward/is_terminated: -0.3333
            Episode_Reward/joint_acc_l2: -0.0131
        Episode_Reward/joint_pos_limits: -0.0053
          Episode_Reward/action_rate_l2: -0.1049
          Episode_Reward/foot_clearance: -0.0044
               Episode_Reward/foot_slip: -0.0034
            Episode_Reward/soft_landing: -0.0064
         Episode_Reward/self_collisions: -0.0041
    Episode_Reward/base_distance_to_box: 0.0211
               Episode_Reward/reach_box: 0.0031
                Episode_Reward/lift_box: 0.0000
       Episode_Reward/keep_box_in_hands: 0.0000
      Episode_Reward/carry_box_to_shelf: 0.0000
      Episode_Reward/place_box_on_shelf: 0.0000
             Episode_Reward/box_upright: 0.0118
    Episode_Reward/foot_contact_balance: 0.0265
             Episode_Reward/object_drop: 0.0000
        Episode_Metrics/mean_action_acc: 1.4816
         Curriculum/box_transport_stage: 0.0000
     Metrics/box_transport/box_to_shelf: 1.1558
           Episode_Termination/time_out: 0.0000
          Episode_Termination/fell_over: 0.0000
        Episode_Termination/box_dropped: 0.0000
        Episode_Termination/box_too_far: 0.0000
Episode_Termination/bad_torso_orientation: 1.3750
          Metrics/angular_momentum_mean: 2.1474
             Metrics/slip_velocity_mean: 0.3112
             Metrics/landing_force_mean: 250.4281
--------------------------------------------------------------------------------
                         Iteration time: 15.58s
                           Time elapsed: 00:35:28
                                    ETA: 00:03:17

################################################################################
[1m                           Learning iteration 183/200                           [0m 

                            Total steps: 70656 
                       Steps per second: 33 
                        Collection time: 11.189s 
                          Learning time: 0.126s 
                        Mean value loss: 0.0070
                    Mean surrogate loss: -0.0735
                      Mean entropy loss: 33.6571
                            Mean reward: -5.31
                    Mean episode length: 34.22
                        Mean action std: 0.77
     Episode_Reward/body_orientation_l2: -0.0044
            Episode_Reward/body_ang_vel: -0.0126
        Episode_Reward/angular_momentum: -0.0084
           Episode_Reward/is_terminated: -0.3333
            Episode_Reward/joint_acc_l2: -0.0108
        Episode_Reward/joint_pos_limits: -0.0076
          Episode_Reward/action_rate_l2: -0.0895
          Episode_Reward/foot_clearance: -0.0039
               Episode_Reward/foot_slip: -0.0029
            Episode_Reward/soft_landing: -0.0057
         Episode_Reward/self_collisions: -0.0013
    Episode_Reward/base_distance_to_box: 0.0178
               Episode_Reward/reach_box: 0.0035
                Episode_Reward/lift_box: 0.0000
       Episode_Reward/keep_box_in_hands: 0.0000
      Episode_Reward/carry_box_to_shelf: 0.0000
      Episode_Reward/place_box_on_shelf: 0.0000
             Episode_Reward/box_upright: 0.0087
    Episode_Reward/foot_contact_balance: 0.0220
             Episode_Reward/object_drop: 0.0000
        Episode_Metrics/mean_action_acc: 1.4691
         Curriculum/box_transport_stage: 0.0000
     Metrics/box_transport/box_to_shelf: 1.1413
           Episode_Termination/time_out: 0.0000
          Episode_Termination/fell_over: 0.0000
        Episode_Termination/box_dropped: 0.0000
        Episode_Termination/box_too_far: 0.0000
Episode_Termination/bad_torso_orientation: 1.2083
          Metrics/angular_momentum_mean: 2.2721
             Metrics/slip_velocity_mean: 0.2923
             Metrics/landing_force_mean: 221.9434
--------------------------------------------------------------------------------
                         Iteration time: 11.31s
                           Time elapsed: 00:35:39
                                    ETA: 00:03:06

################################################################################
[1m                           Learning iteration 184/200                           [0m 

                            Total steps: 71040 
                       Steps per second: 35 
                        Collection time: 10.603s 
                          Learning time: 0.119s 
                        Mean value loss: 0.0219
                    Mean surrogate loss: -0.0425
                      Mean entropy loss: 33.6506
                            Mean reward: -5.32
                    Mean episode length: 34.27
                        Mean action std: 0.77
     Episode_Reward/body_orientation_l2: -0.0086
            Episode_Reward/body_ang_vel: -0.0211
        Episode_Reward/angular_momentum: -0.0177
           Episode_Reward/is_terminated: -0.3333
            Episode_Reward/joint_acc_l2: -0.0181
        Episode_Reward/joint_pos_limits: -0.0063
          Episode_Reward/action_rate_l2: -0.1280
          Episode_Reward/foot_clearance: -0.0050
               Episode_Reward/foot_slip: -0.0042
            Episode_Reward/soft_landing: -0.0079
         Episode_Reward/self_collisions: -0.0070
    Episode_Reward/base_distance_to_box: 0.0188
               Episode_Reward/reach_box: 0.0031
                Episode_Reward/lift_box: 0.0000
       Episode_Reward/keep_box_in_hands: 0.0000
      Episode_Reward/carry_box_to_shelf: 0.0000
      Episode_Reward/place_box_on_shelf: 0.0000
             Episode_Reward/box_upright: 0.0146
    Episode_Reward/foot_contact_balance: 0.0318
             Episode_Reward/object_drop: 0.0000
        Episode_Metrics/mean_action_acc: 1.4728
         Curriculum/box_transport_stage: 0.0000
     Metrics/box_transport/box_to_shelf: 1.1757
           Episode_Termination/time_out: 0.0000
          Episode_Termination/fell_over: 0.0000
        Episode_Termination/box_dropped: 0.0000
        Episode_Termination/box_too_far: 0.0000
Episode_Termination/bad_torso_orientation: 1.1250
          Metrics/angular_momentum_mean: 2.2294
             Metrics/slip_velocity_mean: 0.3157
             Metrics/landing_force_mean: 249.1343
--------------------------------------------------------------------------------
                         Iteration time: 10.72s
                           Time elapsed: 00:35:50
                                    ETA: 00:02:54

################################################################################
[1m                           Learning iteration 185/200                           [0m 

                            Total steps: 71424 
                       Steps per second: 34 
                        Collection time: 11.117s 
                          Learning time: 0.127s 
                        Mean value loss: 0.0126
                    Mean surrogate loss: -0.0587
                      Mean entropy loss: 33.6440
                            Mean reward: -5.29
                    Mean episode length: 33.91
                        Mean action std: 0.77
     Episode_Reward/body_orientation_l2: -0.0066
            Episode_Reward/body_ang_vel: -0.0139
        Episode_Reward/angular_momentum: -0.0127
           Episode_Reward/is_terminated: -0.3333
            Episode_Reward/joint_acc_l2: -0.0146
        Episode_Reward/joint_pos_limits: -0.0085
          Episode_Reward/action_rate_l2: -0.1163
          Episode_Reward/foot_clearance: -0.0047
               Episode_Reward/foot_slip: -0.0043
            Episode_Reward/soft_landing: -0.0075
         Episode_Reward/self_collisions: -0.0028
    Episode_Reward/base_distance_to_box: 0.0190
               Episode_Reward/reach_box: 0.0035
                Episode_Reward/lift_box: 0.0000
       Episode_Reward/keep_box_in_hands: 0.0000
      Episode_Reward/carry_box_to_shelf: 0.0000
      Episode_Reward/place_box_on_shelf: 0.0000
             Episode_Reward/box_upright: 0.0128
    Episode_Reward/foot_contact_balance: 0.0293
             Episode_Reward/object_drop: 0.0000
        Episode_Metrics/mean_action_acc: 1.4585
         Curriculum/box_transport_stage: 0.0000
     Metrics/box_transport/box_to_shelf: 1.1803
           Episode_Termination/time_out: 0.0000
          Episode_Termination/fell_over: 0.0000
        Episode_Termination/box_dropped: 0.0000
        Episode_Termination/box_too_far: 0.0000
Episode_Termination/bad_torso_orientation: 1.1667
          Metrics/angular_momentum_mean: 2.4657
             Metrics/slip_velocity_mean: 0.3378
             Metrics/landing_force_mean: 211.9524
--------------------------------------------------------------------------------
                         Iteration time: 11.24s
                           Time elapsed: 00:36:01
                                    ETA: 00:02:42

################################################################################
[1m                           Learning iteration 186/200                           [0m 

                            Total steps: 71808 
                       Steps per second: 33 
                        Collection time: 11.239s 
                          Learning time: 0.138s 
                        Mean value loss: 0.0058
                    Mean surrogate loss: -0.0727
                      Mean entropy loss: 33.6382
                            Mean reward: -5.32
                    Mean episode length: 34.85
                        Mean action std: 0.77
     Episode_Reward/body_orientation_l2: -0.0085
            Episode_Reward/body_ang_vel: -0.0140
        Episode_Reward/angular_momentum: -0.0097
           Episode_Reward/is_terminated: -0.3333
            Episode_Reward/joint_acc_l2: -0.0156
        Episode_Reward/joint_pos_limits: -0.0060
          Episode_Reward/action_rate_l2: -0.1299
          Episode_Reward/foot_clearance: -0.0052
               Episode_Reward/foot_slip: -0.0049
            Episode_Reward/soft_landing: -0.0084
         Episode_Reward/self_collisions: -0.0019
    Episode_Reward/base_distance_to_box: 0.0299
               Episode_Reward/reach_box: 0.0033
                Episode_Reward/lift_box: 0.0000
       Episode_Reward/keep_box_in_hands: 0.0000
      Episode_Reward/carry_box_to_shelf: 0.0000
      Episode_Reward/place_box_on_shelf: 0.0000
             Episode_Reward/box_upright: 0.0155
    Episode_Reward/foot_contact_balance: 0.0333
             Episode_Reward/object_drop: 0.0000
        Episode_Metrics/mean_action_acc: 1.4533
         Curriculum/box_transport_stage: 0.0000
     Metrics/box_transport/box_to_shelf: 1.1097
           Episode_Termination/time_out: 0.0000
          Episode_Termination/fell_over: 0.0000
        Episode_Termination/box_dropped: 0.0000
        Episode_Termination/box_too_far: 0.0000
Episode_Termination/bad_torso_orientation: 1.0000
          Metrics/angular_momentum_mean: 2.3170
             Metrics/slip_velocity_mean: 0.3373
             Metrics/landing_force_mean: 187.9667
--------------------------------------------------------------------------------
                         Iteration time: 11.38s
                           Time elapsed: 00:36:12
                                    ETA: 00:02:31

################################################################################
[1m                           Learning iteration 187/200                           [0m 

                            Total steps: 72192 
                       Steps per second: 29 
                        Collection time: 12.874s 
                          Learning time: 0.168s 
                        Mean value loss: 0.0162
                    Mean surrogate loss: -0.0680
                      Mean entropy loss: 33.6333
                            Mean reward: -5.39
                    Mean episode length: 36.46
                        Mean action std: 0.77
     Episode_Reward/body_orientation_l2: -0.0065
            Episode_Reward/body_ang_vel: -0.0120
        Episode_Reward/angular_momentum: -0.0151
           Episode_Reward/is_terminated: -0.3333
            Episode_Reward/joint_acc_l2: -0.0150
        Episode_Reward/joint_pos_limits: -0.0063
          Episode_Reward/action_rate_l2: -0.1205
          Episode_Reward/foot_clearance: -0.0047
               Episode_Reward/foot_slip: -0.0040
            Episode_Reward/soft_landing: -0.0075
         Episode_Reward/self_collisions: -0.0107
    Episode_Reward/base_distance_to_box: 0.0245
               Episode_Reward/reach_box: 0.0033
                Episode_Reward/lift_box: 0.0000
       Episode_Reward/keep_box_in_hands: 0.0000
      Episode_Reward/carry_box_to_shelf: 0.0000
      Episode_Reward/place_box_on_shelf: 0.0000
             Episode_Reward/box_upright: 0.0140
    Episode_Reward/foot_contact_balance: 0.0306
             Episode_Reward/object_drop: 0.0000
        Episode_Metrics/mean_action_acc: 1.4732
         Curriculum/box_transport_stage: 0.0000
     Metrics/box_transport/box_to_shelf: 1.1585
           Episode_Termination/time_out: 0.0000
          Episode_Termination/fell_over: 0.0000
        Episode_Termination/box_dropped: 0.0000
        Episode_Termination/box_too_far: 0.0000
Episode_Termination/bad_torso_orientation: 1.1667
          Metrics/angular_momentum_mean: 3.0354
             Metrics/slip_velocity_mean: 0.3014
             Metrics/landing_force_mean: 259.7455
--------------------------------------------------------------------------------
                         Iteration time: 13.04s
                           Time elapsed: 00:36:25
                                    ETA: 00:02:19

################################################################################
[1m                           Learning iteration 188/200                           [0m 

                            Total steps: 72576 
                       Steps per second: 32 
                        Collection time: 11.649s 
                          Learning time: 0.132s 
                        Mean value loss: 0.0079
                    Mean surrogate loss: -0.0709
                      Mean entropy loss: 33.6249
                            Mean reward: -5.41
                    Mean episode length: 36.92
                        Mean action std: 0.77
     Episode_Reward/body_orientation_l2: -0.0072
            Episode_Reward/body_ang_vel: -0.0128
        Episode_Reward/angular_momentum: -0.0141
           Episode_Reward/is_terminated: -0.3333
            Episode_Reward/joint_acc_l2: -0.0153
        Episode_Reward/joint_pos_limits: -0.0074
          Episode_Reward/action_rate_l2: -0.1268
          Episode_Reward/foot_clearance: -0.0051
               Episode_Reward/foot_slip: -0.0039
            Episode_Reward/soft_landing: -0.0083
         Episode_Reward/self_collisions: -0.0090
    Episode_Reward/base_distance_to_box: 0.0208
               Episode_Reward/reach_box: 0.0029
                Episode_Reward/lift_box: 0.0000
       Episode_Reward/keep_box_in_hands: 0.0000
      Episode_Reward/carry_box_to_shelf: 0.0000
      Episode_Reward/place_box_on_shelf: 0.0000
             Episode_Reward/box_upright: 0.0145
    Episode_Reward/foot_contact_balance: 0.0303
             Episode_Reward/object_drop: 0.0000
        Episode_Metrics/mean_action_acc: 1.4732
         Curriculum/box_transport_stage: 0.0000
     Metrics/box_transport/box_to_shelf: 1.1497
           Episode_Termination/time_out: 0.0000
          Episode_Termination/fell_over: 0.0000
        Episode_Termination/box_dropped: 0.0000
        Episode_Termination/box_too_far: 0.0000
Episode_Termination/bad_torso_orientation: 1.2083
          Metrics/angular_momentum_mean: 2.2045
             Metrics/slip_velocity_mean: 0.3204
             Metrics/landing_force_mean: 209.9934
--------------------------------------------------------------------------------
                         Iteration time: 11.78s
                           Time elapsed: 00:36:37
                                    ETA: 00:02:07

################################################################################
[1m                           Learning iteration 189/200                           [0m 

                            Total steps: 72960 
                       Steps per second: 35 
                        Collection time: 10.747s 
                          Learning time: 0.130s 
                        Mean value loss: 0.0054
                    Mean surrogate loss: -0.0734
                      Mean entropy loss: 33.6127
                            Mean reward: -5.44
                    Mean episode length: 37.68
                        Mean action std: 0.77
     Episode_Reward/body_orientation_l2: -0.0043
            Episode_Reward/body_ang_vel: -0.0093
        Episode_Reward/angular_momentum: -0.0103
           Episode_Reward/is_terminated: -0.3333
            Episode_Reward/joint_acc_l2: -0.0153
        Episode_Reward/joint_pos_limits: -0.0074
          Episode_Reward/action_rate_l2: -0.1130
          Episode_Reward/foot_clearance: -0.0044
               Episode_Reward/foot_slip: -0.0038
            Episode_Reward/soft_landing: -0.0064
         Episode_Reward/self_collisions: -0.0042
    Episode_Reward/base_distance_to_box: 0.0157
               Episode_Reward/reach_box: 0.0024
                Episode_Reward/lift_box: 0.0000
       Episode_Reward/keep_box_in_hands: 0.0000
      Episode_Reward/carry_box_to_shelf: 0.0000
      Episode_Reward/place_box_on_shelf: 0.0000
             Episode_Reward/box_upright: 0.0121
    Episode_Reward/foot_contact_balance: 0.0290
             Episode_Reward/object_drop: 0.0000
        Episode_Metrics/mean_action_acc: 1.4713
         Curriculum/box_transport_stage: 0.0000
     Metrics/box_transport/box_to_shelf: 1.1474
           Episode_Termination/time_out: 0.0000
          Episode_Termination/fell_over: 0.0000
        Episode_Termination/box_dropped: 0.0000
        Episode_Termination/box_too_far: 0.0000
Episode_Termination/bad_torso_orientation: 1.3750
          Metrics/angular_momentum_mean: 2.2976
             Metrics/slip_velocity_mean: 0.3154
             Metrics/landing_force_mean: 199.3999
--------------------------------------------------------------------------------
                         Iteration time: 10.88s
                           Time elapsed: 00:36:48
                                    ETA: 00:01:56

################################################################################
[1m                           Learning iteration 190/200                           [0m 

                            Total steps: 73344 
                       Steps per second: 34 
                        Collection time: 10.950s 
                          Learning time: 0.128s 
                        Mean value loss: 0.0146
                    Mean surrogate loss: -0.0771
                      Mean entropy loss: 33.6033
                            Mean reward: -5.51
                    Mean episode length: 39.23
                        Mean action std: 0.77
     Episode_Reward/body_orientation_l2: -0.0072
            Episode_Reward/body_ang_vel: -0.0130
        Episode_Reward/angular_momentum: -0.0254
           Episode_Reward/is_terminated: -0.3333
            Episode_Reward/joint_acc_l2: -0.0185
        Episode_Reward/joint_pos_limits: -0.0064
          Episode_Reward/action_rate_l2: -0.1363
          Episode_Reward/foot_clearance: -0.0055
               Episode_Reward/foot_slip: -0.0053
            Episode_Reward/soft_landing: -0.0076
         Episode_Reward/self_collisions: -0.0134
    Episode_Reward/base_distance_to_box: 0.0260
               Episode_Reward/reach_box: 0.0039
                Episode_Reward/lift_box: 0.0000
       Episode_Reward/keep_box_in_hands: 0.0000
      Episode_Reward/carry_box_to_shelf: 0.0000
      Episode_Reward/place_box_on_shelf: 0.0000
             Episode_Reward/box_upright: 0.0138
    Episode_Reward/foot_contact_balance: 0.0338
             Episode_Reward/object_drop: 0.0000
        Episode_Metrics/mean_action_acc: 1.5046
         Curriculum/box_transport_stage: 0.0000
     Metrics/box_transport/box_to_shelf: 1.0964
           Episode_Termination/time_out: 0.0000
          Episode_Termination/fell_over: 0.0000
        Episode_Termination/box_dropped: 0.0000
        Episode_Termination/box_too_far: 0.0000
Episode_Termination/bad_torso_orientation: 1.0833
          Metrics/angular_momentum_mean: 3.6831
             Metrics/slip_velocity_mean: 0.2975
             Metrics/landing_force_mean: 208.8387
--------------------------------------------------------------------------------
                         Iteration time: 11.08s
                           Time elapsed: 00:36:59
                                    ETA: 00:01:44

################################################################################
[1m                           Learning iteration 191/200                           [0m 

                            Total steps: 73728 
                       Steps per second: 33 
                        Collection time: 11.298s 
                          Learning time: 0.165s 
                        Mean value loss: 0.0084
                    Mean surrogate loss: -0.0734
                      Mean entropy loss: 33.5989
                            Mean reward: -5.54
                    Mean episode length: 39.85
                        Mean action std: 0.77
     Episode_Reward/body_orientation_l2: -0.0111
            Episode_Reward/body_ang_vel: -0.0161
        Episode_Reward/angular_momentum: -0.0306
           Episode_Reward/is_terminated: -0.3333
            Episode_Reward/joint_acc_l2: -0.0191
        Episode_Reward/joint_pos_limits: -0.0047
          Episode_Reward/action_rate_l2: -0.1404
          Episode_Reward/foot_clearance: -0.0061
               Episode_Reward/foot_slip: -0.0044
            Episode_Reward/soft_landing: -0.0104
         Episode_Reward/self_collisions: -0.0150
    Episode_Reward/base_distance_to_box: 0.0311
               Episode_Reward/reach_box: 0.0049
                Episode_Reward/lift_box: 0.0000
       Episode_Reward/keep_box_in_hands: 0.0000
      Episode_Reward/carry_box_to_shelf: 0.0000
      Episode_Reward/place_box_on_shelf: 0.0000
             Episode_Reward/box_upright: 0.0151
    Episode_Reward/foot_contact_balance: 0.0321
             Episode_Reward/object_drop: 0.0000
        Episode_Metrics/mean_action_acc: 1.5081
         Curriculum/box_transport_stage: 0.0000
     Metrics/box_transport/box_to_shelf: 1.1299
           Episode_Termination/time_out: 0.0000
          Episode_Termination/fell_over: 0.0000
        Episode_Termination/box_dropped: 0.0000
        Episode_Termination/box_too_far: 0.0000
Episode_Termination/bad_torso_orientation: 1.1667
          Metrics/angular_momentum_mean: 2.1561
             Metrics/slip_velocity_mean: 0.2639
             Metrics/landing_force_mean: 247.2850
--------------------------------------------------------------------------------
                         Iteration time: 11.46s
                           Time elapsed: 00:37:10
                                    ETA: 00:01:32

################################################################################
[1m                           Learning iteration 192/200                           [0m 

                            Total steps: 74112 
                       Steps per second: 35 
                        Collection time: 10.613s 
                          Learning time: 0.115s 
                        Mean value loss: 0.0178
                    Mean surrogate loss: -0.0601
                      Mean entropy loss: 33.5920
                            Mean reward: -5.59
                    Mean episode length: 40.66
                        Mean action std: 0.77
     Episode_Reward/body_orientation_l2: -0.0093
            Episode_Reward/body_ang_vel: -0.0170
        Episode_Reward/angular_momentum: -0.0209
           Episode_Reward/is_terminated: -0.3333
            Episode_Reward/joint_acc_l2: -0.0187
        Episode_Reward/joint_pos_limits: -0.0044
          Episode_Reward/action_rate_l2: -0.1454
          Episode_Reward/foot_clearance: -0.0054
               Episode_Reward/foot_slip: -0.0042
            Episode_Reward/soft_landing: -0.0091
         Episode_Reward/self_collisions: -0.0060
    Episode_Reward/base_distance_to_box: 0.0274
               Episode_Reward/reach_box: 0.0039
                Episode_Reward/lift_box: 0.0000
       Episode_Reward/keep_box_in_hands: 0.0000
      Episode_Reward/carry_box_to_shelf: 0.0000
      Episode_Reward/place_box_on_shelf: 0.0000
             Episode_Reward/box_upright: 0.0156
    Episode_Reward/foot_contact_balance: 0.0340
             Episode_Reward/object_drop: 0.0000
        Episode_Metrics/mean_action_acc: 1.5164
         Curriculum/box_transport_stage: 0.0000
     Metrics/box_transport/box_to_shelf: 1.1625
           Episode_Termination/time_out: 0.0000
          Episode_Termination/fell_over: 0.0000
        Episode_Termination/box_dropped: 0.0000
        Episode_Termination/box_too_far: 0.0000
Episode_Termination/bad_torso_orientation: 1.0000
          Metrics/angular_momentum_mean: 2.9191
             Metrics/slip_velocity_mean: 0.2825
             Metrics/landing_force_mean: 238.7678
--------------------------------------------------------------------------------
                         Iteration time: 10.73s
                           Time elapsed: 00:37:21
                                    ETA: 00:01:21

################################################################################
[1m                           Learning iteration 193/200                           [0m 

                            Total steps: 74496 
                       Steps per second: 30 
                        Collection time: 12.626s 
                          Learning time: 0.142s 
                        Mean value loss: 0.0152
                    Mean surrogate loss: -0.0689
                      Mean entropy loss: 33.5851
                            Mean reward: -5.67
                    Mean episode length: 42.17
                        Mean action std: 0.77
     Episode_Reward/body_orientation_l2: -0.0070
            Episode_Reward/body_ang_vel: -0.0137
        Episode_Reward/angular_momentum: -0.0209
           Episode_Reward/is_terminated: -0.3333
            Episode_Reward/joint_acc_l2: -0.0157
        Episode_Reward/joint_pos_limits: -0.0062
          Episode_Reward/action_rate_l2: -0.1287
          Episode_Reward/foot_clearance: -0.0051
               Episode_Reward/foot_slip: -0.0043
            Episode_Reward/soft_landing: -0.0082
         Episode_Reward/self_collisions: -0.0061
    Episode_Reward/base_distance_to_box: 0.0195
               Episode_Reward/reach_box: 0.0035
                Episode_Reward/lift_box: 0.0000
       Episode_Reward/keep_box_in_hands: 0.0000
      Episode_Reward/carry_box_to_shelf: 0.0000
      Episode_Reward/place_box_on_shelf: 0.0000
             Episode_Reward/box_upright: 0.0142
    Episode_Reward/foot_contact_balance: 0.0316
             Episode_Reward/object_drop: 0.0000
        Episode_Metrics/mean_action_acc: 1.4867
         Curriculum/box_transport_stage: 0.0000
     Metrics/box_transport/box_to_shelf: 1.1750
           Episode_Termination/time_out: 0.0000
          Episode_Termination/fell_over: 0.0000
        Episode_Termination/box_dropped: 0.0000
        Episode_Termination/box_too_far: 0.0000
Episode_Termination/bad_torso_orientation: 1.2083
          Metrics/angular_momentum_mean: 2.9734
             Metrics/slip_velocity_mean: 0.3045
             Metrics/landing_force_mean: 223.1264
--------------------------------------------------------------------------------
                         Iteration time: 12.77s
                           Time elapsed: 00:37:34
                                    ETA: 00:01:09

################################################################################
[1m                           Learning iteration 194/200                           [0m 

                            Total steps: 74880 
                       Steps per second: 32 
                        Collection time: 11.777s 
                          Learning time: 0.128s 
                        Mean value loss: 0.0060
                    Mean surrogate loss: -0.0777
                      Mean entropy loss: 33.5798
                            Mean reward: -5.70
                    Mean episode length: 42.55
                        Mean action std: 0.77
     Episode_Reward/body_orientation_l2: -0.0077
            Episode_Reward/body_ang_vel: -0.0125
        Episode_Reward/angular_momentum: -0.0177
           Episode_Reward/is_terminated: -0.3333
            Episode_Reward/joint_acc_l2: -0.0146
        Episode_Reward/joint_pos_limits: -0.0032
          Episode_Reward/action_rate_l2: -0.1159
          Episode_Reward/foot_clearance: -0.0054
               Episode_Reward/foot_slip: -0.0044
            Episode_Reward/soft_landing: -0.0090
         Episode_Reward/self_collisions: -0.0041
    Episode_Reward/base_distance_to_box: 0.0201
               Episode_Reward/reach_box: 0.0034
                Episode_Reward/lift_box: 0.0000
       Episode_Reward/keep_box_in_hands: 0.0000
      Episode_Reward/carry_box_to_shelf: 0.0000
      Episode_Reward/place_box_on_shelf: 0.0000
             Episode_Reward/box_upright: 0.0134
    Episode_Reward/foot_contact_balance: 0.0287
             Episode_Reward/object_drop: 0.0000
        Episode_Metrics/mean_action_acc: 1.4997
         Curriculum/box_transport_stage: 0.0000
     Metrics/box_transport/box_to_shelf: 1.1856
           Episode_Termination/time_out: 0.0000
          Episode_Termination/fell_over: 0.0000
        Episode_Termination/box_dropped: 0.0000
        Episode_Termination/box_too_far: 0.0000
Episode_Termination/bad_torso_orientation: 1.1250
          Metrics/angular_momentum_mean: 2.5728
             Metrics/slip_velocity_mean: 0.3302
             Metrics/landing_force_mean: 258.9939
--------------------------------------------------------------------------------
                         Iteration time: 11.90s
                           Time elapsed: 00:37:46
                                    ETA: 00:00:58

################################################################################
[1m                           Learning iteration 195/200                           [0m 

                            Total steps: 75264 
                       Steps per second: 33 
                        Collection time: 11.219s 
                          Learning time: 0.123s 
                        Mean value loss: 0.0080
                    Mean surrogate loss: -0.0813
                      Mean entropy loss: 33.5751
                            Mean reward: -5.72
                    Mean episode length: 42.98
                        Mean action std: 0.77
     Episode_Reward/body_orientation_l2: -0.0079
            Episode_Reward/body_ang_vel: -0.0128
        Episode_Reward/angular_momentum: -0.0134
           Episode_Reward/is_terminated: -0.3333
            Episode_Reward/joint_acc_l2: -0.0151
        Episode_Reward/joint_pos_limits: -0.0026
          Episode_Reward/action_rate_l2: -0.1238
          Episode_Reward/foot_clearance: -0.0053
               Episode_Reward/foot_slip: -0.0043
            Episode_Reward/soft_landing: -0.0062
         Episode_Reward/self_collisions: -0.0035
    Episode_Reward/base_distance_to_box: 0.0145
               Episode_Reward/reach_box: 0.0032
                Episode_Reward/lift_box: 0.0000
       Episode_Reward/keep_box_in_hands: 0.0000
      Episode_Reward/carry_box_to_shelf: 0.0000
      Episode_Reward/place_box_on_shelf: 0.0000
             Episode_Reward/box_upright: 0.0145
    Episode_Reward/foot_contact_balance: 0.0322
             Episode_Reward/object_drop: 0.0000
        Episode_Metrics/mean_action_acc: 1.4642
         Curriculum/box_transport_stage: 0.0000
     Metrics/box_transport/box_to_shelf: 1.1157
           Episode_Termination/time_out: 0.0000
          Episode_Termination/fell_over: 0.0000
        Episode_Termination/box_dropped: 0.0000
        Episode_Termination/box_too_far: 0.0000
Episode_Termination/bad_torso_orientation: 1.1250
          Metrics/angular_momentum_mean: 2.5658
             Metrics/slip_velocity_mean: 0.3067
             Metrics/landing_force_mean: 252.4751
--------------------------------------------------------------------------------
                         Iteration time: 11.34s
                           Time elapsed: 00:37:57
                                    ETA: 00:00:46

################################################################################
[1m                           Learning iteration 196/200                           [0m 

                            Total steps: 75648 
                       Steps per second: 31 
                        Collection time: 12.051s 
                          Learning time: 0.161s 
                        Mean value loss: 0.0055
                    Mean surrogate loss: -0.0789
                      Mean entropy loss: 33.5680
                            Mean reward: -5.71
                    Mean episode length: 43.16
                        Mean action std: 0.77
     Episode_Reward/body_orientation_l2: -0.0077
            Episode_Reward/body_ang_vel: -0.0147
        Episode_Reward/angular_momentum: -0.0232
           Episode_Reward/is_terminated: -0.3333
            Episode_Reward/joint_acc_l2: -0.0198
        Episode_Reward/joint_pos_limits: -0.0039
          Episode_Reward/action_rate_l2: -0.1454
          Episode_Reward/foot_clearance: -0.0060
               Episode_Reward/foot_slip: -0.0051
            Episode_Reward/soft_landing: -0.0094
         Episode_Reward/self_collisions: -0.0029
    Episode_Reward/base_distance_to_box: 0.0301
               Episode_Reward/reach_box: 0.0044
                Episode_Reward/lift_box: 0.0000
       Episode_Reward/keep_box_in_hands: 0.0000
      Episode_Reward/carry_box_to_shelf: 0.0000
      Episode_Reward/place_box_on_shelf: 0.0000
             Episode_Reward/box_upright: 0.0150
    Episode_Reward/foot_contact_balance: 0.0330
             Episode_Reward/object_drop: 0.0000
        Episode_Metrics/mean_action_acc: 1.5074
         Curriculum/box_transport_stage: 0.0000
     Metrics/box_transport/box_to_shelf: 1.1826
           Episode_Termination/time_out: 0.0000
          Episode_Termination/fell_over: 0.0000
        Episode_Termination/box_dropped: 0.0000
        Episode_Termination/box_too_far: 0.0000
Episode_Termination/bad_torso_orientation: 1.0000
          Metrics/angular_momentum_mean: 2.7575
             Metrics/slip_velocity_mean: 0.3198
             Metrics/landing_force_mean: 255.3830
--------------------------------------------------------------------------------
                         Iteration time: 12.21s
                           Time elapsed: 00:38:09
                                    ETA: 00:00:34

################################################################################
[1m                           Learning iteration 197/200                           [0m 

                            Total steps: 76032 
                       Steps per second: 34 
                        Collection time: 10.993s 
                          Learning time: 0.147s 
                        Mean value loss: 0.0067
                    Mean surrogate loss: -0.0744
                      Mean entropy loss: 33.5601
                            Mean reward: -5.72
                    Mean episode length: 43.01
                        Mean action std: 0.77
     Episode_Reward/body_orientation_l2: -0.0052
            Episode_Reward/body_ang_vel: -0.0153
        Episode_Reward/angular_momentum: -0.0183
           Episode_Reward/is_terminated: -0.3333
            Episode_Reward/joint_acc_l2: -0.0142
        Episode_Reward/joint_pos_limits: -0.0054
          Episode_Reward/action_rate_l2: -0.1123
          Episode_Reward/foot_clearance: -0.0047
               Episode_Reward/foot_slip: -0.0038
            Episode_Reward/soft_landing: -0.0066
         Episode_Reward/self_collisions: -0.0048
    Episode_Reward/base_distance_to_box: 0.0096
               Episode_Reward/reach_box: 0.0014
                Episode_Reward/lift_box: 0.0000
       Episode_Reward/keep_box_in_hands: 0.0000
      Episode_Reward/carry_box_to_shelf: 0.0000
      Episode_Reward/place_box_on_shelf: 0.0000
             Episode_Reward/box_upright: 0.0130
    Episode_Reward/foot_contact_balance: 0.0286
             Episode_Reward/object_drop: 0.0000
        Episode_Metrics/mean_action_acc: 1.4614
         Curriculum/box_transport_stage: 0.0000
     Metrics/box_transport/box_to_shelf: 1.1010
           Episode_Termination/time_out: 0.0000
          Episode_Termination/fell_over: 0.0000
        Episode_Termination/box_dropped: 0.0000
        Episode_Termination/box_too_far: 0.0000
Episode_Termination/bad_torso_orientation: 1.0000
          Metrics/angular_momentum_mean: 2.4836
             Metrics/slip_velocity_mean: 0.3408
             Metrics/landing_force_mean: 253.4349
--------------------------------------------------------------------------------
                         Iteration time: 11.14s
                           Time elapsed: 00:38:21
                                    ETA: 00:00:23

################################################################################
[1m                           Learning iteration 198/200                           [0m 

                            Total steps: 76416 
                       Steps per second: 33 
                        Collection time: 11.321s 
                          Learning time: 0.129s 
                        Mean value loss: 0.0039
                    Mean surrogate loss: -0.0710
                      Mean entropy loss: 33.5558
                            Mean reward: -5.75
                    Mean episode length: 43.71
                        Mean action std: 0.77
     Episode_Reward/body_orientation_l2: -0.0085
            Episode_Reward/body_ang_vel: -0.0131
        Episode_Reward/angular_momentum: -0.0115
           Episode_Reward/is_terminated: -0.3333
            Episode_Reward/joint_acc_l2: -0.0159
        Episode_Reward/joint_pos_limits: -0.0033
          Episode_Reward/action_rate_l2: -0.1254
          Episode_Reward/foot_clearance: -0.0054
               Episode_Reward/foot_slip: -0.0047
            Episode_Reward/soft_landing: -0.0085
         Episode_Reward/self_collisions: -0.0037
    Episode_Reward/base_distance_to_box: 0.0200
               Episode_Reward/reach_box: 0.0030
                Episode_Reward/lift_box: 0.0000
       Episode_Reward/keep_box_in_hands: 0.0000
      Episode_Reward/carry_box_to_shelf: 0.0000
      Episode_Reward/place_box_on_shelf: 0.0000
             Episode_Reward/box_upright: 0.0133
    Episode_Reward/foot_contact_balance: 0.0306
             Episode_Reward/object_drop: 0.0000
        Episode_Metrics/mean_action_acc: 1.4882
         Curriculum/box_transport_stage: 0.0000
     Metrics/box_transport/box_to_shelf: 1.1374
           Episode_Termination/time_out: 0.0000
          Episode_Termination/fell_over: 0.0000
        Episode_Termination/box_dropped: 0.0000
        Episode_Termination/box_too_far: 0.0000
Episode_Termination/bad_torso_orientation: 1.2500
          Metrics/angular_momentum_mean: 2.0339
             Metrics/slip_velocity_mean: 0.3363
             Metrics/landing_force_mean: 269.3307
--------------------------------------------------------------------------------
                         Iteration time: 11.45s
                           Time elapsed: 00:38:32
                                    ETA: 00:00:11

################################################################################
[1m                           Learning iteration 199/200                           [0m 

                            Total steps: 76800 
                       Steps per second: 33 
                        Collection time: 11.196s 
                          Learning time: 0.130s 
                        Mean value loss: 0.0049
                    Mean surrogate loss: -0.0717
                      Mean entropy loss: 33.5500
                            Mean reward: -5.73
                    Mean episode length: 43.35
                        Mean action std: 0.77
     Episode_Reward/body_orientation_l2: -0.0071
            Episode_Reward/body_ang_vel: -0.0111
        Episode_Reward/angular_momentum: -0.0119
           Episode_Reward/is_terminated: -0.3333
            Episode_Reward/joint_acc_l2: -0.0158
        Episode_Reward/joint_pos_limits: -0.0050
          Episode_Reward/action_rate_l2: -0.1268
          Episode_Reward/foot_clearance: -0.0051
               Episode_Reward/foot_slip: -0.0043
            Episode_Reward/soft_landing: -0.0087
         Episode_Reward/self_collisions: -0.0022
    Episode_Reward/base_distance_to_box: 0.0148
               Episode_Reward/reach_box: 0.0018
                Episode_Reward/lift_box: 0.0000
       Episode_Reward/keep_box_in_hands: 0.0000
      Episode_Reward/carry_box_to_shelf: 0.0000
      Episode_Reward/place_box_on_shelf: 0.0000
             Episode_Reward/box_upright: 0.0142
    Episode_Reward/foot_contact_balance: 0.0307
             Episode_Reward/object_drop: 0.0000
        Episode_Metrics/mean_action_acc: 1.4965
         Curriculum/box_transport_stage: 0.0000
     Metrics/box_transport/box_to_shelf: 1.1720
           Episode_Termination/time_out: 0.0000
          Episode_Termination/fell_over: 0.0000
        Episode_Termination/box_dropped: 0.0000
        Episode_Termination/box_too_far: 0.0000
Episode_Termination/bad_torso_orientation: 1.5000
          Metrics/angular_momentum_mean: 2.4090
             Metrics/slip_velocity_mean: 0.2766
             Metrics/landing_force_mean: 195.3001
--------------------------------------------------------------------------------
                         Iteration time: 11.33s
                           Time elapsed: 00:38:43
                                    ETA: 00:00:00

